a	b	label
40	17424	1
23	22675	1
4	11435	-1
49	8751	-1
16	4880	1
42	12336	1
39	28998	-1
39	7621	-1
40	19092	-1
46	16350	1
6	1296	1
46	17629	1
12	10160	-1
7	29003	1
30	16749	-1
6	2329	-1
16	9111	1
25	29045	-1
11	29367	-1
21	23505	-1
8	3814	1
25	28998	1
48	30896	-1
9	24523	-1
28	21026	-1
28	17187	1
17	10426	1
11	7871	-1
4	30015	1
32	25839	-1
24	9739	-1
43	25476	1
26	20588	-1
8	30188	-1
43	31077	-1
8	14846	-1
17	27429	-1
46	20955	1
46	29645	1
17	5728	1
0	12812	1
10	24564	-1
48	26444	-1
43	10174	1
40	22333	1
46	7258	-1
13	21804	-1
46	13365	-1
20	23779	-1
28	7097	-1
14	13196	1
28	2643	1
48	28354	1
24	18427	-1
10	543	-1
23	14068	-1
29	30059	1
43	29182	1
34	14541	-1
48	28250	-1
48	5458	-1
45	14357	-1
4	18759	1
1	9007	-1
46	25753	-1
18	13276	-1
28	27730	-1
1	15613	1
44	12692	1
49	12245	1
5	15596	-1
9	12947	1
45	14176	-1
42	18093	1
15	3557	1
13	21993	1
27	15341	-1
4	11213	1
49	16781	-1
46	18565	1
39	6856	-1
38	15058	-1
45	16720	-1
32	21646	-1
21	9322	-1
25	13347	-1
48	13188	1
13	41	1
46	19165	1
12	5867	-1
26	5052	1
27	13535	-1
41	21639	-1
49	26861	-1
45	6186	1
13	21212	1
7	19272	-1
5	27096	-1
35	21529	-1
38	25485	-1
37	105	-1
9	7087	-1
40	2400	-1
5	26049	1
24	4772	-1
30	11048	-1
16	26565	1
0	24644	1
38	18540	-1
16	28170	1
25	9352	-1
5	30461	1
38	8847	-1
37	26959	-1
43	12490	1
16	27559	-1
42	11290	1
33	22858	-1
41	10717	-1
30	23276	-1
26	18150	1
43	11585	1
15	8981	1
44	14679	-1
9	11940	1
37	8393	1
40	29575	1
8	21269	1
41	3557	-1
19	132	-1
41	18431	-1
19	7253	1
8	7897	1
5	29288	1
8	12905	-1
1	8092	-1
22	13275	-1
18	22846	-1
17	18453	-1
1	24874	1
16	10392	-1
2	7236	-1
36	26151	1
23	2812	-1
29	17104	-1
46	30886	-1
25	25175	-1
7	5781	1
19	25798	-1
10	14627	1
1	20602	1
5	22194	-1
41	29058	-1
43	26247	1
27	749	-1
46	7518	1
11	8552	-1
43	24000	1
31	552	-1
15	22566	-1
46	4673	1
41	18809	1
8	2028	1
13	16487	1
40	7601	-1
8	13661	1
40	11703	1
1	8142	-1
30	18507	1
12	18640	-1
43	588	1
43	28188	1
0	22586	-1
42	10413	1
24	12032	1
48	25178	1
35	9210	1
43	1028	1
44	13768	-1
25	14900	-1
30	10498	-1
31	11989	-1
45	14465	1
48	6648	1
27	15037	-1
37	18816	-1
25	7333	1
28	28642	1
13	2576	1
23	14905	1
28	4004	-1
16	24613	1
47	11516	-1
6	28407	-1
13	16579	-1
5	29013	1
48	2566	1
9	19402	-1
23	8570	1
47	19024	-1
16	1975	1
43	23270	1
40	15910	1
30	25128	-1
43	28123	1
5	2808	1
8	23027	-1
27	18649	-1
49	5953	-1
46	10033	-1
18	19591	1
4	29592	1
29	30177	-1
48	12505	-1
23	30327	-1
11	3411	-1
44	18523	-1
26	2182	1
47	10055	-1
18	22325	1
46	13510	1
4	2558	1
40	26730	1
13	25446	-1
46	25881	-1
48	7016	1
8	14107	1
6	14398	1
5	14741	1
18	28667	-1
32	13342	-1
6	18109	1
27	21086	-1
43	20567	1
31	20474	-1
10	14324	1
23	18703	1
23	4962	-1
10	5489	1
19	20328	-1
19	14265	-1
42	31050	1
22	10436	-1
36	18582	1
23	10472	1
20	17142	-1
48	22658	1
43	3154	1
4	11159	-1
33	21777	-1
22	18449	-1
48	14050	1
4	7856	-1
40	4874	1
30	21797	-1
11	10135	-1
46	18369	1
8	24910	1
48	18158	1
46	8079	1
4	14836	1
8	12135	-1
24	25283	-1
7	10096	-1
42	30444	1
14	26543	-1
42	227	1
40	26042	1
21	20150	1
43	27666	1
14	12401	1
46	25854	1
13	2881	-1
27	29657	-1
22	22123	-1
43	27389	1
8	30410	1
49	30076	-1
23	27692	-1
12	18554	-1
40	21860	1
13	28341	1
17	19928	1
44	7681	-1
36	8204	-1
18	10829	1
26	2072	-1
17	30814	-1
13	14977	1
4	22393	-1
13	12693	1
22	21176	-1
20	5916	-1
3	28947	-1
20	22194	-1
34	26773	1
1	30346	1
44	27414	-1
8	21426	-1
12	17216	1
26	15523	-1
43	21877	1
48	21269	1
10	12991	-1
42	4828	1
16	19158	1
18	18263	1
48	29825	1
37	19039	-1
33	26667	-1
13	4183	1
7	5439	-1
11	25378	-1
43	7953	-1
9	9515	-1
16	2250	-1
18	29181	1
16	14841	-1
41	9201	-1
6	26689	1
34	28842	-1
19	23508	-1
43	11364	1
30	27822	1
43	20632	1
29	25886	1
31	17253	-1
4	13651	-1
7	15073	-1
0	18798	-1
45	15472	1
9	10688	1
43	24489	1
2	25669	-1
9	4239	-1
35	11548	-1
27	10386	-1
46	18988	1
1	20050	1
47	28859	-1
23	4302	1
13	26848	1
18	22887	1
20	4402	-1
7	28701	-1
40	14102	-1
23	29208	-1
14	7569	1
49	11114	-1
22	21003	-1
46	25683	-1
44	6149	-1
43	12801	1
6	26630	1
40	9714	1
9	15779	-1
32	24004	-1
17	21840	1
16	30159	1
6	3514	1
13	8154	1
21	13	1
17	28008	-1
6	13965	1
1	16411	-1
1	28864	1
43	17073	1
20	21689	1
39	15867	-1
18	26785	1
45	3457	-1
41	8166	-1
4	5516	-1
8	29927	1
13	16704	1
16	18075	-1
32	8635	1
43	3253	1
15	16509	-1
34	19915	-1
34	29633	-1
36	24746	-1
5	10203	1
31	8393	-1
23	28185	-1
25	24554	1
48	22352	1
2	26504	-1
21	22076	-1
28	2772	-1
8	14966	1
45	7225	1
38	16681	-1
45	2524	1
49	9673	1
9	26938	-1
27	6674	-1
32	3964	1
45	23217	-1
24	2375	-1
46	18118	1
6	1717	1
36	30020	1
13	15713	1
28	1332	1
35	23840	-1
21	30558	1
18	17817	-1
15	19895	-1
48	30857	1
48	28033	1
35	31016	1
9	23219	1
0	8942	1
45	16086	-1
40	7213	1
5	13494	-1
36	19335	-1
8	19018	-1
42	28309	-1
2	25583	-1
42	1725	-1
43	6140	1
16	3534	1
46	19203	-1
3	5865	-1
43	17177	1
11	5101	-1
22	12972	-1
4	16905	-1
8	5930	1
8	20099	-1
6	2491	1
40	5267	1
6	4138	1
36	30271	-1
35	9072	-1
8	1238	1
8	30167	1
48	19436	1
35	3011	-1
40	28064	1
22	12922	-1
17	30232	-1
4	11523	-1
43	11319	-1
40	514	-1
42	13597	1
42	24242	1
44	20563	1
40	14852	-1
18	15183	-1
38	11646	-1
40	19168	1
6	26749	1
14	12749	-1
35	18127	1
8	15262	1
10	22685	-1
46	14736	1
43	1070	-1
42	1000	1
2	29717	-1
25	1266	-1
36	7106	1
45	24305	1
43	7533	-1
42	23917	1
2	11935	-1
39	1184	-1
37	16817	-1
28	14061	-1
46	21252	1
38	18187	-1
42	3112	1
40	25519	1
44	2477	-1
25	2062	-1
36	28800	1
42	2999	1
38	19864	-1
32	22372	-1
49	7868	1
43	27299	1
6	24748	-1
33	14684	-1
40	20387	-1
23	29714	-1
6	23229	1
36	15434	1
1	1273	1
42	23033	-1
25	8664	-1
42	18600	1
5	22406	-1
13	23	1
19	15781	-1
45	20461	1
22	17754	-1
5	24584	-1
28	4302	-1
46	15880	1
33	8412	-1
4	18352	1
11	2650	-1
24	30518	-1
24	21887	-1
40	18407	-1
44	22717	-1
34	12952	-1
34	29146	-1
39	16878	-1
43	464	1
13	18689	1
21	7146	-1
6	18477	-1
6	5595	1
16	2686	-1
43	4243	1
39	2378	1
20	7651	-1
7	10168	-1
40	9039	1
38	689	-1
44	16805	-1
40	21878	-1
27	24253	-1
20	14954	1
47	10526	1
49	21678	1
43	2466	1
44	23929	1
43	31033	-1
38	7173	-1
4	24691	-1
34	18217	-1
43	30011	1
10	10314	-1
42	21634	-1
12	7966	1
24	5013	1
38	4936	1
37	14916	-1
42	17910	-1
2	12695	-1
8	3456	-1
7	9369	-1
17	11672	-1
35	28082	1
12	2236	-1
35	2971	-1
29	5651	-1
31	21248	-1
11	17396	-1
17	69	-1
31	22105	-1
35	8821	-1
36	6244	-1
21	27550	1
36	5362	-1
48	6285	1
21	501	1
49	19991	-1
49	2922	-1
46	30157	-1
2	17486	-1
7	29185	-1
43	27849	1
47	28969	-1
30	29757	-1
40	15966	-1
43	4843	-1
1	25852	-1
21	1173	-1
12	13932	-1
31	10896	-1
25	8400	-1
47	27006	1
14	5816	-1
13	17966	-1
2	7329	-1
34	8095	-1
29	14968	-1
37	22585	-1
44	24491	-1
11	25008	-1
43	29351	1
39	10434	-1
0	2296	1
18	17596	1
12	4054	-1
47	15982	-1
26	21263	-1
40	17194	1
5	19227	-1
14	16175	-1
13	3273	1
3	30158	-1
5	4190	1
43	8029	1
16	10820	1
13	5297	1
43	17758	-1
24	19790	-1
4	5597	1
18	8918	1
11	21858	-1
39	722	1
31	24497	-1
21	7214	-1
6	28854	1
37	21784	1
12	11185	1
46	4133	-1
48	7440	1
13	17055	1
43	22462	1
39	21888	-1
6	4553	1
10	21714	-1
38	13420	1
34	30874	-1
7	3254	1
9	14900	-1
45	3937	1
32	8249	1
21	3228	-1
43	18106	1
4	5486	1
9	23244	-1
48	8225	1
40	9093	1
39	1320	-1
42	2902	-1
42	16776	1
28	23772	1
26	3207	-1
29	23584	-1
5	8031	-1
38	10765	1
48	6244	1
34	30855	1
29	19713	-1
1	13636	-1
8	1265	1
27	1612	-1
13	579	1
39	8221	-1
46	28411	1
13	9152	-1
0	10689	1
48	17733	1
28	2849	-1
2	7860	-1
8	8372	1
23	13503	1
44	16150	-1
8	16204	1
11	16197	-1
35	8031	-1
39	8309	-1
22	21621	-1
48	14325	1
14	15589	-1
45	22307	-1
44	6809	-1
6	22828	1
43	9760	1
46	17960	-1
34	3243	-1
29	14052	1
16	18287	-1
48	14618	1
18	21078	1
43	5119	1
15	4070	-1
38	7211	1
41	13097	-1
9	28391	-1
17	7705	1
14	4620	1
44	19466	1
16	28343	-1
37	2854	1
19	14952	-1
15	29885	-1
43	16072	1
6	9848	1
43	1801	1
4	17919	1
12	24079	-1
2	19373	-1
35	30537	-1
10	7429	-1
23	11921	-1
43	3000	1
16	4206	1
11	6597	-1
45	10112	-1
8	7211	1
16	27896	1
16	15655	1
40	19794	1
28	19307	-1
38	4078	-1
43	12760	-1
43	19734	1
48	29422	1
46	9304	-1
48	28059	1
29	6958	-1
13	30656	1
18	2696	1
14	4649	-1
12	3130	-1
18	3656	1
6	7906	1
42	2376	1
8	19168	-1
16	15527	-1
31	9635	-1
2	7008	-1
6	22863	-1
21	22881	-1
46	16824	1
2	12517	-1
16	29429	1
14	230	-1
15	7345	-1
7	10033	-1
18	9375	-1
36	25693	-1
40	2117	-1
48	22322	-1
34	22908	-1
46	22149	1
22	25761	-1
46	15399	1
41	18703	-1
14	18272	-1
30	19554	-1
37	29957	-1
13	15629	-1
22	9211	-1
36	9223	-1
39	26238	-1
6	21859	1
8	2539	1
47	31082	-1
17	9232	1
21	13817	1
25	15648	1
4	8306	1
4	393	-1
46	25034	1
28	21457	1
9	18676	-1
46	435	-1
28	10537	1
35	27326	1
6	3248	-1
16	27451	1
13	22651	1
18	20859	1
35	702	-1
4	7087	-1
42	25145	-1
43	1263	1
4	15132	1
21	27020	-1
39	273	-1
36	13781	1
6	22485	-1
20	13995	-1
22	3709	-1
41	23238	-1
17	19075	-1
4	23040	-1
8	26598	-1
21	3643	-1
18	18950	1
42	9751	1
13	8687	-1
9	19306	1
4	20701	1
8	20270	-1
29	24489	-1
46	760	-1
36	19749	1
5	30487	1
4	11140	-1
44	23082	-1
49	30703	-1
37	25979	-1
32	9113	-1
17	22971	-1
46	9196	1
13	26326	-1
28	18322	-1
0	21898	-1
44	19933	-1
6	6727	1
4	4030	-1
41	3502	1
4	15250	1
30	29101	1
49	24742	1
28	18900	1
16	4588	-1
43	17154	1
29	30080	1
4	19177	-1
42	18585	-1
23	29843	1
17	21292	1
42	16941	1
5	25034	-1
9	28027	1
18	9913	1
10	5168	-1
17	17254	1
32	8362	1
40	6359	1
10	16170	1
37	1838	1
17	10983	-1
5	24277	-1
14	20130	1
33	13202	-1
19	6125	-1
43	23101	1
36	10195	-1
49	16592	-1
43	683	-1
43	21802	1
31	1734	-1
22	18833	-1
26	12325	1
5	19630	1
21	28721	1
42	6961	1
23	2835	1
44	14131	1
36	19237	1
23	21881	1
29	23095	-1
21	6335	-1
25	2575	-1
17	12338	1
13	12462	-1
42	3614	-1
10	27254	1
45	26109	-1
40	25477	1
0	22007	1
15	15203	-1
40	3148	-1
48	3609	-1
29	24969	-1
39	9865	1
39	23473	-1
8	2013	1
4	30684	1
11	11612	-1
37	16346	1
32	21602	-1
31	1406	-1
43	6400	1
18	30544	-1
38	2345	-1
29	16964	1
17	15331	1
47	4063	-1
40	13763	1
34	13146	-1
39	25191	1
18	6281	1
49	18942	-1
48	24310	1
9	22022	-1
40	23759	-1
32	17177	-1
44	17353	1
10	4880	-1
42	1286	-1
43	23549	1
46	28744	1
18	2677	-1
37	22439	1
35	17441	-1
29	23404	-1
28	10710	-1
16	6273	-1
40	11865	-1
44	29512	1
9	26763	1
30	14242	-1
32	1666	-1
27	11641	-1
7	29404	-1
3	8963	-1
32	13411	-1
42	3579	-1
21	1858	1
23	11733	-1
8	7713	1
1	10018	-1
40	8208	1
7	21578	1
15	16541	1
48	10025	1
21	2156	-1
13	29317	1
39	5995	1
9	24257	-1
42	15032	1
43	727	-1
48	30142	1
17	28637	-1
10	8155	-1
48	2725	1
30	13067	-1
32	30572	-1
48	13898	1
31	9132	-1
1	14698	1
30	22163	-1
2	15845	-1
13	2832	1
39	17140	-1
37	12989	-1
8	12037	1
47	5952	-1
13	22650	1
7	25761	1
18	9050	-1
49	2219	1
23	24665	1
35	10909	1
28	1991	1
7	8808	-1
42	469	1
14	11176	-1
6	15228	-1
48	30443	-1
49	25342	1
41	520	1
11	20353	-1
32	14450	1
8	15728	1
45	666	-1
32	3290	1
38	4544	-1
46	21580	1
46	28304	1
23	14491	1
27	3945	1
37	4298	1
37	21635	1
17	18993	-1
30	2895	-1
32	9003	-1
41	28287	-1
26	24030	-1
48	5334	1
2	29948	-1
16	2402	-1
30	13776	-1
32	23547	-1
45	19014	1
18	1982	1
13	7266	1
28	12607	-1
20	15284	-1
7	6632	-1
3	19568	-1
48	28210	1
17	26512	-1
7	26904	-1
25	24068	1
40	22302	1
24	19955	-1
8	20306	1
10	4798	-1
35	25365	1
36	15614	1
33	18772	-1
44	26815	1
45	3957	-1
42	26482	1
8	1669	1
31	21576	-1
49	15964	1
1	17275	1
13	30037	-1
18	27188	1
6	19436	1
41	8060	-1
17	21287	-1
38	18096	-1
16	27298	-1
32	26142	1
18	31014	-1
23	27081	-1
23	29817	-1
25	14919	-1
17	12337	-1
9	25965	1
34	18991	-1
15	8757	1
30	1197	1
45	3747	-1
46	23370	1
5	6349	1
2	27570	-1
21	23830	-1
24	8006	-1
14	27579	-1
32	9248	-1
28	387	-1
48	21582	1
47	30246	-1
8	18508	1
46	29278	-1
45	6548	-1
47	1382	-1
7	3012	1
43	15366	1
36	15320	-1
31	2402	1
35	19310	-1
29	16911	1
0	459	-1
35	26044	-1
7	4756	1
48	22551	1
1	11592	-1
12	1892	-1
20	10861	-1
3	27818	-1
43	30230	1
25	22430	-1
17	19088	1
42	26161	-1
42	3304	1
15	19925	-1
5	28722	-1
15	10520	-1
47	11345	-1
21	284	-1
19	23660	-1
9	583	1
5	5713	-1
35	29785	1
34	21373	-1
25	20816	-1
8	20300	1
5	26110	-1
24	28558	-1
31	10729	1
28	27168	1
31	5951	-1
14	96	-1
45	13785	-1
17	22625	1
39	14889	1
28	4581	1
43	7910	1
42	22422	1
11	10666	-1
26	2448	-1
43	6463	-1
8	15514	1
29	13751	1
46	28260	1
43	21027	1
8	15949	1
37	13701	1
3	29582	-1
45	16244	1
18	2959	1
26	24883	-1
23	6035	-1
13	7045	1
20	14260	-1
38	26400	-1
1	11160	1
0	27969	1
44	29746	1
39	25503	1
40	23134	1
36	10482	-1
49	9176	-1
21	20637	1
40	11056	-1
4	7731	-1
8	8251	1
0	29564	-1
21	13915	1
3	16535	-1
40	6635	1
45	23309	-1
46	20444	1
49	10561	-1
41	28181	1
48	3587	-1
44	20215	1
34	9927	-1
46	23311	1
46	26926	-1
35	22836	1
6	14754	1
3	5381	-1
26	491	-1
29	14316	-1
7	18166	1
48	16517	1
6	24695	1
8	29987	-1
9	6453	1
1	8412	1
10	15886	-1
43	1916	1
27	9308	-1
40	24274	-1
4	19180	1
11	17939	-1
42	19988	-1
37	5515	-1
32	1308	-1
30	28567	1
11	1768	-1
30	8318	1
3	19894	-1
4	89	1
36	6701	-1
23	3402	-1
6	6449	-1
44	19453	1
23	21828	-1
43	28700	1
44	21181	-1
38	11569	1
46	6897	1
19	19009	-1
19	14824	-1
42	7084	1
13	17050	1
32	15383	-1
6	10406	1
16	18331	1
17	3883	1
36	19471	-1
28	19398	-1
46	11609	1
5	30797	1
7	26452	1
29	24291	1
33	8450	-1
8	17360	1
4	6472	-1
26	11674	1
19	4847	-1
39	3663	1
8	5059	1
46	27250	1
40	19360	-1
49	18139	-1
36	28777	1
4	7175	-1
44	30196	1
7	9168	-1
48	15472	1
29	11842	1
13	18973	-1
37	6883	-1
33	12150	-1
34	912	-1
25	24382	-1
1	30653	1
26	2469	-1
40	21170	-1
46	12273	1
5	9080	1
6	6450	-1
40	28211	1
26	21336	1
15	8675	-1
2	13499	-1
48	8633	-1
24	10559	-1
8	17192	-1
40	19112	1
24	53	-1
6	1104	-1
28	18914	1
5	16357	1
45	24818	-1
17	3850	1
13	27769	1
34	18218	-1
2	3360	-1
39	30403	1
2	3408	-1
45	5930	1
28	15848	1
5	2791	1
40	14180	1
19	2127	-1
13	13464	-1
27	4236	-1
45	6038	1
23	19525	1
48	27071	1
31	30228	-1
10	15347	1
42	25944	-1
12	2025	-1
20	1745	-1
17	7929	-1
13	22672	1
8	5607	1
37	7371	-1
9	1321	-1
14	26723	-1
17	18677	-1
5	2046	-1
5	14528	1
40	437	1
47	25602	-1
17	12045	1
9	6102	1
22	17824	-1
10	13204	1
4	13984	-1
17	28110	1
49	15774	-1
1	23781	1
30	6648	1
39	26197	-1
17	18504	1
2	28886	-1
41	6947	-1
21	7871	-1
13	15296	1
46	22072	1
28	10981	1
47	10330	-1
8	633	1
0	25558	-1
18	21339	-1
16	19074	-1
42	23750	1
33	23291	-1
7	5986	-1
23	7664	1
32	20653	-1
31	29417	-1
48	23222	1
41	634	1
4	5016	1
14	18499	-1
21	22087	1
39	12406	-1
43	29158	-1
46	772	1
19	18984	-1
19	9646	-1
17	10744	1
18	3467	1
45	17959	-1
40	25854	-1
46	10012	1
46	18153	1
32	27603	1
26	8339	1
11	27490	-1
46	30905	-1
48	17624	1
15	3598	-1
1	28653	-1
6	4027	1
15	22370	-1
40	24700	1
23	26381	1
22	26342	-1
13	6844	1
40	5543	-1
48	22194	-1
13	11003	1
1	11481	-1
13	29956	1
31	7620	-1
20	20638	-1
17	624	-1
13	697	1
7	14960	1
42	18133	-1
24	13733	-1
10	4562	1
46	1905	1
49	19940	-1
43	6195	1
31	14559	-1
43	1793	1
43	18978	1
40	10741	1
39	16170	-1
8	12266	1
44	9290	-1
46	11719	1
44	6	1
15	27453	-1
35	18215	1
43	3789	1
34	28118	-1
1	26698	-1
0	30051	1
18	9910	-1
39	26848	1
28	8170	1
35	30864	1
11	22314	-1
46	23287	1
37	22588	1
43	5041	1
2	769	-1
28	16151	-1
46	20634	1
28	20049	1
19	22706	-1
16	7704	1
24	12254	-1
36	9285	-1
6	23351	-1
8	11501	1
48	4801	1
26	20106	-1
23	14953	1
26	30573	-1
16	8803	1
48	30581	1
8	652	-1
21	21306	-1
17	29819	1
37	15363	-1
17	3855	1
21	30595	-1
36	26849	1
1	952	-1
4	18870	-1
6	8243	1
43	931	1
46	7846	-1
46	4441	1
17	5989	-1
45	26269	1
21	10937	-1
2	16702	-1
6	8503	-1
0	26783	-1
7	27718	-1
25	11700	1
40	7666	-1
41	6749	1
24	25168	1
22	30161	-1
48	12502	1
45	25593	1
8	29571	1
5	3402	1
42	29835	1
48	9077	1
21	16678	1
35	29023	1
5	10217	1
8	1250	-1
43	18684	1
45	17231	1
9	23022	-1
19	4835	-1
3	23356	1
1	5053	1
4	4042	1
32	8947	-1
43	19373	1
16	12892	1
26	9627	1
43	17969	1
43	10608	-1
14	8294	1
2	28107	-1
25	15325	1
22	7597	-1
47	11888	-1
47	1529	1
46	22044	1
21	14995	-1
13	8595	1
48	19243	-1
24	25914	-1
35	29548	-1
9	17443	-1
15	12793	-1
9	27713	-1
4	7971	1
6	1787	-1
45	27617	1
0	1228	-1
30	5503	1
47	23915	-1
12	11005	-1
25	20428	-1
31	1348	-1
33	15741	-1
6	10042	1
48	19455	-1
48	21869	1
5	22276	1
48	23852	-1
18	12354	-1
6	20537	1
36	10607	-1
0	15256	-1
42	24738	1
4	9086	1
40	23584	1
36	17099	-1
49	19323	1
31	14376	-1
17	17351	1
44	11986	1
41	378	1
5	12857	1
43	17830	-1
43	11601	1
31	8116	-1
48	8393	1
42	7240	1
41	7147	-1
34	24011	-1
46	7620	1
38	18872	-1
4	18875	1
42	19423	1
29	125	-1
14	30797	-1
4	14127	1
49	11214	1
13	27055	1
2	6868	-1
16	14294	1
46	29190	1
16	27219	1
28	18458	-1
44	4232	1
43	31043	1
30	30708	-1
48	301	-1
48	8078	1
48	29867	1
9	23587	-1
30	22465	-1
18	28132	1
13	11391	-1
8	3974	1
23	23464	-1
46	24781	1
23	20141	-1
35	16428	-1
26	3268	-1
16	14051	1
29	13031	-1
36	21571	-1
46	1414	1
39	28509	1
14	17900	-1
8	10636	-1
1	7613	-1
17	21601	-1
5	10006	-1
1	6614	1
34	30838	-1
45	28837	-1
17	30404	1
46	23153	1
38	1949	-1
29	15588	1
43	30416	1
39	29108	-1
18	699	1
14	24033	1
5	29626	1
39	2549	-1
49	3871	1
45	2350	1
38	20656	1
23	30512	-1
23	17988	1
28	2533	1
4	1721	1
7	11216	1
32	30889	-1
43	4105	1
4	10509	1
13	18013	1
29	15203	-1
13	15591	1
33	10170	-1
9	27345	1
32	25739	1
29	17273	1
5	11945	1
13	29094	1
8	26533	1
17	1324	-1
6	4883	1
46	30492	1
34	9438	-1
13	20967	1
38	24070	-1
13	3126	1
19	24229	-1
35	18064	1
8	29639	1
25	16676	-1
16	4807	1
5	18760	-1
48	10006	1
43	12601	1
4	23880	1
3	9830	1
26	30587	-1
4	24593	1
48	14234	1
41	7133	-1
36	11230	1
40	13650	-1
21	8543	1
39	21836	1
23	7314	1
46	13090	-1
43	11930	1
16	21049	1
6	23958	-1
28	14373	1
48	819	1
46	21773	1
5	18288	1
29	12055	-1
29	25927	-1
16	5685	1
28	29401	1
5	30190	1
16	29795	1
37	24635	1
32	3515	-1
6	25726	-1
48	12535	1
31	20593	-1
10	26641	1
24	21601	-1
35	15404	1
47	23806	-1
48	28140	-1
46	16	1
28	27892	-1
41	13936	1
28	8837	-1
46	7402	1
26	4334	-1
27	8272	1
20	16808	1
43	12271	1
5	26573	-1
43	14150	1
13	21607	1
42	24648	-1
37	14274	-1
11	15974	-1
0	14948	-1
12	25162	1
42	21680	1
48	5926	-1
48	29531	1
13	25523	1
12	3480	-1
29	4638	-1
16	17705	1
13	25474	1
40	12041	-1
37	9194	-1
5	19522	-1
29	12705	1
13	7111	1
19	3433	-1
44	27051	-1
49	16325	-1
0	28898	-1
4	26698	1
42	30763	1
15	7501	1
21	8401	1
40	3405	-1
24	6776	-1
49	13613	-1
43	16133	1
44	28859	1
6	16739	1
31	21283	1
48	4974	1
13	24273	-1
13	26310	1
10	30604	-1
28	22983	1
0	1859	-1
49	25642	-1
8	771	1
43	5098	1
28	9562	-1
15	25465	-1
14	2727	1
19	27425	-1
18	22338	1
10	28236	1
13	5019	1
40	29113	1
1	13596	1
37	2696	1
42	6025	1
8	6242	1
45	8722	-1
46	29486	1
18	30265	-1
35	11428	1
22	20293	-1
36	877	-1
11	30197	-1
22	17644	1
10	13438	1
1	26223	-1
13	25883	1
42	23898	1
22	24719	-1
4	16920	1
4	26032	1
47	740	-1
43	9726	1
42	8073	1
9	5620	1
41	6504	-1
39	20140	1
8	18971	1
6	15331	-1
10	5523	1
22	21337	-1
26	7235	-1
19	27482	-1
48	29238	-1
13	22342	1
27	605	1
45	28822	-1
39	10058	1
43	20280	1
30	12742	1
6	19836	1
38	3186	-1
14	29127	-1
17	1461	-1
11	7414	-1
37	30342	1
27	21976	-1
40	27384	-1
35	14865	1
30	12073	-1
8	12139	1
43	5546	1
17	30955	-1
23	9528	-1
44	26799	1
49	17838	-1
42	4218	1
49	24324	-1
17	27820	1
16	19180	-1
6	28687	-1
12	18004	-1
8	3306	1
22	14990	-1
27	28435	-1
28	1108	1
30	18950	1
22	741	-1
8	11353	1
6	11774	1
19	10556	-1
6	4009	1
21	5167	-1
8	30590	1
13	28421	1
9	26313	-1
43	28051	1
6	28105	1
42	9939	1
14	28319	-1
48	20660	1
46	16219	1
29	3019	-1
17	18807	1
25	21534	-1
40	10504	1
23	15507	-1
5	19656	-1
9	20355	1
20	9876	-1
18	25007	-1
36	26018	-1
47	707	-1
37	21905	-1
43	15783	1
47	15714	-1
37	15084	-1
43	16234	1
35	14322	-1
7	3311	1
7	18937	1
40	7853	1
46	25396	1
20	11515	-1
23	7915	-1
4	19240	1
22	16195	-1
13	8054	1
49	25408	-1
0	20746	-1
27	25602	-1
43	19426	1
30	12395	-1
25	19184	-1
28	3707	1
43	26761	1
21	7498	-1
48	12310	1
9	23845	-1
4	22823	1
23	20274	1
13	8102	1
37	13129	-1
6	26085	1
49	1333	1
13	24700	1
13	6139	1
4	4936	-1
40	23037	1
6	3168	1
43	10383	1
0	529	1
45	652	1
3	6041	-1
48	5093	-1
17	4186	1
40	24857	1
27	1796	-1
44	27708	1
45	26066	1
28	4364	1
5	7068	1
44	15689	-1
13	4491	1
11	16803	-1
7	20927	-1
48	19961	-1
43	10040	1
7	9	-1
41	22954	1
44	15205	-1
46	12495	1
37	5902	-1
15	20967	-1
41	15563	-1
48	30800	1
17	11129	1
26	15290	-1
24	20139	-1
7	26625	1
36	9247	1
25	18993	-1
46	22843	1
3	597	-1
8	13925	1
33	21803	-1
1	4481	-1
49	7145	-1
16	20427	1
29	20152	-1
36	17940	-1
35	607	-1
42	28601	-1
45	8408	-1
1	25481	1
7	9112	-1
5	27745	-1
33	15160	-1
46	6206	1
10	19628	1
21	1643	-1
46	10562	1
30	6955	-1
4	16855	1
7	12510	1
23	7986	-1
32	15408	1
9	6684	-1
43	25871	1
39	23835	-1
14	29803	-1
20	27835	-1
44	109	1
24	15061	-1
18	4309	-1
43	30368	1
21	3723	1
10	17570	-1
12	30717	-1
9	16413	-1
3	14903	-1
43	10575	1
27	24783	-1
43	12069	1
16	22812	1
23	7926	-1
36	9002	-1
28	16434	1
25	13016	-1
35	22592	1
40	8159	1
18	5344	-1
26	13844	-1
9	21710	1
33	18043	-1
48	30125	-1
10	29334	1
13	8927	1
30	21096	1
40	5637	-1
40	21605	-1
43	14551	1
33	14326	-1
6	12695	1
2	7017	-1
42	6163	1
6	17863	1
1	12812	1
11	14883	-1
4	30360	1
8	7716	1
35	24019	-1
33	24784	-1
9	6217	1
17	19704	1
44	2962	1
44	17863	1
48	11844	1
26	1683	-1
28	293	-1
21	6160	1
12	16398	-1
6	17004	1
43	26173	1
4	1363	1
18	4646	1
8	15545	1
18	30187	1
37	5634	-1
37	13828	-1
5	11436	1
8	2841	1
25	27262	1
4	18128	1
17	22276	1
8	8839	1
26	15189	1
40	18855	-1
34	29330	-1
12	26192	1
44	3311	-1
10	7516	-1
13	11318	-1
15	25789	-1
43	8458	1
3	18864	-1
30	28640	-1
35	26560	-1
0	5112	1
0	20368	1
42	8666	-1
14	17157	-1
9	5390	1
13	22211	1
28	13062	-1
4	28554	-1
40	17164	1
5	10496	1
26	4723	1
42	17401	-1
4	24253	-1
30	1892	-1
22	23333	-1
24	24499	-1
17	25411	1
10	29380	1
49	28956	1
11	22487	-1
46	1117	1
5	9371	1
48	19631	1
46	22033	-1
15	21476	-1
7	23861	1
29	15163	-1
7	21816	1
19	15407	-1
4	27841	1
32	23915	-1
39	3534	-1
35	29303	1
8	23331	1
37	5815	1
28	13059	1
2	3218	1
4	28753	-1
21	16996	-1
48	14334	1
28	21700	-1
23	7595	-1
8	1576	1
30	1555	-1
28	6111	-1
2	21176	1
43	6782	1
4	27688	1
47	5726	-1
14	13503	-1
4	4855	1
16	28110	-1
10	27644	1
47	29785	-1
26	22933	1
26	13604	1
12	9831	-1
42	15183	-1
42	10196	1
11	28759	-1
39	1432	1
6	10902	1
37	16900	-1
13	18765	-1
43	25939	-1
12	2026	-1
40	14700	1
0	608	-1
23	1719	-1
27	6253	-1
23	10911	1
8	22781	1
48	1307	-1
16	20656	-1
42	937	1
1	1044	-1
5	1187	1
46	10548	-1
21	29727	-1
16	16682	1
32	23398	-1
21	29141	1
8	30749	1
16	23859	-1
26	12403	1
43	6026	1
32	4292	-1
43	27692	1
8	12220	-1
5	18639	1
4	1299	-1
2	17361	1
46	11253	1
23	25826	-1
48	15091	1
44	13850	-1
48	3268	-1
8	13507	1
48	28986	1
48	13239	1
46	12426	1
32	12671	-1
12	1939	-1
46	27162	-1
21	4664	-1
18	22176	1
13	27495	-1
16	1439	1
39	2017	1
16	29278	1
35	16745	1
40	3271	1
14	117	1
43	575	1
13	28902	1
2	19586	1
8	17397	1
33	20909	-1
13	29590	-1
33	19017	-1
29	9559	1
5	6151	1
44	9520	1
1	4731	1
5	533	-1
29	6667	1
44	24135	-1
26	18219	-1
4	14032	-1
6	15043	1
37	19509	1
46	5949	-1
48	10513	-1
32	1515	1
4	10311	1
41	6696	-1
12	16027	1
30	3497	1
27	16391	-1
42	27441	1
20	21011	1
34	17079	-1
21	15359	-1
23	20864	1
44	10025	1
49	942	1
7	8365	1
31	23543	-1
48	12020	-1
21	31065	1
17	28214	-1
17	24622	-1
44	9409	1
9	7848	1
13	5490	-1
17	15863	-1
35	24690	-1
42	29322	1
42	7245	-1
48	28724	1
25	22824	1
32	27525	1
44	14	1
43	20433	1
46	26638	1
18	6339	-1
43	5239	-1
7	2946	1
16	7459	-1
21	30311	-1
43	20065	1
7	27190	1
4	1858	1
48	9741	1
8	10354	-1
34	16183	1
49	9039	-1
41	8250	-1
43	4289	1
36	5067	-1
46	8741	1
32	9168	1
4	13872	1
13	8740	-1
31	29313	-1
24	4048	-1
13	24597	1
4	20957	-1
28	20296	1
41	4811	-1
4	27407	1
8	8865	-1
39	18140	-1
43	7534	1
18	12018	1
34	1974	-1
44	4302	-1
29	17081	-1
36	22528	-1
40	1600	-1
26	7540	-1
0	28296	-1
30	3970	-1
32	12960	-1
25	22970	1
13	16962	1
25	19752	-1
8	7474	1
28	14800	1
48	16559	1
37	25696	-1
45	3830	-1
44	3506	-1
32	7553	-1
4	10644	-1
47	4078	-1
6	27984	1
9	26962	-1
30	13184	1
7	20337	-1
13	13361	1
48	27683	1
25	16158	-1
9	28250	-1
5	8388	-1
36	17452	1
46	13997	1
2	2297	-1
43	6727	1
42	11833	1
36	15008	-1
28	3154	1
46	17727	1
4	10756	-1
43	3782	1
48	22595	1
34	15242	-1
18	19546	1
17	15604	-1
7	5395	1
17	6535	-1
40	21962	-1
18	2479	1
8	21369	1
7	15620	-1
32	22187	-1
1	14298	1
46	29632	1
23	12438	-1
45	13092	-1
28	13026	-1
26	18766	-1
29	19402	-1
34	1945	-1
35	26399	-1
23	170	-1
4	22096	1
40	30011	1
19	10530	-1
40	20945	-1
32	17760	-1
21	8732	1
46	13469	1
37	2742	-1
48	23914	-1
18	1137	1
36	18887	1
25	2411	1
23	24345	1
17	2620	-1
40	8168	-1
16	13485	-1
39	11271	-1
40	22894	1
16	23485	-1
46	27061	1
7	14132	-1
45	13239	1
8	17108	1
41	7153	1
9	337	1
35	28910	-1
17	7174	1
49	12762	-1
36	16205	-1
39	6632	1
8	24127	-1
30	29113	-1
43	10998	-1
47	23925	-1
35	9275	1
8	20672	1
40	14614	-1
46	18930	1
16	20226	-1
21	10903	-1
5	27893	1
14	22622	1
34	18716	-1
10	16428	1
36	27846	-1
46	9757	1
4	8304	1
15	20166	1
49	1081	-1
37	10944	-1
27	15358	-1
21	23863	1
30	21620	1
16	12669	-1
32	9260	-1
29	9597	-1
8	21515	1
27	22067	-1
13	9264	1
21	3270	1
0	20992	-1
21	12386	-1
28	2964	-1
18	11559	-1
23	8108	-1
35	9533	-1
43	3146	1
28	10348	-1
10	19973	1
14	25364	1
23	4636	1
4	11186	1
40	9962	1
15	460	1
13	11479	-1
8	9683	1
42	17688	1
20	15030	1
21	13089	-1
2	14412	-1
49	11260	-1
27	23303	1
49	15378	-1
7	22158	1
7	200	1
35	7586	1
13	16718	1
46	3602	1
42	10232	1
44	13756	1
31	17111	-1
10	28458	1
20	7742	-1
29	21784	-1
36	8266	-1
44	25677	1
49	17612	1
5	10877	1
5	7101	-1
40	12037	1
4	9834	1
4	1509	1
40	8345	-1
0	6738	-1
16	20669	-1
44	4955	-1
30	25567	1
40	20726	1
43	15508	1
6	25269	1
13	13458	1
16	8882	-1
30	26933	-1
35	3104	-1
7	26071	-1
24	27637	-1
7	623	-1
48	18361	1
35	6678	1
13	24326	-1
1	10628	-1
35	3909	-1
18	21344	1
7	4202	1
8	16105	-1
46	8876	1
22	11629	-1
31	26178	-1
37	7829	1
7	20325	1
48	24352	1
46	1637	-1
18	11489	1
12	11329	1
46	6594	1
47	4358	-1
40	23589	1
36	21162	-1
21	4768	-1
48	21029	1
16	9933	1
6	14494	1
35	18878	1
43	26254	1
46	25409	1
26	24570	-1
17	21857	1
46	29599	1
6	9215	-1
49	19885	1
29	28780	1
48	15984	1
34	27761	-1
12	10484	-1
49	29672	-1
39	28103	-1
5	13323	1
38	19231	-1
7	30495	-1
39	6791	-1
10	15477	-1
38	29443	-1
43	26162	1
38	30766	-1
16	18763	-1
41	12132	-1
13	29398	-1
31	29069	-1
43	20032	1
17	24241	1
39	7477	1
32	12216	-1
4	10995	-1
39	1819	-1
23	14263	-1
44	13673	-1
11	1986	-1
23	26463	1
43	24538	1
20	16442	-1
13	18031	1
40	154	-1
43	10640	1
14	25125	-1
17	13598	1
26	16847	-1
46	20088	1
8	12312	1
13	24363	-1
38	11087	-1
49	18314	1
13	9412	1
3	17214	-1
26	5692	1
9	21416	-1
6	30395	1
42	13822	1
30	12981	-1
6	21109	1
39	5621	1
8	5561	1
45	3299	1
42	26547	1
23	17466	1
42	22727	1
48	22862	1
13	1798	1
8	12874	-1
27	3824	1
1	7430	1
30	19867	-1
45	14985	1
23	4228	-1
1	14730	1
41	20731	-1
49	23126	1
5	5211	1
44	1998	-1
46	3227	1
38	9390	-1
15	4296	-1
43	9005	1
0	28782	-1
39	23059	1
14	29915	1
4	9136	1
0	17159	-1
6	12334	1
40	16040	1
19	758	-1
30	13194	1
8	25317	1
46	10355	1
43	4306	1
32	22433	-1
24	18014	-1
9	10205	-1
43	16314	-1
48	23487	1
16	11877	1
16	13636	-1
5	30930	-1
46	14395	1
14	19799	1
15	3654	-1
42	12285	1
30	30004	1
43	24181	1
33	13147	-1
37	5727	-1
0	17500	-1
10	16570	1
49	27374	-1
43	8867	1
43	7555	1
46	20248	1
42	7496	1
1	30755	-1
44	23012	1
40	15124	1
49	257	1
43	6271	1
1	20003	1
22	24730	-1
18	7504	1
8	1057	1
43	28091	1
28	12410	1
43	17233	1
48	30291	1
16	15965	1
20	11735	1
16	12470	1
5	21895	1
48	29662	1
12	15376	-1
10	17211	1
28	26773	-1
43	24558	-1
19	29799	1
48	2027	-1
20	24149	-1
39	21839	-1
7	18217	-1
46	1539	1
20	21692	-1
1	26333	1
32	13913	-1
21	12629	-1
13	7242	-1
35	9356	-1
31	7634	-1
35	20102	-1
43	7757	1
13	23130	1
16	22480	-1
40	5662	1
2	8095	-1
17	26753	1
36	6833	-1
13	25685	1
47	7119	-1
40	10170	-1
23	26508	-1
30	20000	1
48	3297	-1
19	29125	1
38	6548	1
4	23480	1
19	22356	-1
22	11439	-1
19	17901	-1
6	16924	-1
14	16941	-1
43	22139	-1
17	17279	1
42	18229	1
10	15334	1
49	6135	1
4	26583	1
40	12002	1
41	764	-1
20	17833	-1
49	22864	-1
46	30431	1
0	16762	1
18	14453	1
17	3267	-1
19	23118	-1
36	18544	-1
40	381	-1
40	22750	1
7	5501	1
46	27906	1
32	11185	-1
37	23133	1
28	30295	1
6	24941	-1
42	4116	1
48	29445	-1
3	1329	-1
16	15529	-1
41	2500	1
48	16019	-1
4	9340	1
6	3864	1
31	30768	1
23	23135	-1
8	16683	1
0	25765	-1
20	14307	-1
17	14001	-1
18	3766	1
8	1611	1
15	10203	-1
6	30251	1
1	21412	-1
17	1955	1
25	19817	1
9	11729	-1
35	2058	-1
40	3168	1
48	22536	1
4	6701	1
13	421	1
45	10344	1
4	9980	1
18	28948	-1
43	15188	1
15	9119	-1
46	12308	1
25	26695	-1
42	15760	1
12	12623	-1
40	14911	1
42	1569	-1
6	27268	1
32	29437	-1
10	5463	1
4	28230	-1
18	21988	-1
38	15590	-1
8	28712	1
18	797	1
1	4333	1
5	18983	1
36	5766	1
25	6083	-1
35	11637	-1
34	12802	-1
31	9941	1
46	21110	1
11	11998	-1
4	6670	1
13	8126	1
37	9274	-1
39	259	-1
49	3089	1
9	30037	-1
30	3053	-1
43	11529	-1
40	10921	-1
9	14507	-1
38	30782	-1
12	6236	-1
23	18268	-1
34	19244	-1
16	10245	1
25	4375	1
15	21800	1
11	9768	-1
41	5461	-1
36	23041	-1
1	26151	1
23	12401	1
26	16559	-1
18	13196	1
2	8614	-1
33	5818	-1
3	6310	-1
30	5429	-1
44	13448	1
7	25746	-1
13	10042	1
6	20460	-1
46	198	1
6	10071	-1
13	11286	-1
40	12057	1
21	27730	1
46	12452	1
43	13428	1
22	17314	-1
16	12974	1
18	10088	1
6	8472	1
28	18371	-1
46	15103	1
23	24007	-1
23	17495	-1
44	25125	1
43	21188	1
15	3605	-1
9	2542	-1
14	5825	-1
19	788	-1
28	17628	1
34	30593	-1
24	20141	-1
40	3926	-1
28	26912	1
30	1294	-1
4	20045	1
35	26075	-1
44	7330	-1
8	15945	-1
5	26444	1
7	10508	-1
18	858	-1
43	25288	-1
4	7417	1
44	12786	1
5	19440	-1
46	27148	1
1	19963	1
6	17133	-1
7	23852	-1
2	20895	-1
35	13600	1
42	27682	-1
13	25932	-1
6	26173	1
41	27106	-1
6	14137	-1
42	21780	1
7	6026	-1
22	1325	-1
7	62	1
24	3731	-1
36	22817	1
3	5008	-1
43	16913	1
27	8994	-1
45	19811	-1
7	13472	-1
43	7907	1
40	30723	1
37	14642	1
46	19926	1
46	4651	-1
49	6954	1
46	15201	1
34	1931	1
16	21434	-1
8	3840	1
25	24330	-1
21	22197	-1
27	18140	1
35	27730	-1
10	2972	1
13	2754	1
26	14419	-1
28	1396	-1
23	17625	1
3	145	-1
43	18813	1
43	17631	1
20	8694	-1
8	21097	-1
26	26925	1
42	209	-1
33	21690	1
28	21805	1
2	12434	-1
14	24625	-1
4	19338	1
21	28709	1
13	5763	1
13	23443	1
41	12808	-1
43	30082	1
45	30778	-1
1	20701	1
39	11482	1
3	14561	-1
1	27565	-1
49	31063	-1
0	12956	-1
48	17896	-1
23	1333	1
46	22353	1
44	25194	1
40	17959	1
28	13392	-1
14	12611	-1
15	24429	1
17	6972	-1
40	28269	-1
8	18573	1
6	6606	-1
8	23736	1
27	10412	-1
48	26534	1
31	11245	-1
18	7915	1
23	3545	1
4	22924	1
14	23427	-1
1	29254	1
49	19921	1
46	22232	1
21	3877	1
21	30277	1
40	30013	1
18	14308	-1
45	9146	-1
48	13532	-1
17	7663	-1
48	16140	1
42	16985	1
0	29916	1
18	8978	1
41	16236	-1
40	11509	1
23	7803	-1
40	8034	1
42	18413	1
25	18928	-1
46	5950	1
6	24126	1
40	4005	-1
42	29573	1
14	1907	1
44	12314	-1
48	23737	1
34	14484	-1
28	2535	1
16	17872	1
44	24067	1
40	3572	-1
2	12502	-1
21	15493	-1
23	28201	-1
11	12976	-1
16	15764	-1
22	17568	-1
42	16152	1
4	13582	-1
3	5246	-1
18	1341	-1
14	1455	1
18	26564	-1
46	10809	1
40	2687	1
43	11703	-1
34	20463	-1
43	25453	1
7	28410	-1
14	11624	-1
3	7422	1
26	7088	-1
31	28143	-1
8	16948	1
22	90	-1
37	24518	1
43	7424	1
48	28233	1
6	8459	1
0	21817	1
27	19737	1
43	10455	1
10	21223	-1
16	28736	1
17	11148	1
26	114	-1
3	18936	-1
13	75	1
40	676	1
43	9113	1
9	16552	1
7	26727	1
21	20263	-1
44	3892	-1
8	731	1
43	20520	1
14	14852	-1
34	12502	1
14	27969	1
7	13867	-1
32	19003	-1
41	7447	-1
8	19324	1
0	11195	-1
28	22616	-1
11	6670	-1
39	27920	-1
1	2532	1
7	22402	-1
13	5528	-1
29	17646	-1
26	18888	-1
40	27788	1
26	29574	-1
26	12882	-1
43	17627	1
36	224	1
26	3842	1
5	5425	-1
43	9498	1
31	29266	-1
6	11211	1
36	6501	1
5	30423	1
32	30837	1
30	7161	1
42	18778	1
17	11449	-1
44	19433	1
5	14042	1
19	29589	-1
46	3527	-1
16	24566	1
47	30223	-1
4	8468	1
18	16943	-1
10	28891	1
13	18195	1
17	30586	-1
21	10110	-1
18	19196	-1
48	11688	1
46	6242	-1
27	5407	1
48	6979	1
28	23760	-1
17	14254	-1
13	2913	1
13	24197	1
7	17891	-1
31	11357	-1
7	9656	1
43	18882	1
0	5435	-1
19	11588	-1
11	14721	-1
41	15907	-1
27	28926	-1
19	14687	-1
34	9846	-1
1	661	-1
42	16418	-1
37	30873	-1
1	23939	-1
29	6260	-1
42	3140	1
44	7920	1
35	29466	1
16	25797	1
30	29356	1
36	21870	1
21	25169	1
10	20636	1
46	844	1
18	8475	1
41	13095	-1
14	28277	-1
42	6966	1
34	26283	-1
7	20447	-1
9	3492	-1
42	20634	1
4	26066	1
18	7290	1
32	24575	-1
33	26996	-1
7	19849	1
48	2788	1
25	30090	-1
7	14409	-1
29	19015	-1
20	11162	-1
28	7257	-1
36	26750	1
14	30118	-1
45	10435	-1
40	2817	-1
39	25332	-1
22	26211	-1
12	9810	-1
43	21869	1
31	22150	1
3	234	-1
46	30622	-1
43	28060	1
46	1416	1
0	1710	-1
45	17170	-1
47	11132	-1
47	22463	-1
46	25442	1
14	30253	-1
13	10947	1
11	16720	-1
2	22775	1
18	9645	1
46	4635	1
10	11391	-1
36	27360	1
48	3764	1
25	11042	-1
14	29278	-1
9	27325	-1
18	5215	-1
17	7002	1
21	8090	1
37	26423	1
42	8023	1
43	7677	1
31	707	-1
43	25558	1
24	30919	-1
41	11003	-1
30	24020	-1
0	17227	-1
7	23065	1
15	28692	-1
21	18282	-1
7	30685	1
3	6544	-1
31	14537	-1
0	1077	-1
7	30572	-1
43	4668	1
7	15208	-1
46	4993	1
47	22954	-1
13	8042	1
3	430	-1
0	17282	1
5	12052	1
43	17072	1
48	21044	1
42	10229	1
38	30979	-1
21	19034	1
11	18696	-1
14	29931	-1
20	2380	-1
1	12032	1
45	6331	1
16	6384	-1
5	28389	-1
46	8047	1
20	17029	-1
12	5600	-1
0	21535	-1
6	18381	-1
17	17700	-1
26	3505	1
18	6852	-1
7	13348	1
17	28552	1
13	29826	-1
30	6436	1
5	29212	-1
43	25230	-1
16	27174	1
10	28873	1
47	5844	-1
13	13209	-1
25	15679	-1
19	17908	-1
27	29631	-1
26	30071	-1
6	24351	-1
19	19999	-1
48	13256	1
10	9634	1
5	12080	1
42	16770	1
12	14758	-1
28	11343	1
4	18770	-1
31	9984	-1
28	11737	-1
40	26227	1
1	25039	1
18	16623	-1
7	16379	1
6	12600	1
48	3771	1
36	30175	1
13	29269	1
40	26845	1
4	25089	1
45	29622	-1
23	20366	1
2	4674	-1
21	20506	-1
21	14095	1
7	12689	1
6	16041	1
38	11261	-1
24	29428	-1
30	21902	-1
49	26402	1
46	3294	1
7	3515	-1
2	23090	-1
46	20258	1
32	11641	-1
25	30433	-1
5	9372	1
32	5506	1
17	15839	-1
4	23723	1
27	7661	-1
7	10029	1
38	17810	1
17	933	-1
35	27272	-1
5	14298	1
48	17905	1
11	13586	-1
43	24123	1
6	22012	1
11	16524	-1
3	11476	-1
14	19828	-1
46	18393	1
47	22078	-1
35	19446	-1
37	2972	-1
37	13182	-1
46	7721	1
22	9960	-1
40	14996	1
24	24256	1
48	25019	1
43	27582	1
23	19553	-1
46	8318	1
27	30881	-1
32	22245	-1
17	27437	-1
46	15230	1
46	22121	1
31	16129	-1
27	13470	-1
46	204	-1
38	9171	-1
13	11867	1
46	23184	1
40	7245	1
25	13109	1
19	11135	-1
10	25938	-1
49	28154	-1
3	13326	-1
5	1188	1
22	18486	-1
26	23046	1
49	29818	-1
46	16980	1
27	15354	-1
40	20472	1
46	12837	-1
39	27719	-1
44	2877	-1
44	28628	1
26	15603	1
5	27337	1
36	20410	1
9	20014	-1
14	23592	-1
42	14608	1
31	16847	-1
48	9752	1
49	22147	1
6	12840	1
1	9002	1
5	15510	-1
14	5330	-1
44	349	-1
28	22654	-1
47	1651	1
34	16333	-1
20	14482	-1
17	29381	1
15	13965	-1
16	9544	1
4	24205	1
40	14342	1
8	2416	1
19	15402	-1
28	25510	1
8	16225	1
45	21939	-1
4	927	-1
41	7002	-1
40	18537	-1
38	21899	-1
40	209	-1
14	25705	1
43	24466	1
40	3035	1
7	20943	-1
22	8217	-1
16	13240	1
46	5627	-1
43	100	1
29	1750	1
42	14919	-1
12	1967	-1
33	22275	-1
23	6918	-1
46	15321	-1
5	7726	-1
44	9968	-1
16	23174	1
47	4618	1
43	13035	1
10	17677	-1
29	4435	-1
36	24432	-1
40	14650	1
32	20877	-1
19	16377	-1
9	19377	1
28	17868	-1
30	22763	-1
32	13989	-1
33	25383	-1
13	24811	1
16	21340	1
2	14156	-1
48	5422	1
35	2787	1
35	24280	-1
45	15385	-1
32	13039	-1
23	4058	-1
5	8873	-1
34	17198	-1
0	2893	1
2	30279	1
8	9196	-1
46	6713	1
2	3770	-1
43	5850	1
47	4541	-1
6	21914	-1
43	24497	1
37	15674	1
0	21692	-1
35	9916	1
35	12768	-1
35	17314	-1
32	29067	1
30	13155	-1
1	16447	-1
13	15008	1
41	22708	-1
4	25114	1
23	20323	1
6	15964	1
34	14527	-1
21	13718	-1
8	26941	1
43	18760	1
9	25138	-1
29	26345	1
13	93	1
27	20946	-1
31	21295	-1
29	5298	1
36	1809	-1
15	30265	1
48	22621	1
47	23613	-1
7	26128	1
9	1841	1
4	21563	-1
10	27995	-1
20	24704	-1
36	14208	-1
49	4393	-1
22	94	-1
0	12112	-1
21	28857	1
5	10580	1
14	27351	-1
47	13417	-1
34	6077	-1
4	11266	1
4	6515	-1
32	24726	1
8	9897	1
12	13397	1
22	22667	-1
40	9280	1
43	20643	1
17	14769	-1
32	16938	-1
27	4593	1
21	23327	-1
27	8662	-1
18	28931	-1
42	13490	-1
25	2029	-1
36	16998	-1
40	19558	-1
11	24787	-1
46	13380	-1
48	29538	-1
49	7068	1
3	3959	-1
45	19336	-1
8	366	1
48	24898	1
24	14541	-1
27	28754	1
10	6002	-1
4	11023	-1
23	11383	1
2	24876	-1
36	3461	-1
12	31032	-1
43	2048	1
47	12609	-1
10	5980	-1
16	4967	-1
44	9164	-1
22	12209	1
35	1856	1
23	16630	-1
22	11310	-1
35	23620	-1
45	11414	1
40	7613	1
39	3219	-1
43	14477	1
31	26445	-1
35	5055	1
27	7786	-1
19	9473	-1
40	16248	1
26	14233	-1
23	8095	1
42	13926	1
0	17787	-1
3	19721	-1
30	5385	-1
5	23863	-1
5	19433	-1
6	2206	-1
29	12843	-1
4	9741	-1
48	10830	-1
24	27429	-1
32	14554	-1
19	23097	-1
42	6215	1
38	29011	-1
16	16363	1
8	22168	-1
35	13569	1
36	2233	-1
33	11163	-1
40	13361	1
1	17114	1
8	3080	1
18	13113	1
41	8517	1
44	15760	-1
30	28035	1
5	2618	-1
46	21373	1
48	24561	-1
29	29742	-1
35	12005	-1
8	11133	1
39	30106	-1
44	15559	1
20	23055	-1
10	29333	-1
14	27898	-1
48	19782	1
39	16502	-1
48	14228	-1
41	23129	1
6	16827	-1
30	1376	-1
7	19937	1
42	6854	1
3	14238	-1
4	1063	1
7	22827	1
43	26115	1
20	6679	-1
0	15842	-1
34	14234	-1
9	16011	-1
25	1715	-1
13	1269	1
28	28676	1
18	7270	1
31	27386	-1
46	24070	1
7	23460	1
3	3489	-1
40	2084	1
1	18727	1
20	17941	-1
47	26510	-1
9	14831	-1
13	4298	1
49	2234	1
48	2167	1
29	2391	1
39	15029	1
2	20343	-1
7	19052	-1
8	18635	-1
13	1802	1
31	21519	-1
45	30182	1
9	26740	-1
43	3484	1
7	13419	1
23	26566	1
0	28223	-1
42	4555	1
44	15676	-1
42	4975	1
43	23915	1
31	1574	-1
3	11026	1
17	17253	1
12	16351	-1
48	13288	1
0	130	-1
4	21814	-1
20	24102	-1
29	29499	-1
42	28880	1
17	2435	-1
24	21825	-1
48	30738	1
4	18825	-1
40	7381	-1
3	1734	-1
44	22262	1
41	17097	-1
8	1103	1
10	4853	1
7	28169	1
22	11983	-1
10	10687	-1
8	27892	1
35	26805	-1
25	17861	-1
13	21011	1
11	9179	-1
46	16025	1
29	30312	-1
10	11796	1
18	2944	-1
4	10715	1
5	6218	-1
19	25869	-1
5	24218	1
1	20203	-1
25	23462	-1
3	20682	-1
17	17803	-1
10	23394	-1
30	24405	-1
16	11943	-1
21	19646	-1
16	4129	-1
42	12579	1
4	9324	1
18	2809	1
40	10266	1
46	1437	1
45	25828	-1
47	21501	-1
17	30995	-1
4	18856	-1
27	29100	-1
46	15667	1
17	26168	1
48	17168	1
46	7300	-1
38	14258	-1
48	29742	1
9	22657	1
34	25722	-1
18	4933	-1
17	19469	-1
48	23755	-1
17	7782	1
5	31034	1
8	21059	1
21	25740	-1
10	309	1
8	15171	-1
42	4130	1
43	1166	1
2	6252	-1
43	16976	1
20	30100	-1
13	10278	1
10	3475	-1
46	21456	1
12	23573	1
27	10050	-1
3	1009	-1
48	22912	1
46	6971	-1
7	20645	-1
20	30107	-1
42	5002	1
28	30286	-1
39	13544	1
43	10140	1
15	19036	1
0	30517	1
9	15025	-1
29	13918	-1
35	26620	1
48	5771	1
23	22638	-1
43	11723	-1
43	17763	1
4	6911	1
43	8368	1
6	9693	1
42	28945	1
26	8487	-1
48	18933	1
46	164	1
34	5369	-1
6	24373	-1
13	24822	1
4	1560	1
7	20740	1
14	15024	-1
31	30327	1
16	18332	1
15	19346	-1
3	21601	1
49	21997	-1
1	22440	-1
43	12477	1
42	16033	1
28	6520	-1
48	22315	1
15	20854	-1
46	15662	1
48	1463	-1
40	24058	1
18	18026	-1
22	143	-1
38	5381	1
48	22114	1
45	23858	-1
20	16334	-1
44	4759	1
7	4531	1
46	16691	1
47	25500	-1
18	13132	1
8	4544	1
6	25979	1
48	9786	1
41	23932	-1
17	3844	-1
14	30231	1
39	1172	1
42	18205	-1
13	2363	1
16	6675	1
47	26019	-1
4	992	-1
24	17778	-1
4	19077	1
8	21830	-1
10	28784	1
8	16002	1
16	10190	1
35	29790	1
25	2624	-1
42	4787	1
41	12027	1
31	2670	-1
28	16551	1
44	27575	1
4	12126	1
8	3000	1
43	5156	-1
14	27675	-1
6	20650	-1
42	2122	1
21	23011	1
40	4170	1
43	9993	1
25	4227	-1
43	15263	-1
28	21581	1
35	24445	1
17	28711	-1
19	4612	-1
8	10783	1
12	27109	-1
27	12707	1
49	13560	-1
4	20050	1
17	10802	1
48	13116	1
43	4129	1
23	10602	1
49	24033	1
14	4792	-1
12	51	-1
21	20482	1
22	30837	-1
10	7941	1
48	25671	1
6	20250	1
25	5206	-1
43	24999	1
7	8067	-1
28	12084	-1
8	30914	-1
26	24081	-1
6	12451	-1
0	30397	1
30	17981	-1
4	25491	-1
18	23367	-1
49	25568	-1
29	3961	1
13	9251	-1
48	2390	-1
18	28173	-1
40	5941	-1
4	29465	-1
39	21542	1
46	1093	1
6	3333	1
42	3206	-1
22	15561	-1
42	17553	-1
13	20061	1
10	23277	-1
28	27672	1
27	2113	-1
46	19600	1
13	6283	1
6	15643	1
5	729	1
48	22629	1
36	17676	-1
0	646	-1
32	30227	-1
4	24638	1
1	3244	1
40	30551	1
15	14860	-1
4	9950	1
14	30439	-1
48	27280	-1
24	27273	-1
43	14515	1
35	16977	-1
37	18897	-1
37	15892	-1
23	27291	1
47	8486	1
43	6594	1
39	7382	1
49	4479	-1
24	19851	-1
49	17341	1
48	6028	1
8	28879	1
17	10324	1
28	14078	-1
48	7007	1
8	4092	1
41	14932	-1
9	11505	1
43	178	1
26	9507	-1
49	11605	-1
5	28813	-1
36	6092	1
13	10508	1
0	13541	1
45	10220	1
36	10911	1
45	21354	1
15	749	-1
32	1329	1
24	18313	-1
21	10070	1
34	22443	-1
4	24884	1
40	5911	1
28	28146	-1
44	17325	1
18	30003	1
1	9660	-1
16	29493	1
4	19510	1
43	30828	1
5	9558	1
1	8654	-1
2	16917	1
21	30666	-1
19	4145	-1
49	1868	1
37	813	-1
20	5302	-1
46	22422	1
15	6928	-1
16	7366	1
46	18969	1
1	26082	-1
3	10386	-1
48	23727	1
21	18844	1
40	7494	-1
5	13327	1
41	29190	-1
41	26016	-1
49	27761	1
17	260	-1
43	14585	1
30	19228	-1
27	22239	-1
21	8818	-1
11	3736	-1
23	18570	-1
48	1213	1
19	22158	1
46	18511	1
47	20188	-1
21	29038	1
45	20611	1
24	1251	-1
13	28596	1
15	45	-1
25	30135	-1
22	3104	-1
7	6953	-1
18	9335	-1
19	27274	-1
13	17091	1
8	2143	1
38	21738	1
46	3828	1
11	21072	-1
8	27293	1
33	1737	-1
40	369	1
26	276	-1
45	30427	1
47	5803	1
16	13732	1
7	2884	-1
48	16811	1
28	23110	1
40	374	-1
23	125	1
10	1529	1
43	11155	1
35	1308	1
46	29695	1
29	436	-1
8	6411	-1
16	927	1
40	13025	1
4	16031	1
4	3531	1
34	21571	-1
8	3590	1
21	1918	-1
6	10313	1
25	19187	-1
37	19233	-1
28	16022	-1
13	29999	1
40	18851	1
0	15498	-1
30	1725	1
43	7938	1
28	18652	1
30	1764	1
36	9367	-1
25	29429	-1
23	16865	-1
5	17347	1
36	1193	1
23	21711	-1
9	21723	-1
13	14692	1
7	3228	-1
4	3436	1
11	1874	-1
6	15644	1
16	6801	1
20	25103	-1
10	388	1
16	17133	-1
48	6762	1
5	11230	1
29	2930	1
36	15493	-1
24	30219	-1
2	4495	-1
31	20861	-1
8	22172	1
17	9254	1
46	465	1
24	1858	1
1	16033	1
40	14507	1
4	13719	1
40	11311	-1
10	9096	1
48	2813	1
16	22152	1
46	2919	1
10	4257	-1
6	8808	-1
32	18165	-1
36	18625	1
18	1307	-1
24	29695	-1
28	11865	1
29	2766	-1
6	8200	-1
49	19846	-1
48	7441	1
47	17493	-1
6	27824	1
39	23828	1
23	16830	-1
13	24000	1
21	15926	-1
14	11283	-1
49	10094	-1
34	11119	-1
41	14569	-1
16	7831	1
15	27003	-1
41	4224	-1
47	23690	-1
8	3146	1
16	2660	1
47	16924	-1
11	14164	-1
22	16714	-1
30	6647	-1
45	1661	-1
17	16362	-1
0	28140	1
30	14419	1
1	13078	1
45	18854	-1
47	14699	-1
21	22733	-1
0	30714	-1
16	8355	1
22	15125	-1
27	24357	-1
43	21688	1
13	13138	1
35	29784	-1
19	11101	1
19	21880	1
41	15168	-1
42	4273	-1
7	13289	-1
9	20543	1
16	17065	1
11	22107	-1
38	17847	-1
43	14307	1
42	6117	-1
23	9558	1
40	30756	1
13	6654	1
48	6066	1
16	24002	-1
24	16931	-1
43	14135	1
48	21571	1
40	12178	1
33	7795	-1
31	11165	-1
37	28076	1
36	21155	-1
46	6846	1
2	5075	-1
46	23654	1
11	9708	-1
42	19001	1
22	11670	-1
4	8246	1
4	128	1
46	11745	1
16	15829	1
20	6124	-1
6	11173	-1
13	1448	1
10	1440	-1
28	11815	-1
47	25898	-1
40	16257	-1
36	9734	1
32	18418	-1
10	15498	1
17	9290	1
8	10398	1
4	27248	-1
3	18769	-1
28	10255	1
49	17388	-1
28	24592	-1
6	27999	1
25	20208	1
34	4706	1
15	27830	-1
0	10491	-1
43	8153	1
16	29715	1
39	23896	1
40	11720	1
6	10636	-1
32	14831	-1
3	6961	1
0	9735	-1
23	6428	1
35	21840	1
4	27907	-1
3	26563	-1
16	15084	1
44	26043	1
6	3284	1
8	2568	1
4	19153	-1
36	22422	1
43	2483	1
17	9977	1
45	23924	-1
43	27630	1
23	5239	-1
23	13306	-1
42	12569	-1
31	30078	-1
30	21355	-1
31	26643	-1
16	8410	-1
37	6516	1
13	3032	-1
14	11092	1
32	4823	-1
14	12984	-1
39	4326	-1
24	25219	-1
17	8980	1
44	29989	-1
34	30599	-1
45	16448	-1
36	27353	-1
15	3401	1
14	4067	1
29	16186	1
43	3111	1
6	25347	-1
16	20683	-1
48	28574	1
6	11315	1
1	25790	1
6	14375	-1
19	26167	-1
28	9103	1
35	10152	1
16	19366	-1
21	29686	1
24	27577	-1
46	11622	1
33	14350	-1
48	5041	1
16	6927	-1
10	3796	-1
21	29018	-1
22	5747	-1
6	1329	1
10	5494	1
6	21724	1
43	25507	-1
35	12744	-1
28	26396	-1
46	3659	1
7	26472	1
14	12931	1
39	6619	-1
28	502	1
43	1788	1
34	2064	-1
42	17064	1
42	14984	1
32	12736	1
46	17983	1
36	21921	-1
13	22398	1
48	17015	1
23	11282	1
32	7838	-1
36	21960	-1
16	11118	1
26	28808	-1
18	2327	-1
7	6944	-1
6	458	-1
40	3887	-1
39	16128	1
4	28099	-1
13	14696	1
37	2387	-1
34	20461	-1
39	6464	1
12	18035	1
4	10982	1
31	25948	-1
39	15312	-1
46	28493	-1
36	6958	-1
0	4636	-1
42	15326	1
4	26081	1
11	29267	-1
43	29563	1
8	4271	1
25	19927	-1
45	19866	-1
40	10155	-1
25	12148	1
6	5614	1
15	19739	-1
0	29779	-1
22	27092	-1
5	26461	1
26	4345	-1
47	16167	-1
20	13109	-1
48	21573	1
45	23447	1
13	18374	1
6	6066	1
45	10254	1
12	4462	-1
1	18203	-1
20	6901	1
48	30236	1
42	16669	1
7	15684	-1
26	27601	-1
37	23613	-1
8	14241	1
4	17904	1
42	11375	1
5	21057	1
8	20811	1
31	5212	1
21	5142	-1
38	14917	1
44	28971	-1
3	25596	-1
2	13303	-1
11	12057	-1
42	28425	1
40	23452	1
38	13531	-1
30	3962	-1
12	28455	-1
1	13374	-1
46	12904	1
27	28328	-1
13	1222	-1
47	15779	-1
28	7526	-1
1	16983	1
18	20320	1
0	7294	-1
48	12639	1
43	16587	1
27	27791	-1
2	13866	-1
8	17409	1
45	4774	-1
46	27379	-1
1	28293	-1
32	26963	-1
36	3532	1
35	25712	-1
42	19127	-1
4	346	1
18	14620	1
46	13642	1
43	29287	1
46	11411	-1
49	19621	-1
16	4480	1
1	1275	1
31	11399	-1
0	26850	-1
7	17378	-1
15	29704	-1
49	3123	1
3	6616	-1
48	15324	1
39	25025	-1
7	8327	1
16	18281	1
44	23596	-1
42	10257	1
20	12741	-1
46	22937	-1
45	23553	-1
40	10385	1
28	21182	1
13	13150	1
36	15273	-1
28	12930	1
13	3825	1
31	16471	-1
21	30615	1
12	29186	-1
27	29879	-1
26	21220	-1
43	19618	1
40	8303	1
31	26203	-1
16	4728	1
43	29739	-1
26	22510	-1
35	14298	1
24	21310	-1
4	26280	1
4	30911	1
16	6964	-1
9	21836	1
44	28211	-1
19	5522	-1
28	22856	-1
49	9139	-1
42	2809	-1
4	27577	1
1	28789	1
3	1656	-1
46	15998	1
13	3115	1
30	28097	-1
16	22172	1
48	1490	1
5	19793	1
18	4352	1
48	15210	1
0	25952	-1
46	25723	-1
46	15530	1
36	11135	-1
43	18906	1
13	1362	1
5	26601	-1
8	15048	-1
2	13634	-1
18	277	1
40	14433	-1
46	9797	1
39	14816	1
1	12494	-1
4	22033	1
1	23128	-1
10	21781	1
39	28241	1
23	25093	-1
44	18161	1
40	4261	1
25	15918	-1
28	16955	-1
16	6752	1
41	18993	-1
37	14452	-1
26	1761	-1
14	23072	-1
29	1371	-1
47	22880	-1
43	17202	-1
13	20246	1
42	14567	1
49	9271	-1
22	22727	1
40	15379	-1
36	19274	1
46	22529	1
27	3635	1
13	23737	1
39	10549	1
1	14568	1
27	29782	-1
16	7605	-1
18	17061	-1
4	14216	1
49	19214	-1
43	1641	1
2	1088	-1
44	16977	-1
33	22331	-1
3	18203	-1
4	26981	1
44	28916	-1
34	18171	-1
13	7361	1
45	13684	-1
44	20539	1
39	22812	-1
4	15373	1
49	3065	1
6	1484	1
16	3232	-1
43	1242	1
37	25167	1
43	26623	1
28	1615	-1
33	7103	-1
23	20377	1
37	24900	-1
48	23951	1
29	11424	-1
36	6808	1
17	22812	-1
41	22597	-1
13	1054	1
9	21711	-1
29	17306	-1
43	15849	-1
42	10044	1
49	20404	1
20	25097	-1
9	30738	-1
44	20955	1
45	4327	-1
9	22172	1
42	9905	-1
26	9808	1
17	11971	1
13	9977	-1
2	25777	1
30	25776	1
25	11093	-1
11	19408	-1
8	21264	-1
36	301	1
0	1871	1
43	14988	1
43	4590	1
43	10363	1
39	3557	1
13	16798	1
15	5666	1
14	10785	-1
43	16396	1
14	6182	1
18	14433	-1
49	22795	-1
6	21079	1
6	11758	1
1	27819	-1
25	26271	1
35	21307	1
19	25468	-1
1	17435	-1
41	19852	-1
43	5643	1
48	18635	1
9	7043	-1
12	8864	-1
13	11082	1
9	18678	1
24	7329	-1
15	6912	-1
39	12459	-1
33	10143	-1
4	27749	-1
47	18335	-1
34	22560	-1
19	8851	-1
48	24449	1
8	30266	-1
8	17773	1
16	17657	1
24	13487	-1
44	20148	-1
42	22356	1
41	986	-1
22	10995	-1
48	509	1
8	1210	-1
26	12472	-1
7	6094	-1
20	5835	1
11	12317	-1
4	8401	-1
17	23125	1
20	29222	-1
42	8310	1
25	16413	-1
9	31012	-1
6	6469	1
22	21175	-1
16	5617	-1
8	19284	1
18	15398	1
46	23099	1
1	22887	1
37	1969	-1
37	10529	1
4	29288	1
32	606	-1
30	11058	1
49	11885	-1
19	22963	-1
42	15220	1
13	20486	1
4	5581	-1
0	9639	1
46	20838	1
9	14015	1
40	24910	1
29	25500	1
4	10669	1
48	9164	1
0	18865	-1
47	28938	-1
18	26805	1
24	29935	-1
36	25545	-1
40	22293	1
40	23303	1
1	28536	-1
8	12244	1
18	22648	-1
39	24681	-1
28	14193	1
25	3065	-1
8	25368	1
28	5367	1
42	25989	-1
13	23472	-1
8	4384	1
42	29353	1
25	28853	-1
6	635	1
20	17198	-1
30	27018	-1
48	14885	1
43	28333	1
18	27998	-1
33	8253	-1
9	10152	-1
4	27039	-1
42	26892	-1
15	16643	-1
2	23876	-1
40	29903	1
5	30328	-1
37	3534	-1
32	10481	1
19	21167	-1
23	9590	-1
47	14913	-1
14	16734	-1
5	18295	1
37	10570	-1
1	9333	-1
9	29349	-1
15	17931	-1
15	24083	1
46	3843	1
38	26331	1
43	14595	1
43	24581	1
9	2711	-1
9	10107	1
16	8516	-1
30	25971	1
28	2153	-1
22	19135	-1
13	17090	1
44	18427	1
48	21330	1
7	20187	1
43	15088	-1
29	7031	-1
40	9802	1
40	9929	1
19	7597	1
44	24224	1
41	7593	-1
39	21625	-1
23	14315	-1
12	18515	-1
28	8099	-1
8	29923	1
31	4828	1
11	12415	-1
31	9703	-1
4	17250	1
7	19985	1
10	6503	-1
33	13263	-1
40	18540	1
14	3207	1
26	5504	-1
47	1415	-1
42	19936	-1
8	30377	1
17	24343	1
18	9859	-1
44	7163	1
21	4007	1
44	29836	-1
36	6540	-1
5	31013	-1
10	16633	-1
1	11855	-1
29	667	-1
7	29850	-1
9	7933	1
40	15200	1
24	29124	-1
16	27322	1
33	2558	-1
40	28303	-1
17	29857	-1
37	17144	-1
43	24510	1
22	12498	-1
7	13272	1
39	20353	1
28	7413	1
32	18513	-1
4	8495	1
16	7852	1
10	3768	-1
6	4425	-1
47	10558	-1
20	22323	-1
48	17923	1
12	23639	-1
21	3869	1
45	24871	1
10	17639	-1
17	19093	1
39	16130	-1
8	15000	1
0	19854	1
14	21229	-1
32	10811	-1
42	1863	-1
33	9874	-1
26	27941	-1
35	7342	1
14	25764	1
2	18256	1
43	22320	1
47	18665	1
12	967	-1
23	28000	1
48	1182	1
48	14409	1
48	16160	-1
48	2923	1
19	29331	-1
7	14995	1
2	20341	-1
4	24635	1
4	29072	-1
8	19701	1
39	107	-1
12	17914	-1
30	4701	-1
6	28321	1
6	27262	-1
31	4206	-1
15	19288	-1
28	6899	1
17	5146	1
18	2974	-1
30	24350	1
23	16369	1
43	15804	1
36	16361	1
16	9059	-1
17	19617	1
1	25909	-1
38	23016	-1
4	5221	1
3	11499	1
46	5909	-1
41	22538	-1
49	2155	-1
14	45	1
46	22603	1
6	8810	1
7	26903	1
6	5489	1
28	28690	-1
28	17415	1
43	5595	1
5	9664	-1
0	15409	1
17	21659	-1
44	30632	-1
43	8250	1
4	4192	-1
47	8802	1
40	27887	-1
48	18328	-1
13	12144	1
41	23442	-1
1	29916	1
47	12510	1
0	6871	-1
46	9251	1
26	19917	-1
45	15392	1
17	21939	1
9	5515	-1
7	5302	-1
5	257	-1
27	17194	-1
12	14607	-1
44	19279	1
35	7711	1
40	25828	-1
0	30702	-1
21	3791	1
5	25596	1
35	24504	-1
43	28677	1
16	29878	1
48	9321	1
0	13336	-1
6	5990	1
48	18551	-1
46	11002	1
42	17300	1
18	24971	1
16	5174	-1
8	5556	1
44	19926	1
48	3649	1
18	17216	-1
39	6393	1
9	29635	1
5	19	1
48	18691	1
4	4037	1
43	23899	1
28	3121	1
36	7491	1
43	4658	1
18	96	-1
43	27572	1
21	23570	-1
16	12884	1
33	14063	-1
40	29011	1
45	26555	-1
1	30896	1
39	28143	-1
3	13603	-1
17	14707	-1
17	21069	1
26	3977	-1
35	13567	1
19	7786	-1
10	20378	-1
42	8013	1
12	16773	-1
43	15325	1
42	29402	1
35	29541	-1
4	14862	-1
29	8021	1
24	3796	-1
29	17595	-1
29	13134	1
36	13820	1
40	30771	1
46	18040	1
46	13549	1
29	2832	-1
39	29446	1
48	10426	1
39	17132	-1
24	7522	-1
37	29522	-1
37	15058	1
46	5905	1
48	29225	1
5	1339	1
36	10334	-1
10	13617	-1
21	23575	1
8	10575	-1
48	25769	-1
37	9645	1
35	26163	1
45	1588	1
41	16693	-1
21	1724	-1
13	649	1
34	12732	-1
14	24958	-1
31	2689	-1
4	25426	1
29	5056	-1
13	5480	1
22	28769	-1
9	869	-1
31	15669	-1
39	18410	1
8	18085	1
18	22415	-1
22	9191	1
10	15396	-1
28	28271	1
18	23925	-1
46	5997	-1
39	27934	1
48	22735	-1
42	16862	1
48	9305	-1
41	24743	-1
44	14706	1
48	29746	1
18	18930	-1
17	1994	-1
40	1452	1
8	7166	1
13	18437	1
18	21667	1
18	19804	-1
34	13116	1
44	14323	-1
9	29375	-1
8	28974	-1
36	1961	1
43	23592	-1
7	8791	1
35	4507	-1
16	14406	1
18	28545	1
13	8539	1
29	677	-1
36	26183	1
7	1475	1
43	16278	-1
43	3107	1
21	22318	-1
30	1117	-1
6	5334	1
34	23553	-1
46	18114	1
20	5015	-1
5	24561	-1
1	1299	-1
43	14293	1
16	2334	1
38	1070	-1
33	13017	-1
0	8543	1
24	15533	-1
35	793	-1
44	11137	1
8	27569	-1
26	207	-1
32	4697	1
7	13715	1
32	19236	-1
37	12936	-1
31	10303	-1
43	11435	1
46	6685	-1
30	12494	-1
19	17620	-1
6	15251	1
30	18564	1
23	2698	-1
7	9356	1
8	830	1
38	24124	-1
4	15899	1
32	25278	-1
2	17802	1
8	26483	1
45	5053	-1
8	17541	1
22	6868	-1
40	16089	1
28	30550	-1
26	4866	-1
36	9175	-1
43	20294	1
35	28988	1
9	11697	-1
22	1875	-1
22	11935	-1
40	18222	1
43	30000	-1
5	28726	1
4	12022	-1
39	25599	-1
24	973	-1
47	17023	-1
3	3699	-1
40	3233	1
45	27790	-1
40	5036	-1
47	3134	-1
2	10831	-1
46	18110	1
44	28220	-1
26	24676	1
45	4854	-1
46	9461	1
37	30939	-1
15	22963	-1
36	18763	-1
43	21623	1
35	22472	1
0	25212	-1
17	19442	-1
48	27125	1
43	10606	1
39	27219	1
48	14274	1
23	17603	1
35	19056	-1
43	6382	1
21	24701	1
17	8606	-1
16	10428	-1
38	12171	-1
46	26076	1
23	13934	-1
14	724	1
9	17853	-1
6	26282	-1
27	30209	-1
10	28436	1
43	92	1
43	6841	1
1	20227	-1
47	18482	-1
19	20230	1
32	19679	1
37	24540	-1
13	18135	-1
17	17565	-1
21	18513	-1
15	7782	-1
1	24703	1
42	21784	1
7	1976	-1
9	14033	1
40	26100	1
7	25433	1
4	23871	-1
17	224	-1
40	5756	1
46	24131	-1
42	20721	-1
33	18798	1
37	12719	-1
26	15384	1
4	18206	-1
6	28428	1
35	25783	-1
12	23962	-1
32	7793	-1
30	990	-1
6	19303	1
39	15333	-1
45	17707	-1
17	15360	1
18	9556	-1
9	15052	-1
8	27054	1
45	26561	1
15	29166	-1
38	3682	-1
28	20838	-1
17	22702	-1
7	1160	-1
11	27999	-1
17	9537	1
42	26428	1
31	21648	1
37	10062	-1
13	22841	-1
9	29266	1
23	475	-1
30	3334	-1
28	15590	1
1	30620	-1
39	21731	1
17	10159	-1
44	29399	1
18	16715	-1
27	12429	-1
9	31063	-1
23	8332	-1
42	20734	-1
5	16230	-1
8	24725	1
13	5208	1
34	8932	1
31	26691	-1
24	13064	-1
40	309	-1
6	5786	1
18	20468	1
23	16417	1
6	12817	-1
40	6625	1
12	16837	-1
18	3820	1
45	4935	-1
23	8464	1
6	22533	1
23	7814	-1
1	8287	-1
28	8664	-1
42	19680	-1
44	5095	-1
5	27723	1
34	21960	1
35	30796	1
39	29776	-1
19	27800	-1
21	22126	1
26	17988	-1
40	1247	1
20	25900	1
18	6171	1
45	18971	-1
48	19528	1
13	20330	1
20	22158	1
24	20483	-1
40	30108	-1
38	26248	-1
17	29503	1
8	13508	-1
29	8961	-1
33	15711	-1
21	26477	-1
23	2014	1
44	6060	1
46	2967	1
23	14094	-1
30	7741	-1
37	9049	-1
48	29398	1
32	12205	1
7	9337	1
37	6325	-1
2	17479	-1
28	27812	-1
32	3887	1
13	5110	1
7	22803	1
26	3811	-1
26	12258	1
15	12193	-1
23	13772	1
9	4342	-1
46	7482	1
33	16551	-1
9	15844	1
3	6030	1
19	9410	-1
27	3477	-1
37	10769	1
15	642	-1
43	6643	1
13	18685	1
41	7052	1
19	13779	-1
6	27733	-1
48	4777	1
4	9293	1
8	24724	-1
16	11311	1
6	6427	1
40	28400	1
1	14368	-1
40	30583	1
17	29102	1
30	3704	-1
30	2590	1
15	29069	-1
16	20654	1
48	21429	1
17	29366	1
46	29644	1
28	59	1
27	24207	-1
23	28030	1
19	4046	-1
31	16040	-1
0	2863	-1
26	2101	-1
18	23867	-1
42	12514	1
22	17924	-1
5	23805	1
8	13342	1
20	25467	-1
40	23157	-1
28	18960	1
19	7661	1
19	9765	-1
32	18338	1
26	27600	1
8	29970	1
6	14645	-1
18	13004	-1
16	26515	1
8	27653	-1
43	4222	1
36	18309	-1
4	14919	1
43	10559	1
39	13359	-1
1	16403	1
36	13623	-1
13	14460	-1
35	22965	-1
1	5625	1
24	18425	-1
7	16101	1
20	468	-1
4	9098	1
22	24872	1
35	19524	-1
40	15365	1
10	26769	-1
25	26778	-1
36	30832	-1
43	16846	1
18	25458	1
28	21666	-1
30	19615	1
40	12504	-1
28	23558	1
33	16973	-1
46	30788	1
30	17373	-1
22	12248	1
9	12644	-1
0	8120	1
39	26250	1
26	15647	-1
5	26529	1
46	20674	-1
20	15570	-1
47	16442	-1
44	22924	-1
30	22649	-1
28	8166	-1
12	9613	-1
46	2206	1
35	5098	1
28	25782	1
36	30410	-1
41	4189	-1
14	29634	1
38	5301	1
25	3458	-1
21	13803	-1
8	21784	1
42	29236	-1
27	22158	1
16	8692	1
48	27632	-1
39	3245	1
10	25249	-1
6	19582	1
24	21017	-1
44	12297	-1
12	14262	-1
13	15640	1
45	8041	1
6	11973	1
46	6114	-1
23	21097	-1
46	440	1
47	30072	-1
40	6229	-1
18	15384	1
7	22330	1
20	3051	-1
29	19329	1
24	4455	-1
8	27858	1
6	24466	1
47	2812	-1
48	16526	-1
42	16664	1
30	1246	1
1	7824	-1
28	361	1
8	16153	1
48	18760	1
45	11259	1
30	22617	1
29	6542	1
46	7840	1
13	10100	-1
43	7172	-1
49	18761	-1
40	15467	-1
19	4114	-1
22	28294	-1
28	4705	-1
1	17534	1
42	21787	-1
40	1767	-1
24	20099	-1
11	26810	-1
36	1774	-1
40	1844	-1
8	9376	1
34	13217	-1
1	28021	1
8	21339	1
36	4585	-1
38	29120	1
36	18252	-1
47	26482	1
17	12072	1
8	97	1
42	27089	1
13	27869	1
4	9915	-1
10	22435	-1
27	20006	-1
46	12369	1
15	29258	-1
26	17310	-1
42	24733	1
49	476	1
28	11672	1
23	1705	-1
18	30215	1
13	23874	-1
37	29219	-1
17	9233	1
25	18754	-1
3	2966	1
9	12412	-1
21	23354	1
9	14873	-1
30	4372	-1
46	23228	1
23	25999	-1
8	11969	1
43	5281	1
46	27954	1
35	8476	-1
13	2652	1
29	15608	-1
13	20519	-1
2	21103	-1
44	3493	-1
6	20368	1
29	2056	-1
17	22576	-1
17	10233	1
16	1194	1
14	8933	-1
48	27762	1
12	10772	-1
13	4798	1
6	25398	1
40	643	1
9	2645	-1
46	8296	1
46	15289	1
33	26297	-1
2	4834	-1
13	3912	1
44	16670	-1
17	9449	1
40	23769	1
17	26572	1
45	8540	1
9	16085	1
43	23498	1
11	16166	-1
10	24685	-1
35	29387	-1
27	5296	-1
43	421	1
29	25625	1
7	21010	1
43	5899	1
49	22043	1
9	4052	-1
5	10113	-1
40	22617	1
49	15574	-1
8	28568	1
2	24203	-1
43	14186	1
36	17704	1
48	5957	1
26	20297	-1
2	23810	-1
6	15178	-1
27	2678	-1
20	23293	-1
45	15815	1
48	7515	1
38	22510	1
33	29749	-1
27	25258	-1
20	9167	-1
8	24896	1
18	23654	1
46	180	1
46	26425	1
12	15840	-1
23	27703	-1
29	28831	-1
29	10866	-1
29	148	-1
43	27968	1
18	25513	-1
20	8410	-1
13	11351	1
28	12248	-1
7	15154	-1
6	15881	-1
48	13675	-1
8	20968	1
16	17348	1
15	26393	-1
44	15252	-1
36	2422	-1
20	5502	1
13	18653	-1
43	11503	-1
13	11624	1
35	7538	1
43	7211	1
32	12835	-1
38	15942	-1
34	30749	-1
48	6127	1
43	11985	1
13	17910	1
24	27792	-1
43	4785	1
4	13125	1
38	3588	-1
40	11764	1
5	17462	1
26	9187	-1
4	20848	1
43	9181	1
43	13159	1
44	30544	1
47	12689	-1
32	31043	-1
36	10951	-1
38	25465	-1
46	30292	1
26	18517	-1
13	14047	-1
6	18646	-1
21	26065	1
38	25992	-1
12	26017	-1
5	10899	1
42	14341	1
46	1149	1
44	1613	1
15	8207	-1
0	30964	1
41	22687	-1
19	10932	-1
1	2570	1
26	12372	-1
40	4943	1
39	29787	1
6	29251	1
37	26348	1
10	18562	-1
28	1585	-1
8	23395	-1
10	27934	1
31	26492	-1
43	1582	1
18	402	1
37	17145	-1
33	18222	-1
41	22109	1
47	28671	-1
17	20870	-1
28	3096	1
31	22712	-1
14	9078	-1
9	16860	-1
39	25761	1
49	10074	-1
49	28791	1
30	3856	-1
13	28212	1
47	17600	-1
28	20302	1
34	30643	1
32	18062	1
6	3257	1
36	13102	-1
42	23381	1
48	805	1
41	4552	1
41	24793	-1
49	16651	1
30	511	1
22	16104	-1
14	13583	-1
21	7749	-1
49	21767	-1
42	15941	-1
46	9531	-1
27	3098	-1
28	18256	-1
6	21919	-1
21	27289	-1
36	28766	1
6	5417	1
42	21974	1
33	15982	-1
46	15370	1
44	18705	1
14	13735	-1
13	21385	-1
17	1856	1
46	8593	1
2	22612	-1
28	3830	1
46	6080	1
22	11999	-1
15	22659	-1
0	11487	1
4	22142	1
15	25499	-1
31	26570	-1
42	16992	1
7	24071	-1
21	16073	-1
47	16491	-1
31	10160	-1
3	17454	-1
23	19358	1
5	18845	1
4	13783	1
11	14411	-1
17	16075	1
48	16585	1
49	15987	-1
13	18848	1
19	22510	-1
34	29090	-1
13	11805	-1
34	22304	-1
43	21447	1
22	7118	-1
8	15162	-1
3	23114	-1
10	23065	1
44	7454	1
48	8389	-1
40	29322	-1
2	3285	-1
13	17764	-1
1	2652	-1
6	6073	1
42	9923	1
12	14031	-1
30	19144	-1
42	12692	1
48	6361	1
17	4151	1
33	14322	-1
15	4145	-1
13	25963	1
44	13217	-1
5	16491	-1
39	10677	-1
43	28797	1
8	4122	-1
35	3000	-1
21	1796	1
39	8636	1
8	29497	1
33	2318	-1
41	19275	-1
23	10152	1
6	10523	1
5	16017	1
2	3095	1
40	14045	1
16	24624	1
28	13378	-1
42	83	1
22	27425	-1
18	9390	1
26	16596	-1
6	7351	1
18	17469	-1
48	20708	1
25	12375	1
23	11280	1
1	7058	-1
42	6867	1
17	10930	1
27	2596	-1
16	4648	-1
33	12474	-1
36	19909	1
17	11383	1
7	25607	-1
5	779	-1
4	21574	1
48	17635	1
43	11819	1
40	25399	-1
5	25565	1
28	22013	-1
33	1211	-1
33	6417	-1
8	6339	1
29	29908	1
42	28280	-1
23	1017	-1
17	15726	1
4	11319	-1
42	13636	1
33	6642	-1
42	2174	1
29	7355	1
48	24305	1
5	15722	-1
25	6818	-1
36	20525	1
37	12029	-1
48	29518	1
13	9788	1
37	25543	1
16	27041	1
0	17194	1
46	8417	1
37	3830	-1
32	19968	-1
39	24984	1
18	14138	-1
44	6462	1
4	11843	1
42	14291	-1
31	29554	-1
49	18638	1
10	25629	1
29	11219	-1
6	14146	1
13	11668	-1
42	21536	1
42	24424	-1
22	15378	-1
20	21217	1
40	6834	1
30	6056	-1
1	5537	-1
37	23989	-1
37	30807	-1
5	787	1
41	4006	-1
40	268	1
35	14014	-1
16	15741	-1
8	30971	1
15	13294	-1
8	13592	1
18	25687	-1
21	22942	-1
38	10794	-1
49	8253	1
5	3475	1
13	23736	-1
3	22416	-1
1	18677	1
10	8798	-1
43	10260	1
27	4561	-1
6	12509	-1
35	29451	1
23	25028	-1
13	10047	1
18	28131	-1
18	6349	1
25	20315	1
5	13216	1
46	13953	-1
22	173	-1
17	27571	-1
44	28692	1
43	312	1
35	22680	-1
44	22715	-1
19	10388	-1
25	6864	-1
45	14224	-1
10	6043	1
43	29097	-1
48	20471	1
40	25890	1
12	12201	1
6	2418	1
45	21924	1
42	13832	1
38	8189	1
1	25585	-1
46	16455	-1
34	19286	1
5	13634	1
42	6647	1
1	21575	-1
48	4041	1
16	8946	-1
9	29662	-1
25	2741	1
42	28078	1
23	27102	1
1	22081	1
8	16280	1
19	25324	-1
35	4720	-1
46	1166	1
15	6107	-1
13	9646	-1
35	21407	-1
4	25997	1
7	12928	1
33	22015	-1
43	28931	1
8	15534	-1
25	6613	-1
10	18974	-1
40	4269	1
28	4597	1
30	13278	1
21	20574	-1
17	21094	-1
44	8304	1
16	19710	1
42	6028	1
36	25934	-1
42	17066	1
12	8059	-1
48	1395	1
32	15802	-1
4	4903	1
45	7267	1
42	30985	-1
46	24462	1
9	15569	-1
26	6357	1
40	10807	-1
16	23307	-1
8	139	-1
18	1259	1
10	30857	-1
10	21075	-1
32	5981	-1
46	18166	-1
41	21754	1
48	2695	-1
29	12719	-1
5	8438	-1
4	21911	1
30	12312	-1
34	24299	-1
7	24278	-1
46	6535	-1
2	26191	-1
35	1784	1
7	18471	1
31	6978	-1
35	11080	-1
7	12474	1
48	7048	-1
3	9575	-1
38	28612	1
21	12552	1
33	1673	-1
42	3022	1
33	7463	-1
0	27745	1
42	18092	1
17	16211	1
8	4754	-1
27	27281	-1
48	4183	1
21	11221	-1
4	24281	-1
27	24489	-1
45	3338	-1
5	26992	1
5	22074	1
0	10517	1
4	19386	1
45	13910	-1
10	4500	-1
4	3764	1
48	7940	-1
30	31072	-1
5	19528	-1
45	1716	-1
8	12740	1
10	29492	-1
18	20088	-1
43	3220	1
20	30734	1
43	28056	1
43	6509	1
46	9740	-1
6	10183	-1
43	5319	1
23	7051	-1
43	6013	1
48	7504	1
13	16175	1
35	29098	1
46	21671	1
46	11083	1
10	8408	-1
9	16562	-1
4	3159	1
30	7125	-1
42	9091	1
23	9858	-1
13	18748	-1
31	3382	-1
19	29379	1
12	25659	-1
26	17736	-1
37	16960	-1
43	8245	-1
45	7658	-1
38	9345	-1
1	12196	-1
8	20719	1
16	14496	-1
42	15311	1
46	21889	1
3	6888	-1
17	14372	-1
12	7529	-1
46	12514	1
5	13781	1
8	28807	1
48	24552	-1
13	15859	1
35	10582	-1
19	19018	-1
37	21036	-1
11	23845	-1
34	3131	-1
5	27785	1
17	24114	1
13	29291	1
46	17683	1
8	22946	1
26	24302	1
10	20509	-1
8	4258	-1
18	18264	1
48	6318	-1
49	6531	1
3	21746	-1
22	1573	-1
24	3106	-1
49	26651	-1
48	6657	1
30	3273	-1
8	30609	-1
6	10431	1
21	19005	1
39	2927	-1
8	28731	1
7	13782	1
43	15264	-1
35	5152	-1
40	10326	1
47	20400	1
46	11836	-1
45	8603	1
28	20329	1
48	23534	1
13	10212	-1
48	10218	1
28	2839	1
1	18434	-1
16	5922	-1
17	30210	1
12	8528	-1
28	27024	-1
23	15745	-1
7	287	1
42	9486	1
34	947	-1
32	7036	1
40	6407	1
13	8700	1
8	19180	1
45	30463	1
1	3838	1
33	18804	-1
2	1404	-1
11	18538	-1
30	23998	-1
43	30212	1
33	24236	-1
10	19475	-1
46	15416	1
40	18375	1
23	28049	1
34	12723	-1
47	17892	-1
13	21743	1
9	26428	-1
27	12908	-1
32	26712	-1
43	1538	1
5	15128	-1
17	1690	-1
17	10203	1
11	12445	-1
48	9288	1
1	23199	1
14	3669	1
47	24677	-1
1	3898	-1
18	554	1
38	27078	-1
3	28629	1
31	20136	-1
5	12458	-1
38	13500	-1
37	2354	1
16	21728	1
34	3992	-1
44	29771	-1
40	14225	1
2	11493	-1
5	23160	1
14	1746	-1
37	22205	-1
4	5291	-1
44	25017	1
18	17088	1
17	18630	1
13	19588	1
18	17938	1
44	687	1
18	841	-1
47	29980	-1
25	837	-1
0	29394	-1
8	3336	1
47	12075	1
3	27571	-1
4	19979	1
20	26284	-1
16	24808	1
36	17070	1
23	1897	-1
1	9572	1
8	21904	1
45	27937	-1
41	2238	-1
6	18890	1
35	25526	1
43	12248	1
44	29763	-1
46	7138	1
43	13107	1
36	1174	-1
8	27658	1
16	27253	1
43	19045	1
14	26374	1
23	29925	-1
14	5951	-1
46	17353	1
32	22754	1
0	5925	-1
29	29901	-1
8	23687	-1
27	20645	-1
11	18443	-1
25	2663	-1
44	28035	1
46	13683	-1
46	27677	1
19	21978	-1
14	698	-1
6	17910	1
48	13156	1
13	2294	-1
13	5156	-1
1	11907	-1
46	29803	1
43	4909	1
22	19125	-1
46	1031	1
48	5835	1
0	17587	-1
8	28512	1
17	7113	-1
27	12215	-1
44	7507	1
39	23513	-1
25	30590	-1
23	18984	1
49	3731	-1
35	1188	1
25	24083	-1
6	11092	1
48	5441	1
23	17204	-1
17	1870	1
30	8928	1
14	25550	-1
22	25678	-1
26	2978	-1
16	28350	-1
19	6168	-1
40	11370	1
16	22133	1
39	21246	-1
0	5439	1
46	7636	1
28	31061	1
32	24038	1
20	1942	-1
1	11845	-1
20	19732	1
6	29548	1
49	27969	1
10	385	-1
6	1877	1
6	17000	1
45	11914	1
35	9449	-1
23	17276	-1
35	3601	1
20	24897	1
39	10981	1
0	30010	-1
46	29852	1
35	29146	1
14	5749	-1
46	15429	-1
47	24179	-1
5	18201	1
4	17114	1
43	24472	1
23	22355	1
17	23383	1
17	25778	1
13	6458	1
18	1132	-1
5	1235	-1
23	3687	-1
4	2222	1
48	2226	1
15	24074	-1
31	1704	-1
6	9662	-1
41	29154	-1
2	13452	-1
41	9359	-1
49	7558	-1
43	9085	1
43	28126	1
30	12284	-1
35	5851	1
16	17537	1
8	18913	1
9	7145	1
12	22339	-1
20	3907	-1
39	23304	-1
49	9497	-1
20	30217	-1
20	7353	-1
48	4176	1
9	6668	1
42	5229	1
43	14330	1
48	10015	1
42	28772	1
46	24633	-1
5	25370	1
38	15316	-1
27	13080	-1
49	504	-1
12	26828	-1
43	13129	1
44	27358	-1
5	28321	-1
40	8317	1
42	13319	-1
13	4902	1
6	7363	1
46	12856	1
1	21618	-1
29	20569	1
1	2736	1
12	28017	-1
8	3710	-1
44	23142	1
22	21018	1
20	23235	1
14	21246	-1
16	13933	1
40	9581	1
6	9567	-1
29	27486	-1
4	6169	1
48	4279	1
20	10885	1
4	23735	1
13	23582	1
13	16001	-1
43	6470	1
19	8623	-1
9	29629	1
7	5361	-1
25	25260	-1
16	10817	1
1	2632	1
23	6309	-1
48	23349	1
31	17908	-1
37	22096	1
13	5460	-1
6	22980	1
35	6525	1
21	9184	1
42	13469	1
31	19152	-1
32	10232	-1
40	14722	-1
14	15162	1
42	29282	1
40	18350	1
17	5698	1
21	15080	-1
37	27528	-1
43	12190	1
43	14703	1
49	22109	-1
46	22850	1
43	6740	1
30	24772	1
38	2676	-1
47	3020	-1
28	19293	-1
3	1674	-1
7	3454	-1
22	18243	-1
48	27026	1
0	18258	1
8	28530	1
10	28730	1
32	27727	1
30	26920	1
1	3628	-1
46	16904	1
13	29865	1
15	22716	-1
28	20867	1
10	5609	-1
49	2609	-1
46	30678	-1
18	861	1
6	7537	1
37	10292	-1
8	12563	1
30	27089	1
43	2978	1
44	17171	1
0	8929	-1
13	10083	1
40	16006	1
31	29782	-1
37	8078	-1
3	24716	-1
8	1155	1
8	19247	-1
14	22123	-1
38	16520	-1
4	10359	-1
16	6310	-1
25	23380	-1
48	15183	1
41	1505	1
5	21111	-1
2	6794	-1
32	16833	-1
15	17074	-1
46	13258	-1
19	10000	-1
13	14711	1
39	21161	1
10	27754	1
6	14635	1
10	756	1
23	26908	-1
13	3331	-1
15	12631	1
40	29846	-1
21	29595	-1
10	27564	-1
5	26567	-1
16	3351	1
24	12974	-1
31	12228	-1
3	25156	1
34	22185	-1
7	6055	-1
18	9766	-1
17	2315	1
24	26363	-1
21	21409	-1
5	9037	-1
44	1410	-1
36	28259	-1
34	19299	1
43	19022	1
46	22477	1
46	29405	1
44	16184	-1
26	8134	-1
42	7839	1
40	10757	-1
43	27223	1
42	8410	1
11	8419	-1
8	29917	1
10	25766	-1
9	9994	-1
43	7117	1
13	23872	1
35	23313	-1
4	25413	1
17	20338	-1
1	9476	1
46	24765	-1
26	12175	-1
7	22386	1
16	5957	1
45	7734	1
48	22052	1
8	27077	1
19	30845	-1
17	12322	-1
45	19689	-1
8	12830	1
43	1260	1
43	2201	1
39	15056	1
38	6030	1
43	20802	1
17	14508	1
15	12046	-1
30	29010	-1
2	27259	-1
46	8890	1
11	21516	-1
17	23211	1
13	8744	1
10	20356	1
18	3457	-1
21	21287	1
48	30323	1
13	1275	1
25	29920	-1
13	22165	-1
0	23084	1
16	9045	-1
0	3794	-1
43	10203	1
8	14099	1
18	5387	1
25	5920	-1
4	27498	1
4	5910	1
14	638	-1
23	27136	1
35	20781	1
20	3114	-1
10	14144	1
9	9706	-1
45	18672	1
40	8198	1
44	19207	-1
43	4342	1
40	15969	1
39	1181	1
42	23992	-1
8	14910	1
18	26091	1
4	26756	1
8	8705	1
37	4602	1
42	3999	1
34	7700	-1
14	8589	1
44	30170	1
10	20096	-1
33	29270	-1
45	18862	-1
48	2518	1
40	3139	1
18	30447	1
19	7355	1
39	11036	1
16	6985	1
23	28422	-1
40	1895	1
48	765	-1
40	19143	-1
28	23961	1
35	16397	1
13	30129	1
17	872	-1
37	4283	-1
40	2080	1
18	23052	1
18	4759	-1
13	13518	1
6	6195	1
10	6146	1
43	14375	1
30	17655	-1
26	4795	-1
37	17414	-1
39	18246	-1
30	12559	-1
33	6286	-1
34	954	-1
30	18737	1
40	2645	1
19	21897	-1
40	19047	-1
36	12064	1
8	1515	1
25	13602	1
43	1812	1
1	19613	-1
10	20730	1
4	14575	1
6	10968	1
7	29293	-1
2	7407	1
32	21971	1
0	8571	-1
19	19894	-1
39	3459	1
0	4180	-1
17	8653	-1
8	15699	1
4	21356	1
44	16173	-1
1	15325	1
30	9850	-1
47	26833	-1
11	15200	-1
36	18212	-1
27	25852	-1
6	25704	1
20	9332	-1
47	21305	-1
46	23405	-1
48	8498	1
0	17860	-1
43	20307	1
6	11788	1
4	10397	1
12	13114	1
23	15911	-1
49	11294	1
38	11420	-1
30	21239	-1
43	26808	1
33	5559	-1
5	27462	-1
7	2017	-1
13	22320	1
6	30171	1
14	17787	1
21	27491	-1
46	7559	-1
10	16101	1
9	9678	-1
48	29440	-1
46	11151	-1
24	11367	-1
39	26294	1
20	10941	1
30	10470	1
43	15065	1
46	19243	1
1	27292	1
40	25970	1
7	17648	1
21	21031	-1
42	25828	1
31	1351	-1
21	177	1
6	16832	1
8	3892	1
46	19773	-1
32	20739	-1
23	22954	-1
20	23138	-1
13	21529	1
10	29620	1
3	25972	-1
9	8455	-1
40	2409	1
5	6243	1
1	17869	-1
49	335	1
25	22924	1
21	18676	1
35	18804	-1
40	4409	-1
26	980	1
39	9460	1
41	284	-1
29	7348	-1
30	29645	1
6	25104	-1
8	8882	1
0	6596	-1
1	30779	-1
10	4036	-1
28	14879	-1
36	12420	-1
24	17825	-1
43	10858	1
14	14676	-1
8	12114	1
8	15679	1
28	2947	-1
22	26926	-1
20	2228	-1
35	7867	-1
13	18729	1
28	14522	-1
11	19158	-1
26	6391	-1
25	3019	-1
38	8431	1
22	5846	-1
18	23376	-1
39	22951	1
32	24285	1
47	9580	-1
43	11277	1
47	20133	-1
43	8828	1
27	12920	-1
6	9345	1
45	11195	-1
35	9910	-1
40	28836	1
18	1261	-1
47	9979	-1
12	22476	-1
15	11241	-1
36	9213	-1
48	14229	1
16	18639	-1
25	5336	-1
46	20983	1
18	11266	1
13	29280	1
12	23599	1
1	1733	1
0	3980	-1
8	5957	1
41	18204	-1
45	23041	-1
32	12601	-1
39	29891	1
1	15680	-1
42	10683	-1
40	23481	-1
43	18691	1
19	20681	-1
20	26109	1
14	18563	1
10	12928	1
29	3306	-1
14	15619	-1
44	3230	-1
44	21442	1
25	3967	-1
43	22416	1
24	18870	-1
39	18916	1
25	30279	-1
49	10336	1
21	14352	-1
33	28956	-1
31	19879	-1
20	15802	-1
47	17828	-1
15	30295	1
19	29201	-1
35	21621	-1
36	30873	-1
39	2920	-1
42	6727	1
38	14546	-1
8	2149	1
15	8611	-1
7	8950	1
4	10145	-1
4	7996	-1
13	12190	1
16	21830	1
43	6218	1
13	4099	1
45	11263	-1
44	3360	1
2	25891	-1
1	10426	1
40	17260	-1
46	24067	1
3	16087	-1
29	27743	1
46	9674	-1
29	21246	-1
37	5240	-1
21	14042	1
16	4852	1
5	7353	1
8	28888	1
35	15230	-1
46	25700	1
27	28539	-1
43	19871	1
46	20221	1
35	22027	-1
43	18009	1
7	5946	1
35	7158	-1
10	30435	-1
40	30714	-1
9	18044	-1
4	2590	1
48	5699	1
1	860	-1
21	13304	-1
41	5377	-1
3	15857	-1
23	25084	1
0	25388	1
13	26573	1
42	4591	1
47	23829	1
13	27911	-1
41	13158	-1
43	29630	1
0	5738	-1
43	22855	1
28	21131	-1
25	7133	-1
1	26521	1
6	14642	1
14	29465	-1
28	28942	-1
13	10806	-1
18	7874	-1
20	22097	1
30	28359	1
30	15189	1
43	20056	1
18	15604	-1
4	5156	1
49	20612	1
46	4664	1
28	16789	-1
12	25335	-1
2	19620	1
36	14042	1
48	30439	1
25	8697	-1
35	9240	1
12	28083	1
7	30110	-1
5	22104	-1
13	15359	1
43	25878	1
20	176	1
44	23173	-1
21	9231	-1
14	13088	1
5	22718	-1
43	29888	1
35	18604	-1
49	14258	-1
40	25344	1
48	27643	1
43	23406	1
18	15131	1
42	15349	1
32	29654	-1
42	16329	1
44	31083	1
49	29857	-1
28	27651	1
5	29189	-1
1	9287	1
1	27625	1
45	860	1
20	13769	-1
15	8747	-1
49	12045	1
48	6826	1
46	5279	1
15	16938	-1
49	20119	1
4	2824	1
1	3768	1
17	17773	-1
41	8328	-1
26	21238	-1
20	30211	-1
47	4701	-1
39	13335	1
34	17430	-1
8	29375	1
48	11190	1
27	19023	-1
29	4521	-1
0	27350	1
43	3375	1
49	8710	-1
28	30697	1
43	1416	1
48	2052	-1
49	10391	1
13	4979	1
44	23571	-1
43	17226	1
36	30296	-1
9	17215	-1
13	18999	1
40	27852	1
48	21555	-1
23	25848	-1
8	30832	1
13	21164	1
21	8310	1
43	16458	1
34	624	-1
26	17784	-1
13	11808	1
43	13164	-1
49	24739	-1
33	16447	-1
16	2594	-1
23	19255	1
46	3874	1
31	29534	-1
4	28939	-1
6	7896	-1
23	21579	1
17	166	-1
27	25596	-1
22	26737	-1
48	9043	1
18	29309	1
27	14196	-1
12	19637	-1
3	4336	-1
42	6778	1
42	23176	1
31	21084	-1
34	11598	-1
14	29201	-1
8	3478	1
7	12088	-1
45	29938	1
6	1487	1
48	28650	-1
43	20597	-1
1	14154	1
0	26701	1
4	187	1
25	8602	-1
39	9350	-1
40	22172	1
28	21103	1
19	4691	-1
33	1065	-1
25	26712	-1
7	25706	1
46	22049	-1
20	30723	-1
44	615	-1
22	4587	-1
46	27388	1
36	16665	1
14	9019	-1
39	20562	-1
6	23329	1
48	5104	1
35	8842	1
41	19923	1
35	9617	-1
22	26205	-1
49	16739	1
13	28972	1
22	21382	-1
28	27396	-1
43	18248	1
8	12384	1
46	2322	1
42	7096	1
46	26527	-1
40	16983	1
16	20772	1
18	7548	-1
10	26294	1
47	14233	-1
29	7945	-1
43	26813	1
16	20707	-1
12	2535	-1
42	24714	-1
43	20166	1
7	23765	-1
48	12531	1
48	23946	1
32	11639	-1
34	16041	-1
10	20134	-1
19	16502	-1
39	23670	-1
7	2377	1
15	14537	-1
30	1198	-1
4	10979	1
49	15861	-1
40	29324	-1
6	25970	-1
42	12364	1
8	23303	1
35	24795	1
31	23428	-1
10	9071	-1
11	1915	-1
43	4025	1
12	23199	-1
11	2850	-1
32	6141	-1
12	9595	-1
8	9268	-1
21	30750	-1
44	20077	1
4	15855	1
20	24741	-1
42	10968	-1
33	4718	-1
20	26009	-1
49	5385	1
12	28873	-1
26	4372	-1
48	506	1
16	285	-1
4	11069	1
35	26551	1
24	22704	-1
18	2114	1
40	14532	1
8	15742	1
36	10267	-1
16	13264	1
48	24461	1
35	3102	1
7	3261	-1
6	28311	1
14	7399	-1
42	14635	-1
0	3086	1
9	28965	-1
35	19017	1
40	26468	1
21	16728	1
19	23281	-1
18	26248	1
10	8418	-1
29	26928	-1
33	3547	-1
21	3536	-1
37	8295	1
25	25775	-1
1	20531	1
0	3566	1
36	20528	1
35	13207	-1
33	21304	-1
39	13562	1
21	5891	1
48	24875	1
23	16772	1
14	25905	-1
23	23127	1
47	22906	-1
33	24026	-1
11	28103	-1
0	4778	1
5	18413	-1
13	8528	1
8	26247	1
48	2668	1
40	6766	1
35	12521	-1
31	14908	-1
23	11546	-1
17	27885	1
9	6122	1
48	14284	1
28	3205	1
35	25905	1
48	12456	1
49	15550	1
15	4410	-1
29	18384	-1
12	23458	-1
16	7253	1
8	12160	1
25	20155	-1
46	18676	1
2	10791	-1
6	13595	1
6	591	1
48	15405	1
14	27601	-1
36	26370	-1
37	6024	-1
39	16153	1
8	20841	1
13	12248	1
40	26751	1
8	26558	1
28	10319	-1
18	26021	-1
46	3618	1
37	24147	-1
39	17805	1
35	19407	-1
11	6628	-1
40	27280	-1
10	28809	-1
22	9534	-1
16	606	1
39	9605	-1
48	29002	1
19	5142	-1
26	17295	-1
16	26626	-1
37	27576	1
47	16118	-1
40	23011	1
46	13591	-1
38	9867	-1
43	15581	1
48	20448	1
4	2999	1
29	1263	-1
49	24556	-1
17	24815	1
40	17770	-1
20	13408	-1
21	23841	1
17	22472	1
5	17723	1
29	21119	-1
29	1039	-1
8	19049	1
13	15073	1
7	27492	1
48	27932	1
16	18708	1
46	26230	1
44	17635	-1
38	23978	-1
38	2654	-1
49	2122	-1
1	11233	-1
14	8185	-1
43	21300	1
12	19663	1
38	9090	-1
28	4099	-1
23	9572	1
25	15924	-1
20	22164	-1
20	20585	1
8	11514	-1
6	25409	-1
7	13513	1
46	3031	1
31	10028	-1
45	13338	-1
43	13826	1
13	26904	-1
23	27954	-1
43	22211	1
4	18902	1
32	27399	1
25	27969	1
42	5279	1
43	9299	1
43	5954	1
40	5471	1
43	7436	1
20	8575	-1
16	22017	-1
23	5385	1
25	16240	-1
15	29481	-1
12	19044	-1
31	21565	-1
6	25197	1
36	23105	-1
43	17970	-1
17	8089	1
40	13098	1
46	5934	1
34	20605	-1
2	19429	-1
16	28205	1
1	15820	1
10	5256	-1
9	10664	1
1	5504	1
25	1245	-1
16	23723	-1
5	3445	-1
42	3269	1
1	2354	1
25	15089	-1
12	17502	1
48	20977	1
43	8	1
4	16709	-1
42	18672	1
3	1334	1
17	21065	-1
18	13138	-1
13	22726	1
9	27224	1
14	26370	-1
4	19738	-1
5	18996	-1
19	11552	-1
11	8772	-1
47	13335	-1
42	24962	-1
12	12611	-1
43	3236	1
34	8440	1
13	24927	1
49	1828	-1
25	29154	-1
21	10304	-1
21	1809	-1
49	8831	1
21	15958	1
43	30992	-1
13	26757	1
3	29137	-1
5	4261	-1
28	11018	1
43	14852	1
28	16026	1
16	8993	1
20	187	-1
8	24953	1
8	20905	1
43	21459	1
37	17895	1
43	12182	1
6	29774	1
1	22274	-1
17	10364	1
31	3659	-1
16	13246	1
9	30427	-1
46	26148	1
25	13349	-1
0	18677	1
16	1573	-1
35	20704	-1
23	16381	-1
35	14703	-1
12	15095	-1
26	21964	1
29	4555	-1
13	20866	-1
22	11561	-1
16	8462	-1
48	10855	1
9	14844	-1
28	11370	-1
42	20	1
15	8859	-1
0	18445	-1
26	26562	1
48	21116	1
43	15561	1
0	30484	-1
42	27212	1
47	17875	-1
1	7571	-1
42	27921	1
18	29997	-1
31	12332	-1
6	7015	1
8	1845	1
1	20446	1
14	30441	-1
5	883	1
49	30073	-1
14	13246	-1
0	17782	-1
48	19319	-1
44	22297	1
39	3959	1
39	18494	1
8	19492	-1
1	29386	-1
8	9893	1
46	4313	1
1	25705	1
25	6433	1
37	11501	1
20	24950	-1
15	4921	-1
41	23648	-1
22	25975	-1
18	16203	-1
0	13251	1
35	18693	-1
48	30072	-1
43	29984	1
40	10133	-1
48	5631	1
5	9139	-1
37	22821	-1
46	28114	1
16	14326	1
28	14424	1
48	28913	1
39	8233	-1
34	2427	-1
16	4022	-1
6	30658	1
25	27982	-1
31	24458	-1
40	22188	1
21	12451	-1
28	25794	1
33	2254	-1
40	5335	1
39	30234	-1
48	15570	1
20	23355	1
45	9637	1
13	19971	1
37	7595	-1
22	8769	-1
35	8277	1
39	4477	1
12	11809	-1
18	29227	1
4	18843	1
30	30576	1
6	26967	1
23	5263	1
47	16512	-1
42	2082	1
10	18338	1
37	6457	1
22	15599	-1
41	21532	-1
18	12639	1
49	1875	1
3	24556	1
36	7092	1
13	9882	-1
4	28622	1
47	5893	1
42	3232	-1
10	14176	1
20	9711	-1
36	22212	1
37	10376	-1
12	17533	1
8	24650	1
8	25173	-1
7	9148	-1
35	488	-1
3	21966	-1
7	22696	1
4	17817	1
16	29977	1
45	25818	-1
42	4112	1
42	27519	1
25	1511	1
42	6458	-1
1	3495	-1
42	28835	1
3	619	-1
42	9545	-1
43	26198	1
37	26940	1
28	30957	-1
35	5952	1
36	30226	-1
46	14686	1
13	22987	1
21	5109	-1
46	10164	-1
9	18717	1
20	9838	1
27	4916	-1
0	195	-1
46	21536	1
38	1064	-1
37	9108	-1
23	8834	1
17	23066	-1
5	8238	-1
39	29266	1
46	4352	1
4	5625	1
15	22147	-1
38	22874	-1
6	9812	1
9	18759	-1
42	27998	1
42	2685	-1
7	19987	1
43	27507	1
21	21728	-1
9	29504	1
27	13009	-1
14	24203	1
30	17994	-1
39	13253	-1
43	2782	1
34	20609	-1
8	6101	1
31	1240	-1
24	6542	-1
15	25927	-1
48	28452	1
15	18404	-1
49	14271	-1
12	4469	1
12	24355	-1
45	18465	1
2	3553	-1
17	7811	1
8	4428	1
18	12025	-1
10	1468	1
3	30582	-1
19	14713	-1
47	21649	-1
20	28064	-1
8	851	1
17	17850	-1
32	29945	-1
29	18	-1
31	27223	-1
39	13759	1
1	18027	1
5	6762	-1
46	25102	1
35	4430	-1
33	29688	-1
46	16680	1
26	25089	-1
48	10761	1
49	15020	1
33	8890	-1
17	25397	1
44	1117	-1
33	21157	-1
13	5894	1
15	5828	-1
6	17073	1
14	21174	-1
21	12032	1
33	10630	-1
31	21800	1
0	6407	1
39	2813	-1
36	15170	1
8	28894	1
13	27614	1
16	20938	-1
17	1616	-1
39	26076	-1
43	206	-1
43	13899	1
31	12939	-1
47	28638	1
33	3285	-1
28	21615	-1
17	24415	-1
27	25300	-1
43	14593	1
40	24314	-1
35	29469	1
2	26457	-1
16	25640	1
42	20995	1
28	18305	1
7	3560	-1
4	18459	-1
21	27379	-1
36	6644	1
44	20429	-1
23	13365	-1
48	30783	1
20	10640	-1
22	27637	-1
14	13400	1
44	9004	1
43	8676	1
0	673	1
36	18672	-1
28	21776	-1
8	13763	1
13	30895	1
12	25438	-1
39	11349	-1
34	7445	-1
42	4	-1
22	20434	1
44	5407	-1
10	30473	1
43	3413	1
41	13084	-1
1	12528	1
28	4171	-1
5	18389	1
36	30937	-1
28	11460	-1
9	28191	-1
46	20498	1
48	4481	1
14	30460	-1
9	26447	-1
2	17067	-1
21	10935	-1
28	21250	1
5	29726	1
46	30300	1
18	9328	-1
16	16135	1
16	3742	-1
40	13261	1
19	29907	-1
46	28635	-1
4	10655	1
6	19841	1
9	12741	1
30	6850	-1
18	12592	-1
5	24738	-1
47	27140	-1
42	13583	1
5	20333	-1
18	19925	1
22	20222	-1
40	16122	1
17	22030	1
7	17333	1
29	8044	1
43	15781	1
31	27330	-1
49	21801	1
39	21184	-1
13	3570	1
33	14536	-1
4	15616	-1
9	7436	1
47	13635	-1
42	24401	1
44	21517	-1
32	7421	-1
8	10520	1
37	27661	-1
43	25601	1
48	1046	-1
33	24707	-1
8	21348	1
17	1124	1
11	17894	-1
23	5974	1
1	22504	1
23	26868	-1
28	20338	-1
35	24241	-1
6	16133	1
18	20244	1
31	29340	-1
4	2672	1
47	18756	-1
26	8889	-1
44	28846	1
12	23917	-1
31	16198	-1
23	28586	-1
46	23579	1
43	8540	1
23	18326	-1
46	22087	1
2	16387	-1
29	4063	1
34	22154	1
15	9044	1
46	11835	1
13	28696	1
32	3388	1
1	1286	1
32	29297	-1
13	23784	-1
25	20314	-1
22	1	-1
4	23345	1
43	27166	1
44	7755	1
10	14918	-1
19	8892	-1
43	28311	1
7	25511	1
4	5416	1
8	26690	-1
43	3333	1
13	26317	1
8	11395	1
12	6029	-1
46	15322	1
19	2895	-1
49	12721	-1
19	22940	1
46	14297	1
23	15701	-1
46	6572	-1
21	6842	1
29	18193	-1
12	9908	-1
35	8778	-1
7	6078	1
8	9473	-1
20	479	-1
49	15476	1
39	17764	1
49	9794	-1
1	26982	-1
43	6996	-1
8	5323	-1
41	18122	-1
32	26009	1
0	9512	-1
47	5499	-1
48	24975	1
40	27132	1
41	12686	1
28	4712	-1
16	17699	1
26	18856	-1
17	24393	1
40	11657	1
9	15942	-1
42	7018	1
7	15286	1
45	30225	-1
42	27737	1
14	14002	-1
36	19837	1
35	19124	1
29	461	-1
45	8778	1
39	997	-1
9	3135	-1
4	18221	-1
46	4097	1
31	25157	-1
40	711	1
13	9572	1
2	6727	-1
34	16538	-1
46	9484	1
20	17822	-1
47	6009	-1
8	19417	-1
14	2484	-1
36	28049	1
26	9802	1
27	20025	1
39	11431	1
22	9872	-1
3	678	1
27	11962	1
25	11890	1
44	15831	1
45	1987	-1
33	8808	-1
42	10397	1
16	14267	1
41	14466	-1
47	22065	-1
42	7742	-1
13	11403	-1
30	12967	1
30	3031	1
8	5681	1
10	17145	-1
13	6688	-1
28	20366	-1
48	27151	1
6	23715	-1
11	28835	-1
38	16982	-1
42	29803	1
0	25715	1
0	9702	-1
17	19886	1
43	19113	1
46	19745	1
46	9136	1
5	18010	1
46	8785	-1
28	2412	-1
28	29707	-1
22	3212	-1
8	10286	1
46	10759	1
38	8801	-1
40	19611	-1
43	2025	1
17	15327	-1
28	15960	-1
12	1310	1
7	432	1
32	9631	-1
49	716	1
14	8254	-1
6	19732	-1
30	20156	-1
39	30906	-1
2	9828	-1
48	23244	1
48	5891	1
8	13334	-1
29	17177	-1
27	3233	-1
11	11983	-1
40	28845	1
26	8943	1
44	6470	-1
18	6428	1
18	244	-1
22	27269	-1
17	3851	1
43	8764	1
18	20517	-1
48	28000	-1
43	14656	-1
39	25883	-1
46	30861	1
17	27647	1
49	8307	-1
47	22043	-1
46	26441	1
47	4617	-1
5	15802	-1
7	23246	1
43	15465	1
34	25623	-1
43	11411	-1
10	21084	1
30	813	-1
48	21352	1
5	17466	1
45	6731	1
37	8455	-1
47	14523	-1
7	23484	1
7	11677	-1
35	4902	1
28	23114	1
43	4690	1
5	28799	1
6	22172	1
18	661	-1
13	21257	1
32	9568	1
45	27917	-1
17	22467	-1
3	19512	-1
48	29621	1
18	22693	-1
23	9768	-1
40	20152	1
13	2060	1
15	10468	1
43	11063	1
43	29219	1
35	14841	-1
46	10381	1
6	353	1
44	23391	1
11	20056	-1
48	15484	1
20	23535	1
28	18140	-1
46	17312	1
7	4887	-1
21	25758	-1
36	8715	1
29	4020	-1
22	27867	-1
45	11171	-1
15	26728	-1
48	5282	1
3	13031	-1
23	5172	-1
40	5152	1
23	30936	-1
13	2601	1
27	2129	-1
39	28714	-1
16	2848	1
36	7179	-1
36	26529	-1
40	21142	1
40	23937	1
37	29635	-1
20	1310	1
8	13789	1
48	13697	1
46	11443	1
33	28400	-1
46	28014	1
16	29194	-1
1	6765	1
8	12108	1
8	21651	-1
40	18858	1
22	13669	-1
30	13802	-1
13	24950	-1
39	17187	-1
18	5980	-1
21	9628	-1
15	31065	-1
46	16312	-1
40	15988	1
15	24226	-1
8	18649	-1
8	7516	1
32	14797	-1
9	11665	1
43	19494	1
40	4827	1
36	26629	-1
35	30028	1
25	30814	1
15	163	-1
16	10633	1
6	24274	1
49	21149	-1
44	4648	-1
44	20391	1
42	24506	1
40	19675	-1
6	10769	1
44	7871	-1
13	26952	1
48	5260	1
13	5375	1
36	3526	-1
5	14207	1
13	24510	-1
12	19463	-1
4	28427	1
48	15445	1
13	18344	-1
36	12436	1
13	18171	1
23	22531	1
8	23824	1
46	19240	1
12	23598	1
0	7024	-1
13	14295	-1
43	15524	-1
32	19987	-1
48	30103	1
8	28506	1
42	15142	-1
21	21301	1
49	1667	-1
48	24444	1
29	25399	-1
27	6470	1
46	24898	1
18	20062	-1
3	13620	-1
43	13336	-1
43	4713	-1
16	24681	1
10	30930	-1
16	2072	1
35	15687	-1
21	24308	-1
13	30986	1
43	4088	1
44	1389	-1
13	8364	1
12	22852	-1
7	22532	-1
40	27812	-1
33	27999	1
35	30699	1
23	29462	1
17	15623	-1
27	12726	-1
16	1932	-1
48	24802	1
35	23627	-1
21	30870	1
26	15701	-1
43	15962	-1
39	7129	1
17	3182	-1
10	19812	1
42	15157	1
23	2617	1
8	15965	-1
12	29791	-1
28	6593	1
34	2667	-1
4	12732	1
13	24964	1
44	10697	1
41	23002	-1
11	6403	-1
31	4125	-1
43	11182	1
1	15320	-1
43	16241	1
1	10608	1
26	17184	-1
0	20208	1
8	20553	1
48	16941	1
31	3266	-1
38	21728	-1
19	27355	-1
7	1641	-1
43	30143	-1
8	1098	1
35	5017	1
31	17036	1
17	22066	1
6	19792	1
4	28737	-1
20	22441	1
43	1258	1
5	20979	1
9	20562	-1
42	553	1
12	8656	-1
6	23578	-1
38	719	-1
13	15178	1
5	18504	1
48	13190	1
43	16027	1
3	27461	1
39	21834	-1
7	29237	-1
7	31047	-1
28	9029	1
34	2886	-1
44	15544	1
39	11820	-1
41	24358	-1
6	30354	-1
29	9121	1
46	17202	1
31	11309	-1
48	15823	1
43	13742	1
21	27990	1
11	27374	-1
45	24539	-1
44	17064	1
43	5959	1
7	16026	1
24	9040	-1
36	28237	1
40	29666	1
16	19116	-1
1	316	-1
5	17467	-1
31	988	-1
4	3969	1
40	29754	1
37	7739	1
23	23752	-1
48	8083	1
4	17669	1
28	6452	1
17	15587	-1
39	5135	-1
40	23635	1
35	5242	1
6	21617	1
7	18699	1
36	11593	-1
14	11557	-1
28	25675	-1
49	20089	1
33	27866	-1
43	29304	1
35	5858	-1
17	3183	1
12	28814	1
4	4009	-1
15	7148	-1
26	4386	-1
19	27552	1
43	24366	-1
48	30872	1
35	4870	-1
30	4260	1
6	4076	1
44	4231	1
21	5723	-1
16	19342	1
4	19289	1
24	1329	-1
28	30837	-1
43	21894	1
15	16358	1
48	15833	-1
14	20724	-1
1	2289	1
20	14537	-1
49	24170	1
32	5263	-1
15	28187	-1
7	21657	1
10	9628	1
22	10685	-1
4	21017	1
0	11716	-1
43	22136	1
10	13099	1
34	12353	-1
35	15139	1
42	18007	1
34	29501	1
8	20505	-1
42	14274	-1
46	9551	1
45	30397	1
45	12134	1
7	15974	1
43	30142	1
40	3881	1
15	6153	-1
32	765	-1
28	22118	1
14	4643	-1
28	25366	-1
11	17404	-1
42	8408	1
42	12829	1
18	7905	1
36	18225	-1
10	25371	1
26	20263	1
5	27601	1
35	9476	1
0	22446	-1
2	30447	-1
25	16454	-1
26	30531	-1
42	21081	1
1	24170	1
40	19231	1
18	9969	-1
47	20377	-1
0	80	-1
16	26540	-1
32	26656	1
19	13898	-1
11	12989	-1
11	20220	-1
46	362	1
5	2083	1
6	30863	1
16	26838	1
28	2886	-1
6	11485	1
29	29576	-1
42	28262	-1
10	14587	-1
15	13848	-1
26	23612	-1
7	1229	-1
21	12444	-1
0	18136	-1
13	11029	1
37	27357	-1
37	9216	-1
2	25826	-1
40	20524	-1
48	26784	1
43	7265	-1
48	22799	1
7	14499	1
12	30294	-1
18	24351	1
43	26774	1
6	21333	1
3	4829	-1
43	5100	1
25	12904	-1
32	26813	-1
4	9911	-1
1	8767	-1
21	15991	-1
9	27789	1
48	5091	1
26	8413	-1
9	27848	-1
29	23627	-1
42	19332	1
43	28426	-1
42	24017	-1
29	26145	-1
3	7942	-1
39	3002	1
42	11708	1
42	23101	1
35	6415	-1
40	1906	1
4	5565	-1
1	25932	1
4	11794	1
5	25111	-1
4	23366	1
39	28568	1
24	28378	-1
16	25665	-1
19	16167	-1
42	25714	1
11	24579	-1
0	27541	-1
48	17973	1
20	30778	-1
11	29674	-1
48	7240	1
46	13611	1
44	26030	1
2	13953	-1
27	17850	-1
4	687	-1
11	15527	-1
42	30918	-1
36	18743	1
40	19050	1
31	28414	-1
33	17346	-1
23	15614	1
33	23616	-1
43	5997	1
37	14421	1
24	6381	-1
35	1520	1
42	8237	1
42	25056	-1
9	18259	-1
39	24960	-1
39	19129	-1
19	21627	-1
44	28748	-1
35	28298	-1
26	24804	-1
20	11683	1
14	15268	-1
46	22262	1
6	2820	1
47	24665	-1
35	27197	-1
12	7926	-1
18	1699	-1
13	28498	1
34	21253	-1
40	12380	1
4	7604	1
16	14392	-1
6	13576	-1
48	6276	1
9	18651	-1
19	9198	-1
24	24401	-1
46	16445	1
17	8720	-1
24	25089	-1
36	13225	-1
43	4519	1
46	25693	-1
42	15002	1
1	5257	-1
48	9986	1
12	21686	-1
13	2978	1
8	22738	1
48	14552	1
17	5334	1
48	10884	1
4	22178	1
0	20210	-1
42	28740	1
8	24509	1
11	4322	-1
3	23	-1
10	13066	-1
4	8039	1
40	8220	1
45	1152	-1
8	15801	1
5	2915	-1
45	4537	1
15	4827	-1
31	28899	-1
46	22315	1
43	9600	1
37	14777	1
28	20799	1
17	22869	1
17	6614	1
16	4721	1
32	6391	-1
35	27723	1
44	10893	-1
2	17323	-1
46	1173	1
39	16161	-1
40	1730	1
46	26127	1
40	16966	1
46	29009	-1
4	21683	1
9	27131	1
48	4991	-1
42	17403	-1
12	12256	-1
10	1863	1
25	15475	-1
42	30052	1
40	28233	-1
14	29204	-1
44	12214	1
20	20806	1
33	20434	-1
46	19496	1
3	16677	1
35	21311	-1
42	2775	1
18	17966	1
43	30769	1
12	26293	-1
39	2117	1
32	29294	-1
45	27172	-1
43	9152	-1
17	17454	-1
13	23911	1
36	8069	1
38	26655	1
6	3728	1
49	28218	1
2	2225	-1
7	24647	-1
5	22507	1
45	6718	-1
34	16646	-1
30	11430	-1
16	2552	1
9	15557	1
36	17653	-1
37	24071	-1
39	14739	-1
45	9579	1
43	12656	1
24	3747	-1
18	19210	1
2	12892	-1
47	23099	1
13	13800	1
40	17859	-1
18	3816	-1
23	2413	1
16	2795	1
38	15982	-1
28	8817	-1
36	1724	-1
7	6777	1
7	11308	-1
19	14937	-1
3	18803	-1
36	19035	1
26	19567	-1
8	2585	1
49	29244	1
13	11401	1
30	17031	-1
48	20650	1
42	843	1
49	14547	-1
13	28225	-1
6	3711	1
34	24467	-1
0	24123	-1
21	4173	1
20	6458	-1
20	18103	-1
48	29029	-1
8	15166	1
42	17337	-1
6	2270	1
30	20425	1
11	1757	-1
43	8398	1
7	30614	1
12	21969	-1
22	5992	-1
16	9074	-1
6	18825	-1
20	18959	1
20	27964	1
48	22719	1
47	16441	-1
36	11956	-1
8	3391	-1
29	29930	-1
43	18827	1
48	17057	1
17	14722	1
6	28805	-1
21	20120	-1
42	28923	-1
33	13829	1
26	5806	1
36	2601	1
6	26261	-1
28	21507	1
17	6927	-1
5	7455	-1
5	20046	-1
49	7072	1
34	18432	1
34	18412	-1
37	15470	1
19	23681	-1
6	26416	1
4	3755	-1
3	6382	-1
35	18713	-1
10	26828	1
38	6511	1
1	13735	1
9	4607	-1
43	27178	1
10	7368	1
14	21767	-1
11	8907	-1
8	19981	1
1	30045	-1
13	7108	1
37	24032	-1
12	12207	-1
20	8326	-1
23	11055	-1
8	20684	1
46	5537	-1
17	21025	1
11	8841	-1
8	28850	-1
23	25883	-1
28	10181	-1
17	24981	-1
28	13540	1
7	1072	1
41	18978	1
25	5476	-1
16	3464	-1
21	1445	-1
30	30792	-1
48	24683	1
5	26364	1
42	3703	-1
46	1819	1
43	19291	1
13	10756	1
11	5491	-1
46	26030	1
8	8896	1
15	19763	-1
40	14684	1
43	16104	1
23	27048	-1
1	23625	-1
35	15868	1
22	19918	-1
44	27422	-1
41	20489	-1
44	18362	-1
6	12045	-1
8	16520	1
47	11200	-1
46	4862	1
8	21491	1
8	16510	1
46	28489	1
1	3582	-1
7	25380	1
44	18277	-1
19	20747	-1
28	4366	-1
6	29321	1
28	4654	1
25	15590	-1
42	18219	1
16	20955	-1
7	24026	-1
39	8159	-1
34	16719	-1
23	30208	-1
49	27439	-1
49	1434	-1
23	12487	-1
4	13702	-1
21	6221	-1
13	7566	-1
30	12521	1
9	14756	1
40	1296	1
29	16994	1
27	14335	-1
14	25634	-1
43	11427	-1
34	30255	-1
13	29747	1
40	5549	1
44	15585	-1
4	7242	1
3	7525	1
43	25748	1
15	21563	-1
14	5051	-1
17	21307	1
48	14285	1
17	22127	-1
47	4625	-1
18	4761	-1
25	27240	1
33	8722	-1
44	28059	1
15	22971	1
5	19571	1
40	29373	-1
16	15154	-1
6	29797	1
47	14707	-1
20	2187	1
43	18397	1
36	28554	1
16	21488	1
8	4242	1
17	7186	-1
23	17264	1
18	28402	-1
13	9584	1
0	23846	-1
48	29144	1
33	17235	-1
46	15184	1
41	29508	-1
43	3196	1
39	22695	1
9	24937	-1
45	26976	1
27	20678	1
47	22627	-1
24	13146	-1
23	28998	1
18	8712	1
4	19631	1
14	5177	-1
1	16617	-1
3	641	-1
18	30879	1
24	20102	-1
1	3286	1
8	7272	1
0	8886	-1
5	17604	-1
48	9632	1
8	20103	-1
10	6473	-1
43	15485	-1
49	26439	1
6	23414	1
40	27962	-1
13	5265	1
3	9347	-1
1	18988	-1
9	20317	1
5	12629	-1
43	22727	1
48	25490	-1
8	31064	-1
35	16881	-1
15	8362	1
44	17392	-1
43	27971	1
4	27226	-1
45	5050	-1
21	29333	1
40	7842	1
48	21897	1
26	27549	-1
40	24208	1
43	2206	1
43	10719	1
36	16488	-1
43	5060	-1
9	18608	-1
40	1418	1
49	2009	-1
40	18226	1
48	5	1
22	6601	1
42	23902	1
35	22334	1
22	233	-1
10	23352	1
47	5166	1
41	1062	-1
29	19531	1
31	24108	-1
11	27882	-1
14	17571	1
17	902	1
22	22471	-1
28	5755	-1
7	19860	-1
1	26699	-1
6	1148	1
10	14367	-1
33	16933	1
23	28991	1
43	840	1
5	21271	1
48	29902	1
7	7648	1
37	14983	-1
39	20882	1
15	31028	-1
13	9851	1
47	15981	-1
11	16957	-1
1	16954	1
15	11183	-1
7	18548	1
19	24386	-1
15	18399	-1
4	6060	1
48	25584	1
28	13198	1
48	11280	1
30	23586	-1
19	9799	1
10	16409	1
19	17360	-1
4	29835	1
48	19485	-1
4	24130	1
0	17711	1
16	29309	-1
42	3795	1
19	28258	-1
30	256	1
42	2350	1
7	4927	1
15	4929	-1
16	15917	1
2	838	-1
22	21300	-1
28	753	-1
4	13660	1
41	16555	-1
4	20051	1
11	6398	-1
6	12605	-1
48	26961	1
40	1251	-1
43	15010	1
8	1939	1
32	1924	-1
44	8319	1
39	22479	-1
48	15330	-1
11	24742	-1
17	2356	1
22	26375	-1
10	5756	-1
8	23996	-1
31	10382	-1
29	1754	-1
5	24743	1
49	8608	1
36	6948	-1
33	27723	-1
18	11199	1
48	24487	-1
48	10804	1
16	17461	1
46	20442	1
26	26146	1
43	20152	1
40	19202	-1
32	3319	-1
13	15617	1
13	12629	1
49	15074	-1
35	21823	1
13	28630	1
36	1347	1
17	19157	1
29	3901	1
15	14254	-1
28	24559	-1
24	10006	-1
42	20448	1
44	16855	1
6	16055	1
5	30591	-1
3	11603	-1
40	22409	1
49	24532	-1
16	15433	1
19	28378	-1
16	3519	1
46	30498	1
48	8896	-1
46	4942	-1
13	2155	1
5	29255	-1
39	25613	1
32	3591	-1
8	22696	1
35	27880	-1
1	9392	1
31	13012	-1
41	1388	-1
19	10213	-1
9	5833	-1
5	26751	-1
27	15777	1
8	24995	-1
31	1869	-1
48	2847	1
6	3302	-1
39	9510	1
17	29962	-1
13	11093	-1
23	177	1
5	31047	1
28	26770	1
28	30171	1
44	20432	1
28	1177	-1
35	22276	1
0	13864	1
40	5429	1
41	11418	-1
44	27407	1
43	10385	1
49	20100	-1
48	21452	1
46	20522	1
46	2324	1
16	27514	-1
43	24764	1
43	16415	1
20	12460	-1
37	1819	1
21	7671	1
3	22896	1
4	2633	1
6	1250	1
31	23372	-1
42	3922	1
26	25094	1
13	15757	1
43	30388	1
23	3853	-1
5	8243	-1
36	15212	-1
34	13810	1
9	20009	-1
19	4326	-1
33	18845	-1
31	11627	-1
7	26849	-1
48	14607	1
2	10857	1
46	26856	1
24	7838	-1
43	23920	1
1	18624	1
28	10864	-1
10	22746	1
48	956	-1
10	1238	1
21	19795	-1
46	30490	1
3	276	-1
9	22246	-1
7	8629	1
17	22717	-1
48	23601	1
49	28474	-1
24	24749	-1
4	2610	1
0	28152	-1
42	15958	-1
10	19979	-1
48	15508	-1
34	14675	-1
31	9605	-1
4	20008	-1
6	18790	-1
42	1795	-1
40	29699	-1
48	2133	-1
23	24929	1
35	1150	1
37	17394	1
45	26152	-1
17	11538	1
35	26201	-1
31	1786	1
0	18621	-1
22	22615	-1
26	28797	-1
13	18801	1
5	8060	-1
44	15447	-1
35	30899	1
47	6492	1
16	16269	-1
13	4378	-1
5	5639	1
48	7914	1
24	26515	-1
5	19653	-1
44	12621	-1
0	30528	1
25	2646	-1
2	27460	-1
24	30602	-1
23	30335	1
35	21608	1
48	12779	-1
42	23810	-1
13	16875	1
3	7028	-1
26	23073	-1
26	16969	-1
38	12934	-1
43	4655	1
39	30699	-1
43	884	1
13	9127	1
14	14285	1
1	11169	-1
39	11729	1
39	7203	-1
24	26814	-1
8	24866	-1
28	29086	-1
45	28078	1
42	6107	1
38	3782	-1
43	30326	1
25	17100	-1
9	1829	-1
36	3759	1
28	5357	1
36	6463	-1
49	23758	-1
6	23193	1
13	23126	1
2	19933	-1
35	1545	-1
24	25217	1
46	6506	1
13	20023	1
43	20371	1
25	25341	-1
8	8285	1
34	18854	-1
8	5855	1
48	24404	-1
16	28331	-1
46	6959	1
44	4747	-1
8	26321	-1
32	19862	-1
6	23231	1
8	18663	1
0	24902	-1
40	10406	1
5	9562	-1
14	18983	1
47	18527	-1
2	19741	1
12	12925	-1
11	6673	-1
2	30743	-1
36	14119	-1
48	5180	-1
46	629	-1
10	25561	1
12	20736	-1
12	25308	-1
8	30255	1
21	26426	-1
16	27190	1
0	27416	-1
7	27366	-1
48	571	-1
19	3468	1
36	22682	-1
26	28457	-1
28	29792	1
43	7346	1
48	30871	1
7	12527	1
31	25962	1
48	21291	1
38	9881	-1
28	9097	1
32	4545	-1
43	7063	1
40	23594	1
43	11041	1
46	9782	1
19	28919	-1
11	4242	-1
36	26364	1
14	7476	1
24	26099	-1
48	7844	1
15	13703	-1
30	6488	-1
6	507	1
48	18030	1
3	22170	1
28	12591	1
39	14115	-1
0	23231	-1
0	19330	-1
32	8189	1
22	11571	-1
44	3538	-1
42	26445	1
37	6472	-1
7	9642	1
43	27764	1
10	3806	1
46	23710	1
15	102	-1
49	29445	-1
8	15454	1
8	28633	1
7	9303	-1
9	23765	-1
42	25329	-1
15	27816	-1
48	23467	-1
18	6527	1
48	8230	1
47	15848	-1
45	25701	1
31	26250	-1
1	14293	1
13	9300	1
4	7976	1
43	2970	1
4	20115	-1
12	7480	-1
13	24362	1
0	2082	-1
41	18734	-1
47	24199	-1
48	24793	-1
44	2127	-1
39	13964	1
46	1688	-1
17	21722	1
44	18704	1
36	14129	-1
28	27856	1
18	4990	1
9	22566	-1
32	20020	-1
29	9791	-1
35	3673	1
5	2039	1
1	10917	1
40	16455	1
40	4833	-1
43	22350	-1
47	27794	-1
4	9688	1
33	21033	-1
43	8284	1
41	10853	-1
38	20094	1
48	10556	1
20	20878	1
37	9213	-1
40	29017	1
40	18013	1
38	20068	1
14	3686	-1
46	24593	1
13	12915	1
18	17510	-1
43	21483	-1
43	19972	1
42	22628	1
46	2437	1
13	1698	1
43	29178	1
19	21518	-1
40	23975	1
9	20831	1
29	9132	-1
17	16157	-1
0	17414	1
47	20829	-1
8	12332	1
43	5868	1
23	8305	1
43	24584	1
4	1506	1
16	11312	-1
1	13323	1
42	5633	1
5	9276	1
8	10382	-1
1	23208	1
36	16533	-1
42	12889	1
29	26508	1
21	7187	-1
32	14035	-1
28	31049	-1
49	20837	-1
21	7432	1
5	12936	1
11	28933	-1
23	14915	-1
27	26251	-1
10	19247	1
13	7769	1
49	4842	-1
16	28553	1
26	14584	1
37	25403	1
40	2686	-1
4	22428	1
27	3432	-1
9	11881	1
29	2120	-1
26	19949	-1
20	5307	-1
28	4670	1
5	12236	-1
10	26877	-1
41	4927	-1
4	30240	1
18	4937	-1
18	28662	1
37	26558	1
31	20997	-1
6	2510	1
2	29104	-1
13	4922	1
12	7329	1
6	7931	1
46	30679	1
12	13241	-1
26	18658	-1
21	5464	-1
42	14401	1
13	7321	-1
48	27523	1
5	30726	1
42	377	1
46	8023	1
0	6068	1
35	14220	-1
12	835	1
7	597	1
8	1787	1
43	24070	1
34	30395	-1
31	2432	-1
19	20083	-1
0	3744	-1
44	22794	1
45	17525	1
5	13381	1
8	13274	1
32	8139	1
32	22470	-1
8	12761	-1
47	3252	-1
1	17902	1
38	20325	-1
8	13367	1
24	27963	-1
7	21058	-1
7	22280	-1
48	5330	1
31	19678	-1
37	5599	-1
13	27652	1
7	21113	1
7	11909	1
10	11353	-1
24	5502	-1
24	8421	1
11	7797	-1
8	13224	1
36	30646	-1
16	20486	-1
0	7681	-1
17	23096	-1
48	29167	1
41	29640	-1
36	21831	1
4	10836	1
30	26861	1
6	10901	1
9	15357	1
18	30744	1
35	17989	1
7	29653	-1
13	2078	1
8	21398	1
39	23216	-1
41	18683	1
45	13654	-1
17	4829	1
11	24009	-1
38	3427	-1
48	18254	1
47	29322	1
43	23655	1
40	2465	1
45	23231	1
25	10452	-1
10	22115	1
8	25466	1
42	19730	-1
8	28330	1
24	17749	-1
48	12572	1
34	30966	-1
0	29956	-1
48	4361	1
38	17527	-1
24	7056	-1
43	26637	1
34	18895	-1
8	14182	1
8	22778	1
6	20125	1
23	20249	-1
37	21434	1
1	27427	1
46	13102	1
21	27240	1
21	5540	1
1	26973	-1
8	22288	1
4	2803	-1
32	14409	-1
37	17957	-1
38	24944	-1
40	6990	-1
35	7367	-1
7	4067	-1
25	19238	-1
2	24703	-1
33	126	-1
6	2782	1
30	11386	-1
17	23473	-1
21	25993	-1
28	23686	-1
37	13916	-1
43	6001	1
40	7407	-1
33	22027	-1
36	13500	1
43	6514	1
46	2278	1
39	16764	1
42	16139	-1
45	266	1
38	27996	1
9	13427	-1
7	29978	1
39	14770	-1
40	25964	-1
46	14546	1
47	27047	1
23	5210	1
9	18448	-1
45	10214	1
14	19894	-1
40	10826	-1
39	23788	-1
30	19722	-1
21	19852	-1
48	3112	1
45	16711	1
41	12105	-1
9	7734	-1
26	20709	-1
1	30622	-1
7	12772	-1
28	25414	1
45	18292	1
41	14642	-1
30	11040	1
45	25054	-1
42	24164	1
46	8698	1
46	19131	1
38	23545	-1
39	11424	1
46	23490	-1
5	21868	1
13	8342	1
41	16713	-1
4	7943	1
18	18793	1
21	17844	1
31	29904	-1
40	2944	1
48	14391	-1
35	18682	1
1	28141	1
32	25344	-1
43	29288	1
39	21403	-1
49	20053	1
8	19880	-1
17	30079	1
27	21315	1
41	30600	-1
38	13540	-1
46	14716	1
5	4804	1
1	3102	1
48	21409	1
26	29088	-1
13	11252	-1
8	19986	1
48	5193	-1
13	17468	-1
44	28988	-1
21	14919	1
14	24173	-1
38	17755	-1
19	23055	-1
10	2214	-1
6	1065	1
45	15431	-1
19	18027	-1
43	22342	1
35	23125	1
4	10066	-1
0	16749	-1
45	6088	1
18	1740	1
17	22402	-1
5	20992	1
21	6234	1
6	17436	1
23	11615	1
48	30360	1
35	6641	1
4	20759	-1
11	3646	-1
30	10631	-1
14	29526	-1
42	6337	1
43	18980	1
40	25226	1
8	282	1
18	26539	1
28	13284	1
34	15710	-1
17	25612	-1
14	21625	-1
5	1446	-1
20	7385	-1
20	28244	-1
25	30313	-1
40	25140	1
30	29604	-1
31	10159	-1
29	18809	1
33	28099	-1
28	17472	-1
15	25899	1
46	26841	1
43	4263	-1
29	12019	-1
16	24328	1
44	2151	-1
46	18780	1
1	22106	-1
13	30176	-1
13	4833	1
43	26711	1
10	20361	-1
43	14557	1
35	23268	1
6	5163	1
45	20261	1
35	26913	1
34	23100	-1
18	20544	-1
40	2530	1
48	4681	1
46	19908	1
3	17779	1
29	3385	-1
46	20369	1
3	3550	1
16	21767	1
5	13115	-1
6	28295	1
43	17591	1
28	12461	1
27	4339	-1
40	8154	1
46	15189	1
3	15696	-1
5	27844	1
38	1403	-1
11	2110	-1
43	1381	1
45	5586	1
4	16674	1
8	26440	1
20	10792	1
6	18093	-1
43	24484	-1
44	12101	-1
48	19239	1
27	11162	-1
4	12562	1
46	13337	1
28	17247	1
16	4326	1
10	3659	-1
23	14662	-1
44	18557	-1
28	22659	-1
28	3912	1
29	21339	-1
21	12135	1
43	7072	-1
13	3819	1
42	374	-1
43	2200	1
23	13394	1
12	7657	-1
46	16975	1
1	22151	-1
23	30211	-1
43	1753	-1
42	21376	1
43	18196	1
7	28062	1
15	23258	-1
49	566	-1
47	4674	-1
31	6499	-1
4	6025	1
46	12316	1
17	24554	1
1	16149	-1
44	18290	1
26	13828	1
41	28758	-1
15	6541	-1
7	25210	1
37	28093	-1
22	2014	1
48	7926	1
47	12946	-1
8	2324	1
0	30384	-1
20	27019	-1
8	9016	-1
17	2958	1
8	1613	-1
21	13433	1
5	11899	1
20	11238	1
40	10689	1
8	24473	-1
4	11876	-1
36	22675	-1
17	2611	-1
20	3993	-1
8	10103	-1
43	15826	1
5	193	-1
28	20916	1
29	108	1
0	11431	-1
43	2095	1
27	781	-1
34	17377	-1
37	6694	-1
27	8567	-1
3	11307	-1
35	11776	1
46	16337	-1
45	25356	1
40	27175	1
9	24167	-1
37	15707	-1
19	29215	-1
43	16322	1
48	30409	1
14	18437	1
5	7365	1
37	25186	-1
19	24324	-1
32	15084	-1
37	27088	-1
48	4678	1
0	19047	-1
11	20618	-1
25	4695	-1
5	9959	1
14	28047	-1
29	2385	1
0	21824	1
2	26766	-1
36	20727	-1
4	17661	1
31	13980	-1
48	27585	1
48	9227	1
37	6745	1
16	2389	-1
49	10909	-1
33	17208	-1
47	349	-1
40	26897	-1
32	7307	-1
38	18461	1
13	4089	1
48	15786	1
1	16912	1
40	7995	1
36	275	-1
20	4311	1
17	13057	-1
37	16005	-1
31	18518	-1
48	4772	1
18	30621	1
3	14332	1
21	23341	-1
5	8150	1
44	16324	1
25	1134	-1
23	17638	1
8	25352	1
26	8153	1
49	23323	1
13	22117	1
18	25640	-1
12	15317	-1
17	21457	-1
36	4906	-1
7	13404	-1
43	25367	1
10	29888	-1
2	13187	-1
8	27460	1
9	30569	1
43	9802	1
48	11954	1
37	25068	-1
43	6442	-1
43	623	1
34	10639	-1
30	10414	-1
26	18685	-1
4	18479	-1
19	30958	-1
43	29333	-1
37	25497	-1
11	21815	-1
1	18070	-1
19	17733	-1
49	23075	1
44	23569	-1
25	20639	1
29	24103	1
45	7497	1
34	17488	-1
47	24734	-1
20	25326	1
33	3419	-1
40	21017	1
40	28568	1
42	7025	-1
45	19712	-1
16	12091	1
5	20863	-1
32	27563	1
17	18211	-1
28	21969	1
11	30311	-1
14	16767	-1
16	30885	-1
18	22731	1
45	21560	1
48	27557	1
48	8753	1
13	9914	-1
48	1230	1
30	1491	-1
19	25450	-1
10	294	1
46	7883	1
28	18013	1
6	26505	-1
16	27362	1
45	273	1
19	5685	1
7	6920	-1
6	6509	1
43	12331	1
6	21955	1
46	22176	-1
14	6567	1
49	16455	-1
35	28186	1
23	29567	1
35	12044	1
26	992	1
48	3846	1
36	17266	-1
39	15145	-1
10	2651	-1
46	19048	1
15	615	-1
46	5030	-1
15	4225	-1
5	16997	1
43	30274	-1
36	1373	-1
41	25920	-1
38	24458	-1
40	22946	1
6	4809	-1
10	20880	-1
42	602	1
4	4046	-1
16	26093	1
2	27421	-1
44	1690	-1
5	23432	-1
42	22763	-1
42	18146	-1
46	21450	1
26	9784	1
0	22408	1
48	741	-1
6	13580	-1
13	29151	1
11	10306	-1
17	7278	-1
11	1092	-1
42	2285	1
3	23382	-1
24	4933	-1
5	15332	-1
48	9392	-1
4	30719	1
32	2081	1
42	8890	1
10	15511	1
26	2200	1
13	12498	1
8	9009	1
28	25269	1
13	2968	1
7	7917	-1
38	13447	-1
38	19341	-1
21	9522	-1
44	8246	1
19	28320	-1
31	3920	-1
43	5892	1
46	29306	1
42	30879	-1
16	2868	1
48	8622	1
23	17306	-1
42	10974	1
8	6809	1
35	13781	1
2	21033	-1
13	25398	1
31	4498	-1
31	15283	-1
40	5667	1
4	6666	-1
47	9770	-1
28	27531	1
14	12249	-1
9	13735	-1
48	5643	1
47	6801	-1
3	11447	-1
49	7775	1
2	22079	-1
43	20254	1
22	21615	-1
6	1021	-1
48	1527	1
43	16655	1
46	28733	1
43	24660	1
32	20656	1
43	26553	-1
24	24736	-1
13	27044	-1
7	27116	1
23	4981	1
43	17530	-1
17	25932	1
43	29776	1
15	7244	-1
27	11111	-1
10	30318	-1
41	30370	-1
43	7587	-1
42	28947	1
43	12534	-1
16	24172	-1
7	28681	1
40	28459	1
16	22345	-1
13	10201	1
3	29402	-1
13	30537	-1
6	29068	1
14	22676	1
46	17588	1
1	24511	-1
30	4359	-1
4	23995	1
46	11827	1
43	3690	1
42	25097	1
13	18143	-1
15	6761	-1
3	14851	1
17	21074	1
23	23045	-1
17	22344	-1
6	15672	-1
15	9868	1
21	18604	1
48	3257	1
10	5335	-1
39	16321	-1
4	2490	1
28	5041	-1
34	16161	-1
28	847	1
16	3852	1
42	11748	1
21	15460	1
7	863	1
13	11312	1
33	23597	-1
40	12214	1
28	24626	1
38	1637	-1
36	6824	-1
35	4627	-1
15	6617	1
46	8471	1
1	10827	-1
43	27046	-1
7	7446	1
8	8492	1
44	15758	-1
11	15078	-1
18	26099	-1
42	21862	1
38	17343	-1
11	20382	-1
10	15747	-1
48	975	1
48	6789	1
49	25106	-1
9	28255	1
40	141	1
4	15583	1
27	29087	-1
4	713	1
3	6222	-1
6	5561	1
26	19099	1
18	20500	-1
38	394	-1
43	20424	1
43	9023	1
42	28716	1
40	25385	1
44	28510	1
3	26213	-1
1	11581	-1
6	20208	-1
8	17483	1
13	20878	1
29	27257	1
9	21979	-1
40	2287	1
18	3442	-1
29	7300	-1
46	17176	-1
37	15694	-1
5	24457	-1
8	3215	1
17	16542	-1
12	9001	-1
43	19899	1
10	25697	1
35	24091	1
8	3154	1
45	29029	-1
12	2045	-1
23	12916	1
41	17361	-1
16	12749	-1
32	23904	1
13	25486	1
46	5614	-1
31	24936	-1
21	12586	1
41	10564	-1
43	25618	1
46	9999	1
19	24260	-1
9	14518	-1
2	19236	-1
27	5437	-1
43	811	1
15	16528	-1
49	3647	1
42	8304	-1
6	23124	1
6	2272	-1
45	7940	-1
46	25899	1
46	9147	1
6	25756	1
24	13356	-1
24	5483	-1
9	28268	-1
9	20348	-1
43	22818	1
13	23113	1
35	16583	1
10	27648	1
12	3275	-1
19	934	-1
18	26185	-1
46	8900	1
46	2156	1
24	12422	-1
17	18575	1
3	8243	-1
12	19739	1
14	4681	-1
2	11984	1
37	17281	-1
36	7645	-1
43	3803	1
30	28416	1
10	18019	-1
6	22960	1
43	29599	1
45	25777	1
43	21259	1
3	28772	1
16	26210	1
11	6163	-1
2	388	-1
26	8146	1
28	1272	1
31	14266	1
38	20800	-1
29	24989	1
22	5999	-1
44	22897	-1
33	26907	-1
11	17026	-1
0	9644	-1
24	3966	-1
43	20276	-1
28	10991	1
35	12432	-1
46	3408	1
1	25787	1
5	13664	1
6	5473	1
44	12002	-1
30	18940	-1
41	1778	1
4	23714	-1
10	13266	-1
48	30247	1
31	9651	-1
33	8469	-1
7	3339	1
45	5209	-1
18	24858	1
22	17692	-1
32	17540	-1
8	26636	-1
45	27228	1
28	1964	-1
40	14175	-1
41	24395	1
15	25008	-1
36	15868	1
22	11084	-1
0	7554	-1
43	19016	1
8	1233	1
46	19563	1
47	17211	1
22	2273	-1
42	17287	1
14	19896	-1
43	23267	1
0	27872	1
49	12549	-1
0	26537	1
43	24988	-1
46	20109	1
36	29012	-1
14	9198	-1
40	24411	-1
36	11820	1
8	8925	1
16	16712	-1
8	9675	1
46	4191	-1
19	27111	-1
48	24410	-1
29	338	-1
45	25254	-1
43	23236	1
45	22581	1
8	4958	1
43	30632	-1
47	21952	-1
14	19258	-1
46	14411	1
8	3451	1
21	20438	1
18	27585	1
47	904	1
28	5506	1
45	8445	1
27	11119	1
0	23877	-1
25	14740	-1
4	3561	-1
36	5427	1
41	12382	-1
38	15827	-1
45	23350	-1
8	24832	1
48	9859	1
0	5279	1
4	21396	-1
10	28377	1
40	11042	1
44	10960	1
31	1460	-1
29	14314	1
18	13026	-1
36	21207	-1
31	25583	-1
13	9051	1
49	6193	1
8	12855	1
27	25998	-1
5	13944	1
43	23700	1
40	22119	-1
30	3355	-1
11	28528	-1
36	24060	1
8	20593	1
49	23384	-1
4	27305	1
43	20776	1
48	3082	1
36	19861	1
16	3075	1
43	1104	1
47	9382	-1
1	13308	1
16	20160	1
37	16606	-1
44	3511	1
13	23714	1
21	23874	-1
6	15905	-1
1	11501	1
46	60	1
6	4943	-1
4	16300	1
48	22134	1
16	15187	-1
36	29470	-1
5	3482	1
27	1653	-1
39	2245	-1
25	31065	-1
48	30087	1
8	10572	1
27	25050	1
42	28810	1
44	16992	1
49	13472	-1
40	9531	-1
18	12846	1
22	16327	-1
18	25378	-1
45	17974	-1
1	22204	1
19	13993	-1
16	1427	1
42	15544	1
15	17565	-1
27	13533	1
17	16406	-1
23	21249	1
8	20236	1
26	14114	-1
40	29201	1
45	347	1
48	9452	1
19	9211	-1
19	28636	-1
5	22882	1
40	100	1
36	17580	-1
45	620	-1
37	13599	-1
24	22749	-1
6	5188	-1
30	20221	-1
30	9643	-1
42	9004	1
42	20425	1
22	24308	-1
40	16976	1
24	14535	-1
10	19587	1
4	21232	-1
43	17185	1
2	13689	-1
3	23684	-1
13	11491	1
28	16425	1
5	22361	-1
37	21806	-1
17	10926	1
43	16238	1
40	7194	-1
37	14021	-1
4	19830	-1
48	17832	1
27	3143	-1
21	3310	-1
28	18826	-1
11	9297	-1
10	10952	1
10	21772	1
0	7805	-1
24	16746	-1
48	30821	1
23	24185	-1
40	10994	1
36	29371	1
0	11021	1
0	28629	-1
13	12515	1
17	16443	-1
1	26977	1
42	3888	-1
33	19215	-1
21	1621	-1
8	14643	-1
23	714	-1
17	12331	-1
36	6543	-1
40	15364	-1
0	13353	1
16	17419	1
37	19513	-1
4	9437	-1
35	29259	-1
14	10172	-1
40	16218	-1
21	3716	-1
42	6220	-1
16	30193	1
28	21167	1
38	2712	-1
8	8411	1
43	18045	1
43	26284	1
24	22484	-1
21	11692	1
30	16363	-1
48	6913	1
44	19449	-1
49	29265	-1
8	25425	1
28	16059	1
19	15033	-1
25	28305	-1
2	29510	-1
13	27593	1
28	29020	1
25	2679	-1
33	30931	-1
47	29880	-1
18	18932	-1
47	29058	-1
10	13312	1
46	23485	1
10	1098	1
16	12725	1
17	21752	-1
23	7523	1
21	12623	-1
46	7309	1
7	23122	1
42	10503	-1
25	27224	-1
36	15935	-1
17	23041	1
43	14678	1
40	8553	-1
8	23298	1
14	5455	1
37	13761	1
40	13192	-1
28	27483	1
26	28884	1
48	12874	-1
8	24348	1
25	22165	-1
28	14322	1
42	24692	-1
23	18064	1
18	9862	-1
35	19853	-1
6	15941	1
42	21702	-1
10	20055	1
49	7704	-1
4	7989	1
48	20778	1
13	2345	1
27	7697	-1
8	13275	1
35	14548	-1
29	22619	-1
6	18779	1
25	13324	-1
43	6037	1
48	26172	-1
39	12172	-1
27	19641	-1
6	244	1
27	28418	-1
1	5471	-1
32	5027	1
40	28436	-1
43	4228	1
4	4729	1
43	20942	1
11	3451	-1
41	12706	-1
42	29468	-1
25	2859	-1
46	9242	1
38	28695	1
8	23405	-1
34	28964	-1
49	3976	-1
48	18190	1
21	19960	1
40	10150	-1
46	14386	1
28	2298	1
6	20557	1
42	9102	1
23	17966	-1
39	21585	-1
2	23091	-1
39	10117	1
13	19800	1
31	2518	-1
12	29165	-1
26	4167	-1
0	16516	-1
1	24368	-1
48	9928	1
43	20915	1
16	2031	1
41	12902	-1
29	29898	1
8	24231	1
4	447	1
48	11953	1
36	1553	1
11	29968	-1
26	13666	-1
20	3742	-1
29	3429	-1
12	17461	-1
21	18358	-1
13	14909	1
40	31043	1
4	14269	-1
8	3792	1
30	13507	-1
45	4739	-1
39	18907	1
49	16012	-1
13	26637	1
23	7804	1
6	19847	1
49	12901	-1
49	27860	-1
39	31034	-1
17	21758	1
8	12605	1
0	11496	-1
13	21861	1
43	17621	1
48	12418	1
0	23332	-1
0	7353	1
15	13298	-1
40	15315	1
44	8375	1
35	8298	-1
7	642	1
0	17583	-1
5	5255	-1
44	22682	1
28	14046	-1
47	8156	-1
25	23724	1
41	8196	-1
8	22477	1
37	21778	1
29	8555	1
1	1808	1
15	27958	-1
2	7992	-1
38	24596	-1
32	14627	1
33	13222	-1
32	23476	-1
45	10499	-1
22	29892	-1
43	6083	1
48	13328	1
29	9215	1
24	3838	-1
7	27476	1
8	13062	-1
44	4555	1
20	3535	1
7	13689	1
0	7325	1
48	24204	-1
9	2552	1
38	12032	-1
9	20057	1
43	26217	1
4	1331	1
9	20637	-1
27	27694	-1
42	17489	1
48	15207	1
21	16151	1
8	30239	1
43	14635	1
1	14429	-1
15	11510	-1
8	2299	1
25	5252	-1
21	14404	-1
25	30870	-1
26	5119	1
17	10981	-1
7	24717	1
38	7665	1
7	11164	-1
19	18712	-1
20	16676	1
48	30055	-1
2	5558	-1
7	23722	1
41	6763	-1
46	18246	1
8	14373	1
43	27964	1
43	25614	1
46	18081	1
33	28445	-1
45	14211	-1
32	2585	-1
22	14852	-1
9	29318	1
6	10154	1
1	28109	1
30	18738	1
49	18848	-1
7	2792	1
42	6185	1
23	29751	1
25	13011	-1
34	25150	-1
4	14006	1
37	18131	-1
8	12920	1
38	24044	1
46	11852	1
23	14527	-1
6	6351	1
14	18703	1
39	19583	-1
4	15681	1
3	5892	-1
13	15942	1
17	12616	1
42	7568	1
44	26787	-1
44	14022	1
5	12204	1
16	1779	1
10	30200	-1
15	15142	1
48	23090	1
7	18404	-1
44	13854	-1
29	159	1
48	26552	-1
18	14762	-1
31	8838	-1
23	4723	-1
1	15670	1
38	22931	-1
48	19949	1
33	26634	-1
30	22289	-1
8	8936	-1
35	13947	-1
43	778	1
17	5282	1
43	10739	1
10	1794	1
7	5738	1
31	789	-1
1	12944	1
42	10344	1
36	20366	1
14	26933	1
12	11486	-1
48	6746	1
1	26529	1
48	14447	1
9	21071	1
17	16635	1
46	3904	-1
40	9103	-1
46	1237	1
3	23951	-1
28	18045	1
46	25713	1
44	26644	1
40	8718	1
9	18783	-1
13	15936	1
13	16887	1
43	23653	1
32	2215	-1
39	17148	-1
5	26532	-1
34	14262	-1
47	4656	-1
5	13600	1
1	12123	1
42	14346	1
42	18148	1
26	27058	1
38	11995	1
23	18365	1
3	9926	-1
39	12007	-1
48	12328	1
0	26618	-1
27	9560	-1
39	28450	-1
30	30275	1
44	6098	1
36	8113	1
40	27544	1
44	14588	-1
43	2549	1
46	29374	1
39	25420	-1
8	12215	1
9	15987	1
17	6596	-1
41	10101	-1
7	29658	-1
45	16792	1
5	8937	1
0	6950	1
37	24363	-1
1	5282	1
8	20357	-1
8	2254	-1
33	19466	-1
17	9697	1
32	30180	-1
7	19822	-1
48	1229	-1
49	17305	1
6	7971	-1
21	24823	1
35	21831	1
38	14028	-1
48	8841	1
35	7689	-1
8	5688	1
42	14234	1
19	26024	-1
12	9138	1
48	9144	1
49	26980	-1
23	11230	1
43	3238	1
46	4066	1
46	18998	1
42	18340	1
22	2065	1
20	862	-1
37	3756	-1
16	6610	1
36	20321	1
33	9483	-1
17	12634	1
3	26529	-1
35	8253	1
4	23321	1
3	12882	-1
13	11364	1
26	21128	-1
4	25620	1
34	4466	-1
44	18994	-1
40	10514	1
11	16924	-1
36	2971	-1
18	11523	-1
18	10902	-1
23	27697	1
9	13094	-1
43	14823	1
31	29252	-1
12	29858	-1
28	28376	-1
17	4619	-1
23	26683	-1
6	3635	1
31	7779	1
8	21102	1
48	10107	-1
46	1927	1
43	10416	-1
30	20791	-1
11	15905	-1
28	4442	-1
46	4058	1
18	21033	-1
1	4572	-1
21	11421	1
44	23332	1
28	7501	-1
4	650	-1
3	19588	-1
28	1127	-1
8	8502	1
27	6105	-1
46	12778	1
16	1080	1
13	15275	-1
18	5229	-1
4	30100	1
9	14884	1
16	17774	1
42	1500	1
45	10426	-1
33	4796	-1
1	21773	-1
38	9403	-1
28	6273	1
43	3886	1
6	2870	1
10	23781	-1
8	15153	-1
0	13986	-1
3	28239	-1
21	29629	1
46	3976	-1
40	27387	1
49	27140	-1
17	27010	1
46	652	1
43	23401	1
16	20346	-1
10	2898	-1
18	27904	1
36	5693	1
16	5635	1
42	22928	-1
42	16303	-1
35	29133	1
42	17091	-1
28	18072	-1
43	5173	1
13	24648	-1
17	13308	1
23	26202	1
43	18048	-1
2	14717	1
7	14482	-1
35	257	1
8	12159	1
17	21108	1
43	14108	1
8	5981	1
5	26509	-1
33	14628	1
16	4544	1
34	4258	-1
40	24824	-1
45	11660	-1
30	18214	1
23	24062	-1
40	14388	1
42	12556	1
36	5309	1
36	11052	-1
8	23697	1
42	8407	1
48	26034	1
42	17542	1
43	1827	1
16	7209	1
47	6727	1
43	30571	1
16	15724	1
39	25424	-1
47	29218	-1
14	22319	-1
49	14236	1
42	24394	-1
8	30630	1
35	18187	-1
45	14010	-1
47	1990	-1
5	18693	-1
9	29574	-1
19	185	-1
32	23362	-1
11	23952	-1
48	4882	1
30	5185	-1
46	27863	1
48	18466	1
5	21156	1
36	6565	-1
24	25946	-1
29	14115	1
28	14263	-1
45	8533	1
49	24983	1
48	19884	1
39	17801	1
47	10426	-1
42	12563	1
18	25403	-1
13	2494	1
46	1657	1
13	3936	-1
29	30371	-1
23	21505	1
45	15202	-1
14	11739	-1
13	3876	1
18	8982	1
44	3938	1
43	3	-1
23	24054	1
4	19152	-1
28	18858	1
16	24997	-1
12	30444	-1
13	23025	1
4	28760	-1
46	7330	1
21	23864	1
46	25653	1
25	4702	-1
37	28041	1
28	9078	1
13	4598	1
49	20074	-1
6	7323	1
46	29702	1
40	7650	1
20	16016	-1
39	1415	1
27	23845	1
40	26246	1
46	7199	-1
43	943	1
35	29330	-1
15	1149	-1
38	20307	1
20	16140	-1
48	20097	1
4	21696	1
19	30632	1
20	6771	-1
42	26378	1
48	14878	-1
23	4549	1
2	5094	-1
30	25859	-1
5	29976	1
44	14493	1
12	24196	1
48	24268	1
42	17481	1
12	1337	1
31	19542	-1
27	14410	1
44	4091	-1
0	19157	-1
28	17609	1
30	12720	1
18	27694	-1
48	26170	1
30	9434	-1
48	26744	1
24	4075	-1
23	15052	-1
5	6022	1
43	17090	1
8	14220	-1
30	13187	-1
19	17935	-1
17	4839	-1
15	3774	-1
39	18204	1
13	22956	1
28	4629	-1
48	5425	1
21	3444	1
40	17744	-1
14	2548	-1
38	20947	-1
13	12301	1
30	21826	-1
48	11628	1
49	8374	-1
8	26082	-1
46	9473	1
29	3657	1
6	4669	1
27	9371	-1
21	11995	-1
6	9416	1
43	17269	1
21	5305	1
28	11542	-1
8	5358	-1
43	3743	-1
42	27445	-1
27	5127	-1
23	23763	1
42	15327	1
16	1029	1
22	22463	-1
46	4467	1
18	6846	-1
43	9093	1
35	3932	1
31	13724	-1
8	12860	1
30	6324	1
13	28193	1
13	8675	-1
39	25106	-1
2	17010	1
11	4392	-1
22	25558	-1
8	14638	-1
48	14367	-1
13	25545	-1
26	9324	-1
25	13588	-1
28	22639	-1
45	27619	1
30	2032	-1
6	8512	1
21	3428	-1
12	3333	1
2	25563	-1
40	19451	1
30	26469	-1
5	12616	1
18	15021	1
17	19805	1
14	28218	1
9	26138	1
14	2234	-1
15	3675	-1
22	12675	-1
48	9802	1
46	19383	-1
7	27358	1
39	10708	1
4	3875	1
34	12719	-1
46	28925	1
8	18513	1
49	25719	-1
20	5284	-1
19	9341	-1
9	5612	1
32	19752	1
25	24922	-1
40	4469	1
30	29277	-1
39	340	1
36	2554	1
3	739	1
8	21073	1
15	16989	-1
24	12189	-1
6	23129	-1
4	8859	1
8	4175	1
35	827	1
16	7011	-1
6	11878	-1
6	24642	1
22	12317	-1
46	5849	1
3	23184	-1
1	6770	1
4	11391	1
11	18577	-1
13	13286	-1
10	9953	1
5	28328	-1
34	5586	-1
19	1521	-1
6	21666	1
28	20830	1
49	15871	-1
49	19	1
17	1745	1
43	2075	1
13	22063	1
21	14377	1
1	24225	-1
44	1594	1
48	27511	1
46	3573	1
37	18605	1
21	14509	1
37	14127	-1
13	19449	1
18	17652	-1
6	15710	-1
45	28537	-1
13	25262	-1
25	14328	-1
37	27082	1
28	2944	-1
3	27924	-1
43	11274	1
4	22087	1
28	14410	-1
24	30732	-1
40	1830	-1
46	1176	1
40	1137	1
40	5553	-1
43	24462	1
27	21236	-1
16	20934	-1
17	8435	1
39	11089	-1
4	8127	-1
43	23796	1
29	29683	-1
46	6209	1
35	26981	-1
14	22976	-1
3	26159	1
48	255	1
43	29406	1
24	7539	-1
9	19424	1
40	21689	-1
46	23159	1
40	5977	1
7	20353	1
46	19280	-1
21	8663	1
45	23028	-1
20	22366	-1
21	2603	1
31	25880	-1
47	15206	-1
5	25302	1
20	8207	-1
26	27175	-1
40	28015	-1
25	6349	-1
6	21044	1
10	20473	-1
18	2847	1
46	30609	1
4	3453	1
7	18115	1
6	4650	1
7	19789	1
37	5834	-1
36	10197	1
26	17432	-1
45	20029	1
4	22090	1
17	12625	-1
13	20138	1
4	22598	1
9	21263	-1
35	18496	-1
15	28695	-1
43	18370	1
22	7241	-1
8	2596	1
0	16912	1
43	29414	1
17	24323	-1
9	2363	1
13	1578	1
13	1161	1
34	6475	-1
40	4327	1
21	9261	-1
47	16044	-1
43	17265	-1
39	27455	1
4	23836	-1
43	1543	-1
16	23078	1
42	19761	1
30	17660	-1
14	6822	1
6	18149	-1
17	19599	-1
23	611	-1
28	15209	1
7	4626	-1
28	27970	1
47	17759	-1
39	24086	1
16	21554	1
14	15089	-1
4	5067	-1
7	21214	-1
29	15869	1
8	4310	-1
4	7587	-1
15	12919	-1
46	23060	1
10	25822	1
2	27960	-1
1	215	1
43	11099	1
4	5824	1
6	23807	-1
42	18464	-1
28	15225	-1
44	24911	-1
0	150	1
42	15772	1
43	18981	1
32	10716	1
30	15830	1
13	14599	1
23	28841	-1
4	10396	-1
14	27123	1
42	24911	-1
14	19337	-1
38	9016	-1
34	21803	-1
10	29806	-1
10	16948	1
37	5091	1
31	20893	-1
43	28355	1
0	30933	-1
49	8306	-1
28	15287	-1
40	24569	1
46	29896	1
33	19414	-1
34	8757	-1
8	5168	1
8	15352	1
42	22415	1
13	14710	1
10	29627	-1
31	11068	1
14	3915	-1
45	26154	1
30	7990	1
9	3921	1
0	25175	-1
40	18324	-1
22	17207	-1
39	4511	1
35	15551	-1
7	18311	-1
18	21263	1
17	11619	1
10	30844	-1
27	3875	1
6	25344	-1
37	30753	-1
40	20211	1
35	988	-1
16	19427	1
32	28243	-1
47	15193	1
43	26846	1
17	10393	1
8	1799	1
43	23134	1
26	14325	-1
35	389	1
42	29148	1
32	2172	-1
40	19567	-1
41	9124	-1
33	19843	-1
43	19257	1
33	7216	-1
28	15876	1
43	19039	1
26	198	1
37	12089	1
14	19159	1
32	30080	-1
22	12651	-1
19	13376	-1
4	24107	1
39	17704	-1
17	56	1
24	27063	-1
24	29353	-1
46	11283	1
6	22372	1
15	20182	1
45	4845	1
46	1898	-1
42	29586	1
35	29268	1
43	24787	1
42	23177	-1
38	13494	-1
0	28750	-1
37	28507	-1
9	9101	-1
29	24278	1
32	11735	-1
5	10451	-1
46	12012	1
22	2935	1
48	16176	1
21	15881	1
6	10725	1
1	10529	1
48	3583	1
11	10578	-1
7	21163	1
6	1167	1
5	19934	1
48	27431	1
16	30592	1
44	25410	-1
32	22762	1
48	30225	1
13	28722	-1
20	14268	1
25	8915	-1
18	6761	-1
48	261	1
12	30186	1
27	8475	-1
13	22098	1
32	28126	1
35	18226	-1
43	25794	1
17	25836	1
33	15804	-1
9	16260	1
4	94	1
1	9848	-1
24	9168	-1
3	1047	1
41	19281	-1
22	14666	-1
42	9998	1
28	4167	1
26	7860	-1
42	11699	1
40	16716	1
40	19622	1
45	11251	1
38	5647	-1
30	19580	-1
46	23164	1
6	15936	-1
8	21864	1
4	5950	1
3	16213	-1
7	27898	-1
43	16671	1
11	11716	-1
6	5616	1
21	22670	-1
7	29494	1
8	28287	-1
38	21858	1
26	12261	-1
5	25449	-1
30	28103	-1
14	2334	-1
21	4609	1
13	19650	1
20	20404	-1
45	7286	1
49	14212	1
4	4312	1
8	7285	1
14	15216	-1
44	24641	1
32	28190	-1
8	8743	1
10	31012	1
20	15049	-1
6	3436	-1
46	13972	1
28	23693	1
43	23612	1
30	6905	1
6	4665	1
42	5019	-1
49	27684	-1
43	1073	1
31	9878	-1
10	20523	-1
1	1268	-1
6	19684	-1
49	24104	-1
7	5554	1
23	25509	-1
46	24008	1
31	5614	-1
8	15598	1
3	10366	1
20	16042	-1
35	2384	1
19	29096	-1
43	12330	1
35	10964	-1
32	638	1
43	19526	1
41	26853	1
5	10010	-1
6	16207	1
12	29295	-1
20	8159	-1
5	26047	-1
36	2421	-1
44	25470	1
31	11557	-1
9	14178	-1
43	8064	-1
39	28658	-1
45	283	-1
29	8177	1
16	8949	1
35	26518	-1
34	3090	-1
46	24283	1
0	2665	1
34	5281	-1
49	22110	-1
40	25827	1
40	27340	1
13	15005	-1
7	10973	1
48	16130	-1
1	15591	1
42	18694	1
11	26844	-1
8	12087	-1
20	23700	-1
31	14203	-1
23	9425	-1
7	211	1
13	8674	1
0	6734	-1
17	15834	1
18	24052	-1
15	18718	1
47	3351	-1
22	1128	-1
20	5297	-1
18	30101	-1
18	28381	-1
41	17627	-1
14	7924	-1
44	25376	1
42	19603	1
9	10815	1
18	5086	1
49	23836	-1
41	6064	-1
43	9308	1
13	14574	1
32	10450	-1
5	24030	1
10	2921	-1
17	29222	1
48	11823	1
48	28700	1
7	13017	1
23	724	1
2	14563	1
40	9924	1
11	25016	-1
11	17888	-1
37	6419	-1
19	4037	-1
15	3139	1
15	4863	-1
48	3427	1
28	20786	1
43	23521	1
10	175	1
49	24320	1
48	25519	1
12	23648	-1
32	7818	1
43	10452	1
41	11532	-1
13	14669	1
40	17932	-1
33	16936	-1
4	9274	1
33	14132	-1
5	7984	1
46	25632	-1
16	2457	1
27	30459	1
46	12737	1
12	45	-1
8	2421	1
49	1898	1
6	7381	1
8	26290	-1
43	26135	1
10	25077	1
8	11393	1
13	27958	1
39	2908	-1
48	11745	1
6	17830	-1
34	29230	-1
7	13604	-1
0	29829	-1
48	17542	1
40	25857	1
11	12170	-1
26	2237	-1
34	28353	-1
41	7239	1
20	16475	-1
43	27088	1
16	10613	1
49	28511	-1
35	1187	1
32	1220	-1
42	27176	1
25	8019	-1
0	19354	-1
9	27966	-1
46	13638	1
9	2904	-1
10	26163	-1
41	26828	1
4	1294	1
46	27691	1
10	8159	-1
48	2157	1
46	619	-1
1	11488	1
0	9374	-1
41	4572	-1
34	19226	-1
16	25820	-1
43	17299	1
17	19615	-1
16	13393	1
13	2132	1
5	17114	1
28	12848	1
30	22255	1
37	28989	-1
46	24011	-1
42	29035	-1
37	6430	-1
45	4897	1
34	19423	-1
22	29638	-1
15	26365	-1
41	22542	-1
33	26287	-1
0	20459	1
28	25752	1
33	25723	-1
43	20005	1
38	10821	1
9	20047	-1
28	28721	-1
6	25812	1
19	23762	-1
16	3454	-1
48	11478	1
28	21471	1
7	26574	1
40	7689	-1
36	22350	-1
48	9838	1
46	12579	1
25	29481	-1
22	24787	-1
1	20659	1
40	17614	-1
2	6023	1
6	7019	-1
16	5727	1
21	30959	1
18	12258	1
14	23126	-1
5	15793	1
30	20813	-1
6	27490	1
45	1683	-1
48	18019	1
18	22508	1
8	23597	1
34	19973	-1
8	27774	1
40	9478	1
10	17903	-1
9	2739	-1
22	9789	-1
23	25014	-1
4	17479	1
26	6693	-1
8	17636	1
4	6864	1
12	16832	-1
30	11915	1
44	4312	1
23	27120	1
16	10340	-1
29	19553	1
4	26413	1
40	29403	1
42	1940	-1
32	20346	-1
43	23968	1
0	8519	-1
39	30822	-1
21	8282	-1
18	6481	1
17	3673	1
2	26625	-1
17	19419	1
49	5316	-1
10	3347	-1
26	19201	-1
14	4591	1
43	14822	1
39	30887	-1
20	6389	-1
42	27249	1
0	17882	1
16	23772	1
34	14696	-1
43	2018	1
37	24786	1
13	4244	1
18	5091	1
24	7375	-1
39	8708	-1
5	10691	1
41	792	-1
18	18235	-1
9	28312	1
32	6283	-1
17	25480	1
11	10444	-1
39	21853	-1
6	819	1
45	10346	1
48	14369	1
40	3560	1
4	27346	1
4	11105	1
14	14133	-1
8	28409	1
6	14510	-1
44	9637	1
20	801	1
39	24459	-1
10	30745	-1
33	24968	-1
24	8066	-1
16	10276	1
8	15851	-1
36	3110	1
27	7028	-1
21	22822	1
11	8796	-1
47	23688	-1
20	6508	-1
22	18344	-1
48	13880	1
39	19907	-1
30	29146	-1
7	5559	-1
8	25584	1
43	26324	1
49	3292	1
21	24353	1
30	25242	-1
5	16882	1
39	22938	1
44	30976	-1
13	9598	1
43	11714	-1
15	24468	1
48	30463	1
5	26753	1
33	16532	-1
20	12475	1
1	19830	-1
13	24157	1
0	19396	-1
44	13731	-1
4	13031	1
13	26567	-1
7	7300	1
5	29438	1
18	18550	-1
23	6109	-1
6	18074	1
17	17870	1
17	8277	1
1	20259	1
27	19755	1
35	2212	-1
48	22275	-1
43	24014	1
37	16252	1
9	5559	-1
43	26897	1
48	21585	1
32	19918	-1
45	22116	-1
14	7844	1
13	15783	1
3	6380	-1
40	21593	1
48	30338	1
14	4321	-1
48	19638	1
38	16142	-1
6	15787	-1
27	21733	-1
8	11608	1
40	26373	1
18	12845	1
1	22036	-1
42	25543	1
43	10216	1
46	5214	1
22	2535	-1
41	7791	-1
48	24961	1
4	12180	1
41	26502	-1
29	6703	-1
32	17844	-1
14	23069	-1
17	21642	1
7	14346	-1
42	19411	1
48	25102	1
24	22111	-1
13	29475	-1
14	8400	-1
22	1724	-1
24	6910	-1
30	14688	-1
5	10889	1
48	4244	1
47	20474	-1
18	7365	-1
21	24655	1
46	10696	1
21	27043	1
5	7500	-1
39	22717	-1
43	30091	-1
11	29872	-1
40	24239	1
46	1329	1
21	1292	1
38	1530	-1
15	22400	-1
15	29840	1
17	13549	-1
29	15290	-1
13	8718	1
14	12356	-1
3	15398	-1
11	26650	-1
4	1228	1
9	10085	1
2	18946	-1
8	28744	1
0	20107	-1
26	15372	-1
6	21121	1
28	18869	-1
13	28798	-1
22	17942	-1
42	29250	1
8	29784	1
4	14504	1
43	20311	1
1	11569	-1
6	23981	-1
44	18224	-1
40	21461	1
27	25772	-1
48	21078	1
37	5145	1
13	22097	1
48	22086	1
43	17091	1
36	7291	-1
7	9158	1
10	21669	1
31	26648	-1
30	81	1
3	20191	1
31	27349	-1
33	11358	-1
48	14654	1
38	6321	-1
42	19284	1
25	25064	-1
8	3450	1
8	10372	-1
43	6190	1
6	28022	1
21	9874	-1
37	30120	1
40	27679	1
14	177	-1
1	20377	1
45	8046	-1
39	8139	1
33	3877	-1
8	26331	1
48	4247	-1
48	18442	1
8	27879	-1
35	7859	1
23	7231	-1
19	12885	-1
43	26330	1
23	26906	-1
44	24484	1
26	7338	-1
26	3701	-1
39	24293	1
23	8608	1
27	20386	-1
42	23591	1
48	22902	-1
20	11448	-1
49	3220	-1
16	27203	-1
35	27919	1
13	25061	1
8	28289	1
47	713	-1
46	602	-1
8	3910	1
3	7049	-1
48	20398	1
5	22098	-1
21	21541	-1
17	14286	-1
21	18860	1
42	30236	-1
14	27712	-1
4	22032	1
48	19305	-1
40	10484	1
38	21067	-1
19	1438	-1
30	14234	1
41	17553	1
43	688	-1
13	7890	1
48	3504	1
7	4798	1
5	27083	1
8	17550	-1
6	2247	1
22	5789	-1
48	22480	1
29	23088	-1
20	1475	-1
1	12834	1
40	30469	1
12	18915	-1
8	14004	1
23	20544	-1
48	4906	1
18	7914	-1
49	7642	1
8	7368	1
2	2755	-1
7	22584	-1
2	8012	-1
17	5682	1
18	8029	1
26	22936	1
46	18060	1
45	8105	-1
1	7820	-1
21	15953	-1
22	29563	-1
17	9579	-1
8	8017	-1
49	8921	1
3	19180	-1
42	1760	1
8	14596	1
23	10109	-1
8	19021	1
21	25886	-1
13	17955	1
13	27128	1
43	28141	-1
10	9104	1
28	23784	1
33	15791	-1
15	7564	-1
48	27134	1
28	30211	1
43	5472	1
43	2491	1
1	25596	-1
1	20323	1
7	7821	1
5	6992	-1
29	14820	-1
28	16999	1
31	13680	-1
11	18764	-1
13	9842	1
40	18699	-1
48	10726	1
48	1121	1
42	21846	-1
46	19287	1
35	292	1
4	17340	-1
9	23052	1
13	5618	1
28	12230	1
17	11371	-1
1	73	-1
14	9962	-1
16	2048	-1
44	14595	-1
6	5740	-1
17	12714	1
34	29350	-1
9	30066	1
11	25174	-1
6	17483	-1
21	12627	-1
7	4521	1
42	2666	1
8	4373	-1
1	4913	1
43	16938	1
48	1051	1
7	22377	-1
23	14111	1
22	20349	-1
46	21452	-1
44	18465	1
46	9120	1
42	28195	-1
6	15600	1
8	23770	1
40	30977	-1
16	19582	-1
21	20186	-1
48	21531	1
17	26223	1
1	12574	1
6	18131	1
13	24579	1
43	6173	-1
41	20144	-1
3	15449	-1
40	23259	-1
4	29096	1
8	5175	1
36	5160	-1
5	9079	1
6	21127	1
14	19259	-1
16	2839	-1
15	5786	-1
13	11438	1
3	19029	-1
30	4653	1
17	13904	1
18	5463	-1
49	4000	-1
42	9115	1
43	11044	-1
16	20698	1
45	10221	1
35	15837	1
44	13908	-1
12	911	-1
0	21398	-1
4	8318	1
34	12336	1
13	28120	1
13	74	1
28	3262	1
21	22466	-1
13	1909	-1
49	12389	-1
49	2151	-1
29	21384	1
43	20116	1
44	8893	1
47	26484	-1
17	15191	1
0	11740	-1
29	22858	1
44	13856	-1
44	24672	-1
49	5230	1
23	16058	1
26	6119	-1
43	21249	-1
45	10626	-1
32	10837	1
6	15337	-1
38	23957	-1
45	16845	-1
43	15713	1
6	15620	-1
4	23134	1
35	4957	-1
26	28553	-1
30	24188	-1
29	22141	1
2	27217	-1
6	6439	1
1	444	1
16	16660	1
12	16173	-1
39	10133	-1
43	30825	1
23	22998	1
48	3322	1
47	5494	1
25	12199	1
14	22734	-1
28	4803	-1
0	29606	-1
41	18395	-1
43	11305	1
47	14677	-1
2	3657	-1
42	15033	-1
1	4163	-1
13	27259	1
48	16640	1
21	9723	1
38	14896	1
8	18321	1
35	15793	1
10	7580	-1
21	25054	-1
1	21990	-1
43	6614	-1
16	15313	1
46	19307	1
10	10147	1
46	1565	1
3	15595	-1
17	140	1
33	19824	-1
43	7995	1
4	9991	1
32	12425	1
6	25923	1
22	27713	-1
5	20308	-1
44	1763	1
18	5568	-1
31	8044	-1
41	2570	-1
11	18497	-1
41	4177	-1
16	18361	-1
5	18736	1
36	26464	1
43	18406	1
40	2783	1
33	29714	-1
28	27489	1
30	1328	1
46	6459	1
7	16344	1
6	9355	1
24	3541	-1
27	12201	-1
41	25834	1
29	21504	1
43	26986	1
26	15848	-1
47	22629	-1
10	24541	1
4	8135	-1
29	540	-1
14	17042	-1
15	25785	-1
39	24591	-1
2	24411	1
8	12808	1
8	14224	1
31	22417	-1
43	10523	1
40	7555	1
6	28781	1
20	6174	-1
48	23945	1
13	22673	1
40	19032	1
11	8675	-1
0	15376	-1
36	30527	-1
5	23616	1
47	28764	-1
18	15763	-1
46	26415	-1
17	18355	1
21	15876	-1
5	1605	-1
7	2058	1
17	19006	1
3	7171	-1
35	26511	1
43	7810	1
30	3937	-1
12	28749	-1
4	5236	1
44	2093	-1
11	8199	-1
13	17404	-1
27	3248	-1
30	11467	-1
37	26041	-1
43	25883	1
18	16785	-1
24	5678	-1
28	31008	-1
35	30561	1
46	29383	1
39	2573	1
14	3932	-1
31	25158	-1
9	13925	1
4	8499	1
21	24074	1
43	15093	1
7	8301	-1
48	8724	1
37	28021	1
44	6668	-1
14	16684	1
48	22273	1
20	25984	-1
35	1357	1
11	17772	-1
43	4282	1
46	8939	1
20	28026	-1
9	29775	-1
19	22328	-1
8	27028	-1
15	17251	-1
42	5584	1
0	16524	-1
31	3851	-1
5	16513	1
18	22974	1
11	22050	-1
0	507	-1
31	8693	-1
46	8828	1
17	14952	-1
6	12208	1
39	24916	-1
8	27372	1
46	17826	1
0	14821	1
28	13778	-1
43	3585	1
43	8167	1
11	10667	-1
44	27326	-1
15	30453	-1
23	19193	1
22	15005	-1
27	3595	-1
37	6919	1
3	30037	-1
16	14513	1
7	7690	-1
13	21674	1
46	17858	1
44	22851	-1
18	26380	-1
33	16352	-1
35	22615	1
26	17793	-1
44	15975	1
47	12755	-1
28	6112	1
15	23140	1
48	17463	1
1	2658	1
36	18745	1
40	13979	1
27	26704	1
6	10353	1
5	468	1
0	22632	-1
8	7091	-1
8	596	1
33	22943	-1
21	1453	1
43	4751	1
21	26701	1
4	26211	1
14	18972	-1
45	19508	1
40	26475	1
13	28999	-1
49	289	1
45	16620	1
13	24011	1
8	24517	1
21	18214	-1
48	2357	1
4	29594	1
30	18031	-1
25	20217	-1
39	19051	1
8	5745	-1
36	11737	-1
13	24971	1
25	18890	-1
19	3172	-1
3	15265	-1
28	20392	1
22	30934	-1
8	7448	-1
8	22867	-1
49	17446	-1
28	8242	1
42	26230	1
13	22120	1
2	30725	-1
23	15307	-1
41	25755	1
42	5119	1
0	30114	1
33	30382	-1
41	103	1
44	7185	1
29	27922	-1
18	25198	1
38	6628	1
46	27079	1
31	24720	-1
30	23674	-1
0	16759	-1
27	29853	1
43	5943	1
36	1912	1
8	5848	1
35	4692	-1
34	9279	-1
48	23329	1
32	30511	-1
24	28107	-1
1	5238	-1
35	6469	-1
35	9445	1
35	15633	-1
14	25032	-1
11	27396	1
47	10411	-1
34	7024	1
32	22600	-1
22	26437	-1
6	17447	1
14	10416	-1
39	3360	-1
48	16775	1
4	10474	-1
46	7787	-1
30	24599	-1
30	31034	-1
1	13199	-1
1	23184	-1
21	25249	-1
34	25090	-1
24	598	-1
23	25921	-1
4	5905	1
8	15085	1
14	24663	-1
43	12285	1
34	27886	-1
40	16162	1
17	27895	1
34	17912	-1
43	3898	1
43	4425	1
7	28546	1
13	8157	1
30	8029	-1
15	10486	-1
46	30155	1
37	30226	1
44	14140	-1
43	8699	1
25	25969	-1
24	7250	-1
28	21268	1
6	26139	1
15	28754	-1
11	19493	-1
31	28431	-1
48	30069	1
33	11731	-1
42	4269	-1
42	5257	-1
44	11055	-1
9	26500	1
13	21527	1
41	9340	-1
39	592	1
28	29051	1
42	1112	1
40	11572	1
6	29495	-1
18	18716	1
6	13191	1
31	26180	-1
8	3837	1
6	30087	-1
16	14630	1
44	21122	-1
1	8214	1
38	1138	1
6	26386	1
29	21502	-1
29	5363	-1
18	23522	1
29	31010	1
37	13263	-1
22	11829	-1
43	16773	1
43	1220	1
29	18467	-1
49	15898	1
40	15065	1
41	27773	-1
19	29592	-1
36	791	1
41	10381	-1
13	4006	-1
9	9439	1
5	28632	1
42	9099	-1
8	18049	1
13	27450	1
49	22544	1
6	11646	-1
3	7282	-1
28	7761	1
5	14145	1
8	8213	1
5	9653	1
21	1554	-1
35	17491	1
13	13532	1
35	24094	1
8	9195	1
0	6773	1
32	2036	1
46	22634	-1
40	2780	1
42	30389	1
14	29292	-1
36	7856	-1
28	13689	1
4	25179	1
10	2006	1
24	4527	-1
4	1034	1
6	18819	1
35	10021	1
30	10723	1
16	11562	1
12	21458	-1
8	26532	-1
4	20863	1
43	24427	1
15	8752	-1
15	21339	1
10	23905	1
43	11783	-1
35	20098	-1
47	23086	-1
14	14760	-1
21	22723	1
33	19630	-1
4	7602	-1
11	10322	-1
6	26692	1
43	13705	1
35	25759	1
4	6158	-1
1	19785	1
49	30751	-1
19	1525	1
5	30269	-1
10	13538	-1
43	18752	-1
23	22233	1
42	16616	1
21	14696	-1
35	24567	1
24	14172	-1
31	15110	-1
30	6214	-1
19	29686	-1
18	5830	-1
21	3830	-1
1	13376	-1
17	28765	-1
13	2051	-1
22	26174	-1
20	21009	-1
29	9557	-1
31	10966	-1
34	28799	-1
14	14920	-1
9	22465	1
14	11545	1
23	5357	-1
14	24549	-1
19	10086	-1
41	3681	-1
42	5096	1
15	30184	-1
31	29933	1
42	19147	1
44	2240	1
2	29382	-1
3	28851	-1
43	10646	-1
48	26286	1
48	13994	1
30	3061	-1
35	6587	1
9	9983	-1
46	1776	1
20	24858	-1
28	21218	-1
2	26521	-1
35	19429	1
14	19900	1
43	30546	1
28	17345	-1
36	11231	-1
49	23339	1
25	24962	-1
42	26520	1
4	30278	1
40	528	1
19	3277	-1
44	16653	-1
13	873	1
25	7277	1
48	24819	1
48	14929	1
38	4913	-1
46	12812	1
32	615	-1
45	29804	-1
17	5338	1
48	8984	-1
43	8299	1
15	5953	-1
5	19365	-1
36	8974	-1
46	19665	-1
36	22128	-1
8	21473	-1
33	23642	-1
48	3907	1
12	11440	-1
40	5616	-1
15	4756	-1
17	4254	1
25	905	-1
36	7244	1
48	16439	1
1	23849	-1
22	27397	-1
43	9156	1
0	5416	-1
12	18874	1
43	26834	1
9	15300	-1
43	8467	1
43	16175	1
46	24559	1
25	12673	-1
12	21607	-1
6	28745	1
1	3646	-1
8	6960	1
3	15528	-1
18	30117	-1
27	21621	-1
42	26489	1
29	8173	1
6	17096	-1
45	735	1
28	6468	-1
36	25187	-1
13	12938	1
23	21335	-1
40	25430	1
42	25198	1
13	13603	1
39	26922	1
41	5354	-1
14	13014	-1
31	17406	-1
1	3865	-1
45	9824	-1
34	8433	-1
48	26115	1
37	23777	1
31	26981	-1
3	3286	-1
35	12476	1
23	21997	-1
18	29461	-1
25	6936	1
17	18144	1
39	26431	-1
35	6652	-1
44	29729	-1
41	26939	-1
34	20948	-1
10	30397	1
40	20594	1
28	1695	1
8	22730	-1
42	5938	1
45	24748	1
26	23483	-1
27	7797	-1
36	26077	1
28	13754	-1
7	5854	1
43	30641	1
13	21640	1
1	140	1
27	26397	-1
14	29320	-1
8	8615	1
16	23656	1
1	21890	-1
20	24796	-1
36	23957	-1
14	24320	-1
26	29283	-1
4	25489	1
4	12587	1
44	23450	1
48	6594	1
23	16515	1
32	11149	-1
29	26018	1
43	28744	1
42	1657	1
43	23829	1
47	24196	-1
8	28476	1
43	12171	-1
43	11535	1
15	6952	-1
5	7982	-1
35	25205	1
26	13997	-1
23	8595	-1
21	23194	-1
0	17508	1
10	25267	-1
5	12517	-1
44	997	-1
30	29365	1
18	11959	1
29	13321	-1
49	29280	-1
23	25460	1
23	7576	1
4	27999	-1
13	2069	1
6	27838	-1
0	13323	1
42	18988	1
3	5894	-1
26	9922	-1
43	13605	-1
25	14728	-1
7	4918	1
20	29482	-1
17	22120	1
9	26585	-1
7	1304	-1
30	24558	-1
6	30440	-1
48	13719	1
4	2120	1
6	12924	-1
31	18130	-1
21	30222	-1
2	18373	-1
28	10441	1
38	17043	-1
5	29202	-1
39	23547	-1
35	1785	1
15	18126	1
22	25431	-1
48	1352	1
29	18574	-1
42	6578	1
8	20631	1
22	15944	1
11	7444	-1
21	23079	1
36	21214	-1
7	23531	-1
20	2655	-1
10	26720	-1
37	18570	-1
28	1327	-1
0	16738	-1
35	17181	1
6	12403	-1
40	601	-1
40	13434	-1
48	2722	1
35	18232	1
30	16411	-1
28	27304	1
41	24725	1
48	3149	1
19	14052	-1
1	20690	-1
46	18967	1
33	9499	-1
4	26559	1
2	12098	-1
22	17973	-1
28	13619	1
13	27613	-1
6	13114	1
33	28892	-1
43	13036	1
48	14982	1
40	16233	1
35	25498	-1
4	29188	-1
10	18659	1
10	1030	1
12	3956	-1
45	12370	1
13	27831	1
40	28549	-1
6	27769	1
35	24105	1
0	3996	-1
46	20198	1
8	21071	1
30	4729	-1
43	7726	1
48	29232	1
17	10847	-1
12	2173	-1
5	7619	-1
38	7237	1
43	1053	1
0	20288	-1
33	9318	-1
7	3793	-1
48	20045	1
43	13953	1
49	25498	1
23	30963	1
24	24346	-1
39	17498	1
46	22451	1
37	11432	-1
35	9074	1
0	11332	-1
16	8532	-1
4	14907	1
11	15107	-1
6	23195	1
47	28526	-1
16	6805	-1
26	11608	1
16	26672	1
28	3255	1
43	9633	1
32	16884	-1
40	26835	1
9	6589	-1
4	7161	1
28	18977	1
18	27976	1
27	26573	-1
34	15281	-1
21	27982	-1
38	26819	1
37	26254	-1
45	21441	-1
8	26657	-1
39	29770	1
23	21066	1
14	22360	1
6	9979	1
16	27726	1
42	5283	1
3	11796	-1
5	27040	1
4	18372	-1
22	3045	-1
16	357	-1
14	27049	-1
35	1049	1
5	8482	-1
24	26959	1
13	2465	-1
48	27786	1
44	11402	1
37	21048	-1
9	4959	-1
34	341	-1
43	7978	1
48	25701	1
32	4616	-1
16	23642	1
32	20810	-1
17	30028	1
13	18104	1
40	1946	1
48	14620	1
5	20081	-1
29	19411	-1
18	7966	-1
0	7303	-1
4	24439	1
17	15620	1
13	1894	1
46	15172	1
6	1475	1
17	28631	-1
1	29570	-1
43	12558	1
15	26761	-1
7	9160	-1
28	28178	-1
4	13869	1
39	17637	-1
22	785	-1
4	20625	1
31	14793	-1
14	3630	-1
43	23136	1
20	12009	-1
1	19669	-1
6	2533	1
9	3138	1
4	16186	-1
16	18351	1
18	14875	1
45	7504	1
35	29084	1
47	19048	1
20	28541	-1
38	10693	-1
42	24682	1
2	4509	-1
1	8769	-1
38	24644	1
7	5993	1
16	27929	1
29	20082	1
39	27695	1
43	23807	1
8	31026	1
49	19024	-1
24	22508	-1
30	10461	1
42	30550	-1
46	318	1
17	25747	1
15	20905	1
3	14220	-1
4	10576	1
13	28249	1
45	4593	1
5	6590	-1
40	17909	1
24	19877	-1
3	24312	1
46	22661	1
1	21366	-1
29	14939	1
14	9468	-1
30	8593	-1
31	25866	-1
37	13186	1
9	5522	1
46	23799	1
40	20140	-1
31	22737	-1
5	10327	1
40	23761	1
28	9643	-1
31	17692	-1
46	25247	1
33	6094	-1
48	7191	1
6	7467	1
11	20797	-1
16	7633	1
7	11397	1
35	23218	-1
24	7490	-1
42	3303	-1
49	25169	-1
32	11111	-1
1	17624	1
8	16018	1
15	20872	-1
3	1857	-1
42	21104	1
8	4141	1
16	19147	-1
43	29601	-1
33	30172	-1
25	24131	-1
43	13204	-1
45	4944	1
7	18761	-1
5	6842	-1
17	26359	-1
4	30942	-1
42	11960	1
47	26140	-1
2	24012	-1
16	1646	-1
9	9082	1
36	14269	1
20	21424	-1
40	4481	-1
2	12632	-1
24	25125	-1
2	28548	-1
2	11923	1
34	19208	-1
31	17303	-1
13	6195	1
37	10419	1
38	4069	1
6	4305	-1
28	25340	1
48	18942	-1
27	8813	1
15	2880	-1
38	21630	-1
34	29101	-1
37	13725	-1
16	16828	-1
38	1658	-1
6	25974	1
18	17942	-1
46	24045	-1
8	5813	1
12	17560	-1
43	12822	1
40	9170	-1
36	16401	-1
14	22126	-1
43	25540	1
43	23388	1
16	22590	1
44	7944	-1
35	13065	-1
48	10112	1
10	13291	-1
35	14790	1
37	1304	-1
49	7455	-1
31	4546	1
49	26770	-1
32	17294	1
25	7343	1
35	16537	-1
8	18115	1
16	15986	-1
16	16873	1
29	28461	1
13	30467	1
49	21505	-1
40	18124	-1
44	24400	-1
43	19827	-1
43	25822	1
30	13422	1
13	9495	1
46	3873	1
28	4344	-1
40	5375	1
29	13325	-1
26	30841	1
48	6400	1
23	14548	-1
36	17025	-1
6	12789	1
7	22113	1
5	21997	1
25	28953	-1
44	10740	-1
1	18683	-1
14	8184	1
17	18516	1
48	26367	1
17	27074	1
42	23485	1
14	4853	-1
37	22512	1
1	20730	-1
16	5691	1
36	22155	-1
34	20976	-1
2	18948	-1
19	16220	-1
30	7084	1
26	25708	1
45	29816	-1
4	595	1
44	8928	1
23	30813	1
48	12263	1
39	8850	1
6	14455	1
21	13928	1
42	28332	1
25	28877	-1
33	24060	-1
46	18975	1
3	22441	-1
24	13334	-1
1	19579	1
9	30697	1
15	11763	-1
38	27489	1
42	17561	1
39	29800	1
26	19115	1
21	25491	-1
10	6764	1
38	15417	1
13	30169	1
35	21947	1
47	15701	-1
43	2828	1
6	22398	1
4	9923	-1
30	15852	-1
9	22814	-1
47	21466	-1
48	16310	1
8	13555	1
3	18431	-1
4	17165	-1
23	5682	-1
49	15776	-1
46	27654	-1
44	10532	-1
48	16244	1
43	13711	1
2	25256	-1
7	667	1
48	16345	-1
6	31079	-1
5	2787	1
10	27904	-1
49	9700	1
9	21557	-1
28	18855	1
26	168	-1
21	12091	-1
43	5108	1
44	3688	-1
22	21857	-1
6	9273	1
6	28703	1
30	25737	-1
36	23112	1
35	9428	1
7	9997	1
16	1612	1
13	23474	-1
10	2403	1
12	7286	1
16	30269	1
27	11698	-1
30	13764	-1
37	10257	1
46	16164	1
6	7850	1
40	5574	1
19	5886	1
23	19957	1
8	26171	-1
16	30648	1
23	4860	1
39	12522	1
32	17521	1
28	11082	-1
40	20137	-1
38	18224	1
5	19783	1
49	24803	-1
28	22588	-1
0	26977	1
43	5081	1
4	17780	1
23	28941	-1
37	27325	1
10	16463	1
40	9070	-1
46	9173	1
13	19318	-1
42	10272	1
17	25157	1
5	2464	-1
42	29610	-1
41	26435	-1
42	11017	1
38	4388	-1
13	29936	-1
27	21526	-1
30	19435	1
48	19144	1
41	30397	-1
7	887	-1
46	30308	1
14	12627	1
21	3943	-1
15	23632	-1
17	5438	1
1	28116	1
21	29251	-1
4	6846	1
44	671	-1
45	1177	-1
31	25470	-1
48	25391	1
35	22799	-1
43	20707	1
46	22297	1
8	873	1
16	22552	1
15	26143	-1
28	6227	1
18	8154	1
28	18811	1
46	15580	1
29	28014	-1
16	10606	1
41	835	-1
18	4446	1
37	5268	-1
2	17614	-1
38	24450	1
42	6510	1
49	16554	-1
28	13042	-1
3	9863	-1
5	15605	-1
20	18546	-1
46	11919	1
28	24504	-1
15	17854	-1
43	19730	1
13	29465	1
43	9849	1
4	4439	-1
16	13250	1
27	8138	1
32	12698	1
47	8590	-1
28	27780	-1
48	25623	1
2	13566	-1
28	25632	-1
44	20639	-1
0	6071	1
44	15802	1
40	3714	1
7	3916	-1
23	18380	-1
8	27913	-1
32	7749	-1
29	4783	-1
13	23029	1
29	24352	-1
17	10602	1
43	6459	1
31	8133	-1
2	16725	-1
10	19914	1
43	2823	1
29	23641	1
22	5004	-1
48	27230	-1
16	18788	1
12	18403	-1
41	12549	-1
39	24931	1
47	15047	-1
49	28832	-1
16	24265	-1
13	15610	1
37	29343	1
43	19375	1
42	29894	1
18	18522	-1
4	9314	1
38	5420	1
14	7396	-1
42	11049	1
10	10202	1
42	682	1
35	21442	-1
32	1701	-1
14	16562	-1
48	27196	1
16	18995	1
46	30391	1
32	21527	-1
44	21244	-1
13	25073	1
27	8056	-1
16	20560	1
10	15946	1
43	20143	1
12	10040	-1
8	5470	-1
1	14632	-1
11	19562	-1
17	5061	1
41	11488	-1
20	26258	1
27	16496	-1
25	24211	-1
48	6478	1
29	28434	-1
5	27267	1
23	29671	-1
14	26528	1
47	16998	-1
32	28659	-1
48	6090	1
20	24399	-1
35	23274	1
46	20363	1
13	18675	1
19	11704	-1
8	10379	1
14	3185	-1
25	21145	-1
26	13554	-1
44	5444	-1
23	6188	1
20	17025	-1
43	10915	1
41	13145	-1
31	20652	-1
4	6860	1
8	3185	1
6	10700	-1
40	26131	-1
35	31034	1
41	26012	-1
6	6841	1
43	19487	1
14	11820	1
2	19255	-1
46	21677	-1
43	28193	1
43	4198	1
12	29735	-1
48	4841	1
3	2674	-1
42	22436	-1
7	19635	1
43	22398	1
47	6332	-1
7	13482	1
48	28895	1
29	30455	-1
26	3495	1
8	5178	1
48	12232	1
48	24282	1
30	13246	-1
7	364	-1
10	6633	-1
37	10091	1
43	17685	-1
38	4503	-1
30	26990	-1
5	14363	1
43	11707	-1
3	1277	1
33	1951	-1
26	22704	-1
40	482	1
25	4185	-1
3	15883	-1
16	7509	1
44	15654	1
8	20419	1
3	7970	-1
9	27344	1
21	8503	1
29	27827	-1
6	26162	1
12	13948	1
45	5661	-1
32	16752	-1
37	26049	-1
43	20678	1
40	22478	-1
44	306	-1
42	21996	-1
23	23058	-1
35	28927	-1
43	11422	1
37	5526	-1
8	26446	1
32	17960	1
13	22341	1
47	18407	1
13	3195	1
0	28431	1
42	30329	-1
43	21637	1
23	7318	1
7	26278	-1
7	22370	1
5	6816	-1
40	9443	-1
46	6241	-1
32	10994	-1
49	29986	-1
39	26231	1
30	7064	-1
4	12023	-1
39	26154	-1
48	15713	1
37	15336	-1
8	24918	1
34	29156	1
23	5630	1
8	4398	1
48	20316	-1
6	8592	-1
39	20870	-1
35	22265	1
40	8469	1
30	4181	-1
46	11291	1
6	17621	-1
6	17306	1
43	22478	1
1	14963	1
40	21332	1
46	25406	-1
36	6913	1
31	19642	-1
43	10192	1
41	2371	-1
8	22010	1
6	156	1
49	27057	-1
8	11597	1
7	13345	-1
23	30789	1
33	2565	-1
42	22874	-1
48	26875	1
35	25388	1
28	1814	-1
42	15443	1
3	4159	1
14	26776	-1
40	21027	1
30	21233	1
20	13883	-1
10	14673	1
27	2074	-1
43	806	1
17	5217	-1
1	16130	1
46	4591	1
12	3891	-1
34	27446	-1
17	28279	1
19	10096	-1
6	7571	-1
42	5195	1
13	17426	1
32	611	-1
44	12617	-1
34	27217	-1
17	3952	1
15	22365	-1
46	6962	-1
5	23132	-1
27	3709	-1
28	15282	1
21	10006	-1
45	13086	-1
6	29958	1
47	27562	-1
18	5413	-1
4	28145	1
20	23880	-1
39	28167	1
14	10164	-1
21	27679	-1
40	492	1
44	5644	1
28	11830	1
40	9251	-1
48	24772	1
25	23401	-1
42	9478	1
30	22087	1
4	4986	-1
44	18515	-1
6	4512	1
48	13294	1
44	28432	-1
7	6576	1
36	25354	-1
16	10507	1
39	8129	1
35	18028	-1
20	27172	-1
0	21422	-1
10	6894	1
29	9585	-1
10	15611	-1
12	26525	-1
8	8204	1
8	8380	1
4	26581	1
16	9557	1
0	4501	1
18	23005	1
3	12126	-1
5	13037	-1
48	7015	1
10	19074	-1
16	6536	1
6	4509	1
35	21473	1
0	3698	-1
43	29728	-1
7	10323	1
32	16715	-1
49	10011	-1
41	19041	-1
6	15240	-1
1	20657	1
5	21840	1
8	2157	1
2	17956	-1
10	18299	1
20	23561	1
45	968	1
22	11596	-1
48	7794	-1
6	2515	1
22	21264	-1
45	25095	-1
30	16545	-1
46	12147	1
15	18332	-1
46	7716	1
47	22304	-1
22	12251	-1
17	29135	-1
46	4885	1
46	25003	-1
16	7426	-1
47	14439	1
31	14711	-1
18	20618	1
17	14636	1
45	16600	1
23	11866	-1
8	13489	-1
12	5353	-1
28	10533	1
35	8115	1
42	2934	-1
14	7345	-1
6	27207	-1
23	18973	-1
24	16741	-1
17	19345	1
13	15903	1
43	16696	1
46	21796	1
45	25465	-1
44	28309	-1
32	26519	1
26	17921	-1
14	22978	1
40	13518	1
8	4675	-1
15	9476	-1
32	28492	-1
36	13840	-1
30	29487	-1
17	1909	1
37	30172	-1
7	7787	-1
44	17460	-1
3	27612	-1
43	20191	1
42	26319	1
34	30046	-1
34	22673	-1
27	4426	-1
43	21566	1
14	24301	-1
18	7776	-1
7	7112	1
48	7895	1
43	16874	1
48	19509	1
4	8602	-1
13	22860	1
25	17422	-1
30	13204	1
17	669	-1
11	26108	-1
6	20162	-1
43	8091	1
48	17623	1
1	21112	-1
24	7678	-1
11	28213	-1
8	18976	1
15	19902	-1
8	8118	1
46	15213	1
6	17369	1
48	16903	1
5	1732	1
18	23148	-1
27	12453	-1
20	27675	-1
37	6626	1
42	20289	1
7	9902	1
26	27858	-1
6	12462	-1
45	20809	-1
10	12438	1
4	8473	1
21	2066	-1
44	27380	1
7	26726	-1
12	28901	-1
42	7075	-1
20	19159	-1
3	25455	1
6	177	1
27	30003	-1
17	4280	1
25	8583	1
34	17293	1
13	19648	1
48	21760	-1
17	12431	1
43	28380	1
46	25017	1
43	6456	1
28	7105	1
15	7739	-1
36	19514	1
27	22828	-1
6	26412	1
46	29806	1
10	3082	-1
38	27484	-1
47	12339	-1
2	20802	-1
6	11039	1
38	22153	-1
48	30885	-1
44	3054	1
17	28857	1
5	4883	-1
34	31019	1
44	3731	1
5	22942	-1
48	19586	-1
4	26082	1
40	25940	1
42	10548	-1
26	12574	1
13	13741	1
38	2415	-1
40	23067	1
6	7510	-1
4	15125	-1
45	4633	1
42	20955	1
42	29713	-1
20	21690	-1
28	19390	-1
48	25578	1
8	25156	-1
7	26872	-1
8	17735	1
8	9575	1
17	20646	1
43	5667	1
13	11387	1
17	20286	1
42	4945	-1
1	4578	-1
19	22717	-1
11	976	-1
7	13808	1
44	3594	1
27	8331	-1
3	25739	1
31	28612	-1
8	3143	1
20	23427	1
41	9073	-1
47	10072	1
27	13598	-1
23	11837	-1
42	6062	1
41	13679	1
43	22496	1
22	3997	-1
13	20667	1
13	8244	1
14	4312	1
15	10277	-1
8	13540	1
6	19470	1
43	20976	1
2	26433	-1
34	2378	-1
14	4113	-1
39	23212	-1
4	15599	1
4	639	-1
43	9921	1
4	7740	1
26	23497	-1
37	22395	1
31	6310	-1
35	8346	1
0	4328	-1
7	30317	1
4	26537	-1
48	3303	-1
49	801	1
5	24789	1
7	5289	-1
13	2327	-1
6	1394	1
17	2963	1
24	21852	-1
36	1	-1
47	23801	1
27	6583	-1
40	8155	1
47	20906	-1
21	18865	-1
48	29251	1
28	20665	1
43	19228	1
41	19459	1
43	6234	1
30	16278	1
46	14541	1
7	7004	-1
43	19397	1
48	13538	1
16	12723	1
39	28020	1
37	1234	-1
13	19340	1
1	15302	-1
42	25483	1
9	15012	1
10	17026	1
8	12981	1
48	3559	1
32	4145	1
8	24777	1
6	15159	1
25	1986	-1
15	8022	1
40	4012	1
0	26330	1
37	27342	1
3	7058	-1
4	14994	1
43	6437	1
48	9888	1
5	19722	-1
22	4501	1
12	8189	-1
32	8566	-1
40	30247	1
1	26980	-1
8	25474	-1
12	8916	-1
33	4573	-1
47	29564	-1
24	30574	-1
39	26274	-1
42	28457	1
31	20320	-1
33	27884	-1
33	10189	-1
13	6619	-1
40	18063	1
4	1087	1
17	28872	1
10	13948	-1
13	3738	1
28	4102	1
44	2905	1
47	20737	1
43	14054	1
8	7144	1
8	22435	1
19	14412	-1
21	10311	1
22	3075	-1
40	8927	-1
23	26303	1
44	30291	1
45	3603	-1
21	23654	1
21	22217	-1
4	19693	-1
22	13893	-1
0	30395	-1
37	17858	-1
6	7926	1
13	30001	-1
42	3375	1
39	15375	1
8	4197	1
8	23481	1
40	22394	-1
31	25456	-1
36	9787	-1
48	29512	1
15	2258	-1
16	4511	-1
47	10745	1
34	10864	-1
42	8771	1
27	3883	-1
22	8280	-1
21	4791	1
13	27095	1
46	13784	1
43	26051	1
4	29378	1
15	4264	-1
7	27813	1
18	421	1
8	22557	1
3	2013	1
15	20879	-1
38	30447	-1
23	30363	1
13	3103	-1
48	3770	1
49	30675	1
5	22202	-1
20	24827	-1
17	21089	-1
49	14634	1
43	18361	-1
48	742	1
8	23859	1
30	19563	1
16	19912	1
43	6881	1
42	18852	1
43	24199	1
28	10414	1
29	28980	-1
9	3900	1
20	26376	-1
28	3187	-1
18	21549	1
17	21846	1
39	5584	-1
21	14515	-1
48	29331	1
0	12748	-1
6	11023	1
45	15088	-1
8	14187	1
25	28396	-1
8	20155	1
8	22754	1
13	29359	1
46	13369	1
48	25555	-1
11	5626	-1
29	11103	1
47	17480	-1
14	23824	-1
44	8016	-1
41	13771	-1
39	17193	1
43	3061	1
11	19796	-1
30	3775	-1
4	21352	-1
17	21684	-1
14	4309	-1
44	13652	1
42	405	1
20	17405	1
44	923	1
34	10838	-1
28	24240	-1
41	13460	-1
49	617	-1
7	5063	1
5	13033	-1
48	24929	1
48	3061	1
31	10771	-1
37	11221	-1
48	7306	1
13	5396	1
2	9131	1
5	19654	1
13	9661	1
6	11081	1
48	28873	-1
9	7086	-1
38	16364	-1
13	17353	-1
29	8576	1
30	18010	-1
32	4341	1
3	3266	1
30	3358	-1
44	18548	-1
43	30112	1
28	25925	1
48	13879	-1
45	10436	1
6	25153	1
43	14692	1
21	13045	-1
41	13475	-1
13	9331	1
42	16707	1
45	7221	1
13	14489	-1
48	3956	1
16	18707	1
21	15148	-1
13	6571	-1
8	20960	1
43	23594	1
9	9290	-1
46	995	1
46	29299	1
40	24660	1
8	22983	1
3	929	-1
23	25913	1
6	11100	1
13	19065	-1
22	16999	-1
9	18884	1
9	22579	-1
29	7778	-1
8	17729	1
38	20107	-1
30	26020	1
40	14711	1
17	21573	-1
49	7906	-1
42	16273	1
46	12032	1
11	18988	-1
23	28848	-1
20	19048	-1
8	3165	1
13	6866	1
4	13486	1
43	26818	1
32	15498	1
48	23382	1
24	8312	-1
20	26943	1
13	22983	1
6	6821	1
13	12749	1
26	5544	-1
49	16149	-1
11	21666	-1
8	15141	1
21	11366	-1
34	1440	-1
35	13136	-1
18	15068	-1
21	8990	-1
30	2077	-1
42	23169	1
24	18741	-1
7	11698	1
48	7961	1
48	13990	1
23	3481	-1
43	24430	-1
31	2826	-1
34	17575	-1
16	5763	1
25	8780	-1
1	23360	1
26	10613	-1
46	20713	1
35	18504	1
4	30652	-1
7	19831	-1
13	20806	1
13	4867	1
37	9452	1
7	4907	-1
39	22014	1
4	10567	-1
39	10816	-1
31	26962	-1
33	22435	-1
30	20185	1
13	17212	1
40	1001	-1
10	21818	-1
39	24455	-1
28	19639	-1
45	25746	-1
45	24931	-1
43	24256	1
22	18287	-1
42	19656	1
17	24012	1
48	12192	1
18	20699	1
1	5410	1
48	24767	1
39	4595	-1
12	1191	-1
7	10594	1
1	13373	1
42	274	1
33	19111	1
8	3512	1
7	19090	1
16	21627	-1
24	4887	-1
17	28341	-1
13	24071	1
20	6297	-1
8	10483	1
40	19665	1
28	4956	-1
40	29072	1
18	25693	1
1	12722	-1
46	24834	1
5	871	1
48	20495	1
13	10154	-1
41	21999	1
48	2714	1
6	20621	1
28	201	-1
7	28234	-1
17	9436	-1
48	138	1
9	21072	1
6	30595	1
39	23510	-1
31	10901	-1
49	18066	-1
42	205	1
48	2873	1
43	24193	-1
39	21129	1
21	6270	-1
7	20973	1
41	26913	-1
36	28790	1
46	24799	1
6	12139	1
48	22982	1
48	24431	1
28	21785	1
20	3009	-1
44	24934	1
37	24968	-1
13	20869	1
9	17413	-1
16	14415	1
13	4015	1
25	8477	-1
9	16424	-1
3	25389	-1
37	405	1
48	23492	1
44	17919	1
43	26821	1
47	17188	-1
43	29903	-1
7	20255	-1
13	30811	1
40	8273	1
4	22619	1
42	11171	1
36	30783	1
22	6276	-1
0	17195	1
8	30395	1
13	24622	-1
24	1639	-1
9	19440	1
47	20914	-1
20	19739	-1
46	17172	1
35	3365	-1
13	971	1
23	10212	-1
45	5666	-1
16	14690	-1
16	8110	1
34	2288	-1
14	30717	-1
42	30738	1
47	13267	1
47	18810	-1
13	23500	1
39	6064	1
7	11399	1
30	30406	-1
4	27700	-1
23	25647	-1
2	7644	-1
4	14123	1
43	3158	-1
1	11714	1
43	23148	-1
39	17447	-1
43	30174	1
43	24672	1
33	4948	-1
28	10969	-1
41	26352	-1
40	2510	1
20	30892	-1
8	21093	1
46	5341	1
32	6956	-1
35	22460	1
40	1258	1
17	21223	-1
27	19579	-1
16	26345	1
4	13299	1
38	2120	-1
13	5155	1
5	28151	1
8	2566	1
42	25369	1
2	15964	-1
42	9143	-1
33	3874	-1
37	4215	-1
0	26283	1
17	16745	1
48	15221	1
9	27618	-1
37	27574	-1
4	11857	-1
44	24120	1
46	21775	1
48	3330	1
21	8962	1
46	3301	1
5	9574	1
21	28424	-1
34	2640	-1
7	8359	-1
16	5423	-1
4	11107	-1
1	12597	1
39	18834	-1
23	15754	-1
48	16826	-1
25	24585	-1
16	10657	1
23	19730	1
25	23908	1
31	11703	-1
32	13434	-1
46	12132	1
13	6180	1
8	17753	-1
13	21952	1
47	30975	-1
29	3283	-1
36	27694	1
42	3884	-1
9	22351	-1
15	11254	-1
13	8147	1
23	6417	1
21	27170	-1
10	19752	1
8	23658	-1
46	21412	1
40	900	-1
14	733	-1
38	23641	-1
4	25393	1
26	2465	-1
0	7571	-1
8	16816	1
20	11694	-1
2	7354	-1
39	29499	1
35	22462	1
17	9736	1
8	30870	-1
28	27330	1
7	29768	-1
23	22362	1
42	349	1
29	20752	-1
48	11626	1
7	13883	1
43	5192	-1
5	12518	-1
13	30039	1
22	29175	-1
37	16550	-1
5	25873	1
0	12329	1
48	25509	1
13	4535	-1
46	488	-1
39	1496	1
8	28671	-1
8	2192	1
49	744	-1
42	24881	-1
19	24843	-1
35	11738	1
46	10661	-1
48	27654	1
30	19332	1
43	11613	-1
3	29362	-1
26	26070	1
20	1560	-1
5	10714	1
8	30263	1
24	26293	-1
16	28595	-1
27	25408	-1
44	16582	-1
8	14159	1
37	3045	1
14	18986	-1
41	9926	-1
7	10616	1
11	23500	-1
19	15923	-1
8	30296	1
44	9435	-1
9	27302	-1
15	19928	-1
7	23615	-1
48	19107	1
27	12587	-1
39	29059	1
46	15283	1
21	7971	-1
40	256	1
44	6546	-1
23	12571	-1
15	30801	-1
1	14073	-1
20	25348	-1
30	15351	1
44	7775	-1
48	25953	-1
27	3472	-1
43	3736	1
29	17111	-1
40	15859	1
36	538	1
33	6660	-1
25	30491	1
4	5295	-1
48	15168	1
20	10936	-1
41	24429	-1
12	3338	-1
46	12146	1
1	2980	-1
23	22497	1
22	29453	-1
32	11223	1
1	5552	1
27	27665	1
6	14277	1
31	5737	-1
8	29555	-1
4	10591	-1
43	957	1
48	1791	1
41	18578	-1
15	5558	-1
17	23534	-1
42	22194	1
17	28763	1
14	18535	-1
4	5009	1
44	6613	1
43	2536	-1
40	11808	1
26	5036	-1
38	27808	-1
8	13038	1
46	27308	1
4	21730	1
11	29202	-1
4	10292	-1
43	27215	1
42	30538	1
9	26309	1
38	5708	1
12	22598	-1
46	20541	1
4	467	1
23	29271	1
14	9648	-1
49	4080	1
30	14717	1
1	23340	-1
31	6025	1
43	643	1
2	35	-1
39	24425	1
40	24659	1
21	17722	-1
24	23177	-1
9	27762	1
28	6639	-1
5	14936	1
47	16907	1
14	9240	-1
43	9006	1
46	16187	1
25	8954	-1
5	10963	1
45	7310	-1
46	11235	1
35	21642	1
26	17698	1
37	21979	1
42	8254	1
20	8806	-1
21	28092	-1
36	3054	-1
41	22129	1
12	16688	-1
43	14279	1
8	29522	1
5	20879	1
13	15167	-1
43	9291	1
43	7634	1
11	12071	-1
13	15068	1
38	2545	-1
32	29163	-1
4	23041	-1
8	1708	1
48	26053	1
35	30819	-1
6	19091	1
3	29698	-1
31	11239	-1
42	5622	1
13	11244	-1
42	5411	1
36	24920	1
8	26846	1
0	13772	1
33	16830	-1
4	6283	-1
46	15812	-1
20	25464	-1
25	17902	1
0	16906	-1
6	14287	1
23	18567	-1
32	18279	-1
1	25415	1
12	9079	-1
38	28906	-1
5	28557	1
44	29052	1
10	27578	-1
41	24687	-1
13	13116	1
7	15482	1
26	11680	-1
16	21514	1
24	16623	-1
21	20243	1
23	8106	1
47	25215	1
42	13036	1
15	3137	1
35	24794	1
34	11797	-1
40	9683	1
0	23606	-1
46	30553	1
9	6177	1
1	13109	1
40	19131	-1
28	23840	1
21	24036	1
25	30889	-1
9	12825	1
43	27960	1
3	9319	-1
0	19460	-1
2	2037	1
43	21928	1
5	18232	1
47	2427	-1
40	9612	1
40	15921	1
24	25420	-1
25	6507	-1
17	28111	-1
16	22793	1
43	14729	1
8	21050	1
43	17051	1
37	30253	-1
26	28991	-1
42	20949	1
46	11939	1
21	27475	-1
42	24756	1
29	16890	-1
44	22770	-1
29	15051	-1
10	2695	1
30	25663	1
21	30504	-1
13	14557	1
27	25964	1
26	19311	-1
18	13669	-1
40	24638	-1
42	15841	-1
11	676	-1
1	20927	1
13	26774	1
35	15922	1
4	20894	1
1	19918	1
37	24170	1
23	18782	-1
31	5867	-1
39	21998	-1
2	14624	-1
49	18317	1
42	30788	-1
13	28703	-1
43	24943	1
38	30015	-1
28	2013	1
0	25844	-1
44	26318	1
19	10192	-1
4	4707	1
28	9178	1
29	28468	-1
15	10846	-1
20	12957	-1
46	27763	1
36	7942	1
4	24578	1
42	8830	-1
42	6170	1
36	27364	-1
28	17521	1
37	7220	-1
8	20953	1
45	28099	1
1	18083	-1
16	16518	-1
42	24069	1
41	13699	-1
40	16694	1
48	3712	1
35	8536	-1
16	12085	-1
46	4661	1
8	7848	1
43	22232	1
42	18571	1
49	20249	1
5	4268	-1
48	30818	1
40	6038	1
46	2689	1
9	16373	-1
45	5694	1
43	19735	1
35	7108	1
5	15386	-1
16	5704	1
46	28706	-1
44	21693	1
45	21318	-1
5	4121	-1
8	11176	1
27	9727	-1
13	20617	1
48	15170	-1
4	2367	1
42	11085	1
5	21034	-1
11	12419	-1
8	8233	1
2	22257	-1
34	4324	1
7	13582	-1
36	4413	1
5	1577	-1
43	12621	1
36	2482	1
11	29584	-1
30	6995	1
13	1530	-1
27	1981	-1
38	6594	-1
18	29344	-1
40	12837	1
35	9076	-1
21	18261	1
40	12641	-1
21	5976	-1
24	17732	-1
26	12048	-1
25	21242	-1
48	22840	1
24	20174	-1
43	14017	-1
12	25322	-1
19	207	-1
1	21786	-1
19	31018	-1
12	28651	-1
31	1795	-1
43	26081	-1
37	10385	1
2	27080	-1
15	19258	1
43	14125	1
2	5085	-1
3	13780	-1
19	13029	-1
14	16931	-1
9	14069	-1
27	8590	1
8	12468	-1
43	29575	1
39	964	-1
17	28430	-1
7	22745	-1
46	11000	1
10	6295	-1
21	13653	1
8	25126	1
22	892	-1
5	19703	1
40	21562	1
41	7038	1
32	30344	-1
31	18405	-1
6	3629	1
13	16053	-1
4	11040	1
35	13444	-1
25	17617	1
46	14858	1
10	12358	1
46	20936	-1
3	22268	-1
45	151	1
15	8187	-1
48	3470	1
6	10317	1
35	13734	-1
7	26497	1
10	17930	1
1	6397	1
5	14734	-1
15	20515	1
8	4876	1
34	9874	-1
46	25865	1
43	6737	1
43	6402	1
4	2583	1
41	21651	-1
7	16943	1
11	6228	-1
19	3289	-1
42	22617	1
13	2897	1
4	24040	1
48	15265	1
48	28093	1
44	17678	-1
41	10162	-1
13	25039	1
7	12284	-1
48	11966	1
4	28810	1
13	29262	1
13	4494	-1
30	18049	1
38	9047	-1
41	28699	-1
48	10257	1
17	15584	-1
34	29224	-1
7	7015	-1
22	17851	-1
0	27250	-1
43	25973	1
14	18523	1
25	14851	-1
8	13581	1
47	10715	-1
17	17155	-1
15	26093	-1
8	18747	-1
46	7178	1
43	2428	-1
21	21122	1
48	361	-1
18	2717	1
3	17569	1
10	7016	-1
43	535	1
29	11400	1
3	9463	-1
5	724	1
8	20620	-1
8	6032	1
44	6327	-1
48	10478	1
16	26132	1
12	17253	-1
4	2032	-1
21	13447	-1
42	13062	1
6	15047	1
4	9783	1
35	17021	-1
4	13701	1
39	27230	-1
33	396	-1
40	2105	-1
46	19750	1
22	652	-1
41	3668	1
42	10696	1
39	24402	-1
6	355	1
46	10180	1
46	4869	1
26	25577	-1
40	28283	1
16	13307	1
10	14469	1
0	23574	-1
2	17029	-1
8	29284	-1
46	29798	-1
28	6277	-1
13	13552	1
20	30652	-1
48	6994	-1
20	24352	1
43	10063	1
40	15251	-1
0	16338	1
18	1428	1
34	26238	1
27	4204	-1
49	30418	-1
23	3648	1
43	1312	1
14	7994	-1
48	2700	1
38	456	1
46	185	1
2	7506	-1
24	11747	-1
5	5462	-1
48	1176	1
14	7186	-1
16	11333	-1
13	24540	1
15	9345	1
46	20511	1
32	27544	-1
8	25106	1
3	21985	-1
21	16923	1
38	26757	-1
30	24569	-1
43	24928	1
41	16447	1
35	431	1
13	13510	-1
48	29426	1
9	1204	1
7	3739	1
24	15718	-1
43	26243	1
43	2894	1
20	20133	-1
33	19364	1
26	8189	1
9	2557	-1
1	25201	1
40	10261	1
46	22828	1
34	24815	-1
8	28372	1
7	3936	-1
18	1494	1
47	9850	-1
22	29260	-1
43	2696	1
20	10159	-1
43	21724	1
33	12910	-1
16	7073	1
11	6522	-1
8	25050	1
34	10671	-1
48	13623	1
18	13815	1
33	21712	-1
8	1138	1
45	19775	-1
10	11929	1
41	7224	1
38	30865	1
38	17207	-1
9	13636	-1
1	14452	1
25	13735	1
28	16750	1
13	27524	-1
36	6947	1
14	23280	1
5	14656	1
8	26315	1
6	307	1
28	25036	1
30	10394	-1
42	11634	-1
0	9228	1
38	24746	-1
40	965	1
35	13296	1
48	28678	-1
40	13950	-1
44	25597	-1
39	28311	-1
0	7341	-1
10	20986	-1
42	1211	-1
17	25405	1
40	3821	-1
5	11333	1
29	6160	-1
33	7213	-1
33	27981	-1
9	524	1
12	20323	-1
3	21524	-1
9	961	-1
27	1808	-1
22	29022	-1
44	18046	1
13	5140	1
8	23652	1
13	100	1
26	4289	-1
3	23828	-1
16	23956	-1
43	21315	1
43	12977	1
1	29989	-1
28	16574	-1
46	9576	1
42	20834	1
22	26250	-1
48	20704	-1
43	8123	1
4	12651	1
13	2513	-1
20	1069	-1
43	7570	1
37	19870	-1
40	8039	-1
25	6346	1
40	14157	-1
31	16099	-1
41	21493	-1
22	21722	-1
23	31076	-1
12	25979	1
13	11913	1
5	5231	1
4	30463	1
7	4440	-1
32	3710	-1
20	30462	-1
30	10982	1
6	12865	-1
4	8245	-1
45	12626	-1
16	29379	1
42	21269	1
14	13423	-1
4	25421	1
20	20941	-1
44	25009	-1
29	14680	-1
38	9772	-1
18	9927	1
43	3042	1
13	10285	1
14	15799	1
45	11766	-1
43	5191	1
13	19402	1
5	7919	1
4	15361	1
26	6897	-1
9	6303	1
30	15399	1
47	29581	-1
43	24856	1
44	26370	-1
47	19015	-1
16	4965	1
40	29095	1
32	27465	1
13	19601	1
35	5912	-1
18	26416	-1
38	9989	-1
24	20727	-1
13	17874	-1
10	19938	1
4	15416	1
43	17812	1
16	5585	-1
7	5553	-1
9	24675	1
36	5334	1
38	6725	1
37	22504	1
13	20195	1
49	26563	-1
40	11938	1
42	3525	1
6	14817	-1
21	30300	1
25	4454	-1
9	28779	1
48	17652	1
35	5196	-1
4	6827	1
45	17847	1
30	16591	-1
46	2945	1
28	17861	-1
28	1309	1
37	4851	1
23	15731	1
8	22024	1
6	29082	-1
40	23641	-1
14	21907	1
21	20105	1
13	9288	1
17	17572	-1
40	15754	1
21	7441	1
45	21725	1
1	24305	1
14	11011	-1
39	3544	-1
47	9444	-1
12	3089	-1
10	10240	1
20	17732	-1
6	25200	1
5	13302	-1
28	17756	1
37	16981	-1
0	23354	1
17	15170	1
25	18255	-1
42	25648	1
8	19722	1
24	29351	-1
19	4590	-1
7	30372	-1
9	13421	1
48	3591	1
2	18864	-1
5	3376	1
46	27214	1
41	24247	-1
49	27296	-1
31	23901	-1
4	5316	-1
18	17259	1
36	12094	1
29	13276	-1
4	21172	-1
36	8026	1
18	22653	1
15	12128	-1
49	9153	-1
11	962	-1
14	27203	-1
6	17957	1
6	5122	-1
9	10	-1
40	11871	1
6	7856	-1
43	10900	-1
17	25542	1
21	30418	1
5	2597	-1
16	14413	1
43	20890	1
40	7028	1
49	13227	1
20	28305	-1
43	30588	1
23	10730	1
38	6007	1
18	26827	1
13	7516	1
47	12562	1
23	11978	-1
13	26886	1
27	29903	-1
48	7044	-1
32	7283	1
4	30484	1
42	6773	1
17	23834	-1
17	2361	1
27	30041	-1
46	3784	1
11	12608	-1
7	11075	1
26	1644	1
19	22870	-1
10	8116	-1
3	26957	-1
4	18308	-1
48	6076	-1
40	10285	1
1	29176	-1
16	18134	-1
46	4504	1
48	6690	1
6	29232	1
25	1768	-1
0	29112	-1
49	945	-1
34	30646	-1
48	1825	1
41	7684	1
18	13323	1
0	12236	-1
2	21233	-1
31	30195	-1
1	2007	-1
16	22039	-1
26	30289	-1
9	4661	-1
3	18302	-1
46	28560	1
43	22564	1
46	21632	1
31	13351	-1
6	18413	-1
27	21870	-1
46	24471	1
23	3229	-1
2	3984	-1
48	23903	1
40	3099	1
26	20872	-1
7	28390	1
40	30236	1
48	27517	1
1	19874	-1
25	27818	-1
46	16900	1
24	24039	-1
39	29933	1
39	14305	1
48	16089	1
16	29552	-1
32	23905	1
2	2711	-1
9	12924	1
49	11033	-1
42	23719	1
5	10867	-1
6	7853	1
26	20609	-1
8	7720	1
13	20808	-1
16	5387	-1
21	2981	1
43	13860	1
7	24851	1
18	13854	-1
18	6802	1
16	20874	1
45	9074	-1
6	30908	-1
38	8908	-1
39	6607	1
16	19434	1
23	23424	1
6	19241	-1
9	16954	-1
40	17982	1
10	10969	-1
46	152	-1
41	13264	-1
14	29661	-1
8	24660	1
36	26894	1
19	28021	-1
15	13773	-1
21	18475	-1
46	29880	1
25	29264	-1
1	29675	1
44	28651	1
27	17217	-1
24	6285	-1
28	18281	-1
33	15005	-1
46	15695	1
46	12986	1
21	24166	1
40	26976	1
47	23216	-1
46	23849	1
18	10969	1
44	17381	1
43	22495	1
19	1210	-1
33	27808	-1
48	25782	-1
36	15775	1
47	20575	-1
2	15358	-1
12	17575	-1
13	20799	1
26	18442	1
36	7823	1
15	23594	-1
25	14759	-1
43	13597	1
4	1514	1
9	18904	-1
5	1425	1
16	8905	1
41	29211	-1
36	19572	-1
17	28501	-1
14	20435	1
1	12039	-1
1	19036	-1
27	4630	-1
4	17686	1
17	15007	1
43	25166	1
43	15210	1
13	9565	1
24	27112	-1
3	30023	-1
21	3918	-1
42	22315	1
40	25513	1
8	15740	1
17	14285	1
28	27073	-1
20	20259	-1
46	26851	-1
13	28866	1
6	15935	1
15	27857	1
46	6169	1
47	19099	-1
46	30851	1
42	8662	-1
10	17744	-1
43	23297	-1
38	6294	-1
4	765	-1
17	7200	1
4	18972	1
0	22982	-1
29	757	-1
6	23	1
39	21894	1
21	18805	1
44	19452	1
8	30819	1
44	2389	-1
35	615	-1
2	8645	1
45	11121	-1
34	14088	-1
3	14869	-1
23	7882	1
33	2500	-1
40	7466	1
25	16204	-1
40	30074	1
48	24915	1
4	13990	-1
32	3345	-1
0	16494	-1
40	29210	1
6	24721	-1
26	28554	-1
0	24597	-1
40	9876	1
6	28826	1
39	22100	-1
6	29404	1
8	12461	1
10	26435	1
41	2331	-1
13	13688	1
8	8984	1
23	24549	1
12	26564	-1
43	17652	1
39	26695	1
36	27885	1
8	30498	-1
28	10332	-1
26	5034	1
36	10711	1
43	3309	1
19	7432	-1
42	6710	1
49	14344	-1
4	25038	1
9	4096	1
46	22238	-1
8	26793	1
12	14129	1
4	1934	1
0	25545	1
21	21244	-1
2	29100	-1
43	18854	1
17	2482	1
48	26382	-1
4	15339	1
43	9572	1
0	12224	-1
23	29217	1
48	16233	1
5	227	-1
43	4578	1
36	19713	1
43	22530	1
22	25563	-1
42	11433	1
28	3976	-1
36	22254	-1
38	28357	-1
8	7601	1
48	15595	-1
17	1071	-1
43	18085	1
33	9448	-1
3	25266	1
18	18066	1
0	27288	1
37	10690	1
16	20394	1
27	6795	-1
42	1149	1
11	14280	-1
6	10402	1
25	18664	1
20	3771	1
12	25074	-1
46	1394	1
41	10251	1
13	204	1
21	28906	-1
6	29611	1
43	29064	1
35	14722	1
0	9089	1
11	16213	-1
17	22708	-1
46	26659	-1
3	11412	-1
5	29826	-1
27	7562	-1
1	2336	1
30	10472	-1
21	16371	-1
8	28519	1
49	27496	-1
24	19966	-1
10	22535	-1
29	23116	-1
17	19333	1
13	25241	1
10	24466	-1
6	12730	1
7	14185	1
34	1016	-1
28	9398	-1
43	19978	1
7	29622	1
43	9490	1
8	20543	1
7	16686	1
46	387	1
15	24118	-1
9	7464	-1
33	26752	-1
44	607	-1
39	14695	1
47	24920	-1
39	4600	1
9	4966	-1
5	21307	1
36	8150	1
17	24662	-1
42	6506	1
14	12063	-1
43	15192	1
32	17806	-1
33	25245	-1
6	25077	1
0	10870	1
40	28564	-1
43	24507	1
6	18802	1
28	25027	1
2	21013	-1
23	23334	-1
42	18744	-1
19	18071	-1
7	17089	1
7	2800	-1
42	7514	1
43	14072	1
22	16979	-1
40	23561	1
46	12441	-1
5	27027	1
40	10987	1
29	21273	-1
13	26037	1
43	7357	1
0	13106	-1
10	26357	1
24	5162	-1
38	26964	-1
44	14584	1
45	17481	1
48	849	1
33	23799	-1
6	23886	-1
8	19374	-1
9	5255	1
32	363	1
20	5622	-1
49	6515	-1
7	16659	1
5	10883	1
27	1757	1
41	27745	-1
49	6995	-1
46	20729	-1
46	1494	1
34	14010	-1
43	568	1
40	14252	-1
46	8273	1
19	26371	1
46	19822	1
46	27448	-1
1	18211	-1
45	26603	-1
9	21875	-1
2	23743	1
28	22425	-1
21	16572	-1
13	21091	1
13	29654	-1
2	1806	-1
48	15700	-1
10	30763	-1
37	5295	1
43	16023	1
0	25530	-1
48	18558	1
42	20471	1
5	16092	-1
45	5232	1
27	1346	-1
48	8003	1
46	28568	1
13	15368	1
43	8944	1
43	18429	1
4	24084	1
40	8518	1
23	4898	-1
34	21247	-1
22	4663	1
30	6988	1
0	8348	1
39	18892	-1
21	26399	-1
4	12501	-1
33	23366	-1
37	9652	-1
5	5156	-1
28	4563	-1
13	26021	1
19	27724	-1
7	26929	-1
36	12200	1
21	26301	-1
48	26772	1
5	5634	1
24	29926	1
30	8195	-1
32	1955	-1
42	8231	1
36	9315	1
35	30075	-1
0	220	-1
37	25777	1
46	2931	-1
18	29008	1
36	436	1
16	7504	-1
1	29147	-1
18	4348	1
33	2031	-1
10	21311	1
28	16850	1
4	30460	1
3	15486	-1
33	17980	-1
20	18582	-1
4	29608	-1
13	8027	1
27	10768	-1
20	5555	-1
48	3299	1
28	6339	1
21	1791	1
4	9891	1
34	14194	-1
31	23317	-1
39	30954	-1
5	13388	-1
30	8414	-1
31	19339	-1
35	15386	1
42	128	1
13	35	1
4	4241	1
39	24276	-1
48	7436	-1
48	13861	1
9	8371	-1
39	25943	1
48	4710	1
16	23319	-1
18	9621	1
1	30108	-1
6	25054	1
41	22391	-1
10	26622	1
14	19677	-1
9	16415	1
27	30238	-1
49	24207	1
4	3148	-1
23	19857	1
18	26087	1
24	7376	-1
17	10239	-1
1	12809	-1
5	178	-1
16	4536	-1
40	2695	1
43	2455	1
8	5119	1
46	24276	1
13	19327	-1
41	26044	-1
36	174	1
49	16310	-1
48	6379	1
25	11048	-1
7	25069	1
32	14787	-1
29	18179	1
45	895	1
48	5147	1
13	16033	1
42	24885	1
36	2774	1
19	8141	-1
35	17845	-1
44	10449	-1
40	6473	-1
21	23071	1
35	1476	-1
32	4208	-1
48	2837	1
39	8694	1
4	6974	1
25	9229	1
48	7506	1
9	15122	1
0	6712	1
15	5303	-1
10	4595	-1
14	7766	1
46	11321	1
35	23535	-1
10	15658	1
37	22419	-1
4	21813	1
43	2979	1
14	27915	-1
46	503	1
7	4477	1
48	11553	-1
36	8097	-1
0	4886	-1
41	4835	-1
46	14951	-1
13	14799	1
28	2975	1
7	7029	-1
28	8536	-1
16	29864	1
14	10459	-1
30	28821	1
29	19914	-1
6	9937	1
42	16534	1
46	7517	1
13	21216	1
43	12183	1
43	6411	-1
44	2390	-1
11	24630	-1
43	121	1
26	10810	-1
43	1593	1
8	18007	1
40	21725	-1
42	8294	1
28	16543	1
26	14435	-1
17	21823	1
11	18646	-1
37	15157	1
48	1915	1
27	15886	-1
38	20061	1
6	3764	1
10	735	1
21	20903	1
43	14509	-1
31	20451	-1
17	23100	1
23	9565	-1
4	7169	1
24	23030	-1
30	1536	-1
36	25054	1
4	2185	1
37	5502	-1
15	11454	-1
27	28811	1
8	26162	1
43	24882	-1
24	15720	-1
29	1451	-1
16	9431	1
30	7471	1
19	27327	-1
4	30616	1
4	4024	-1
30	776	1
8	1908	1
45	16233	-1
9	19379	1
42	23407	-1
40	19228	1
49	15803	1
4	21246	1
48	23486	-1
41	17576	-1
27	3282	1
18	23683	-1
43	7274	1
19	1530	-1
40	9393	1
43	21278	1
7	7850	-1
1	15330	1
16	17548	1
6	18939	-1
32	12336	1
7	281	-1
48	21494	1
42	1570	1
22	2652	-1
21	3731	-1
11	1341	-1
18	27734	-1
10	27404	1
46	30990	1
7	29572	1
24	21380	-1
6	14067	1
42	23734	1
43	11683	1
17	14500	1
29	5785	-1
17	28707	1
4	27443	1
11	21060	-1
35	29976	1
29	25368	-1
24	8963	-1
35	25191	-1
49	24260	-1
8	23083	1
13	9292	1
46	1121	1
6	7370	-1
27	23405	-1
25	326	1
49	4608	-1
9	363	1
30	29552	1
40	17066	1
43	21352	-1
19	20326	-1
1	21014	1
18	10796	1
39	21679	1
1	8589	1
39	2223	-1
15	16738	-1
4	13784	1
6	18186	-1
46	24758	1
5	9050	1
40	14353	1
23	27301	-1
7	5901	-1
9	4311	-1
27	5978	-1
18	4367	1
23	14911	-1
17	6151	1
35	9504	1
35	22343	1
20	30013	1
23	6318	1
6	7879	-1
18	16934	-1
32	20580	-1
14	16580	-1
22	27431	-1
7	11290	-1
16	2890	1
7	2715	1
25	1916	-1
6	12652	1
49	5606	1
12	15310	-1
23	9964	-1
42	9512	1
24	21677	-1
48	26097	-1
24	4946	-1
48	23251	-1
9	29815	-1
16	25290	1
3	15223	-1
17	10316	1
18	27543	1
29	5634	-1
13	11936	-1
4	23990	1
10	21864	-1
4	28671	1
14	6276	-1
10	15418	-1
24	21036	-1
12	8417	-1
48	3335	-1
16	5881	1
36	28179	-1
21	11714	-1
1	7860	1
39	23204	1
13	29413	-1
8	17361	-1
26	5745	-1
18	21039	1
46	14156	1
40	2307	-1
11	30702	-1
7	27857	1
27	22235	-1
38	8322	-1
48	434	1
48	6744	1
37	20156	-1
35	6284	-1
39	25380	1
18	12462	1
21	9720	1
4	514	1
15	13699	-1
29	3716	-1
8	2435	1
20	17568	-1
43	10170	1
4	18512	-1
8	1847	1
13	8226	-1
48	2809	1
20	24996	-1
30	20141	-1
13	22962	-1
36	14866	-1
45	571	-1
43	14356	1
31	17193	1
9	4468	1
44	1412	-1
8	18240	1
43	2081	1
4	6892	1
29	15606	1
44	8963	-1
2	27839	-1
17	11363	1
46	8547	1
3	24991	-1
46	28548	1
21	24209	1
13	3139	1
6	11526	1
37	12799	1
42	14699	1
3	6928	-1
24	2065	-1
21	9862	1
10	7798	-1
10	475	1
39	27675	1
48	7566	-1
7	26228	1
49	29647	1
12	23377	-1
43	1507	1
2	10526	-1
6	8857	1
13	28452	1
17	18703	1
2	1272	-1
19	13372	-1
10	15707	1
45	6066	1
20	26835	-1
43	25011	1
5	10437	-1
2	10483	-1
47	14266	1
11	7484	-1
2	5810	-1
14	14884	-1
11	13741	-1
34	11548	-1
13	6447	-1
42	29552	1
8	10221	1
4	2352	1
40	30246	1
22	24940	-1
8	29948	1
46	12521	-1
11	7380	-1
17	29849	-1
16	22170	1
44	820	1
21	29844	1
6	13366	-1
23	10349	-1
7	28513	1
24	29318	-1
28	6675	1
13	29756	1
14	30891	-1
27	15064	-1
4	14718	-1
46	3091	1
2	15281	-1
48	6520	1
34	3256	-1
4	12683	1
17	25268	1
35	11034	1
16	19746	1
18	20824	1
43	16034	-1
43	20885	1
36	18909	1
6	17021	1
30	24374	-1
35	19560	-1
45	28499	1
34	4146	-1
1	5888	-1
33	4995	-1
1	10642	-1
44	23112	1
38	8511	-1
32	1106	1
32	11260	-1
19	4560	-1
30	18739	-1
48	6911	1
9	15195	-1
26	20563	-1
47	29911	-1
43	30489	1
9	29465	1
8	10210	1
21	5875	1
0	18062	-1
48	5409	1
35	7812	1
27	26326	-1
46	24407	1
39	10327	-1
36	25824	-1
17	11952	-1
40	30917	-1
39	11344	-1
2	3556	-1
17	15449	-1
47	13599	-1
37	15225	-1
45	24885	-1
1	7361	-1
43	6912	1
45	30475	1
16	5163	1
9	7253	1
40	2108	-1
9	26159	-1
18	26942	-1
46	13292	1
46	4400	1
18	22833	1
19	21939	-1
28	1976	1
42	22575	1
48	25124	1
8	16298	1
6	13953	1
8	8024	1
46	22408	1
18	1204	-1
31	27206	-1
0	9288	-1
2	5788	1
43	4150	1
36	25921	-1
22	50	-1
45	15304	1
13	26412	-1
42	23421	-1
13	17953	-1
22	553	-1
35	29421	-1
16	30194	1
45	19114	1
48	18280	-1
43	28206	1
28	8721	1
28	6375	-1
8	25651	-1
27	16148	-1
35	1941	-1
21	19289	1
17	11593	1
43	6389	1
26	3773	-1
6	1269	1
40	993	1
8	517	1
23	7273	1
46	26155	-1
35	24895	1
15	31019	1
1	19045	1
40	19377	-1
41	4063	1
36	26356	1
13	23733	1
3	8140	1
35	8774	-1
43	13353	-1
48	30301	1
0	22322	1
30	20256	-1
47	17062	-1
16	15770	-1
2	2912	-1
25	13224	-1
39	2472	1
8	6421	1
31	28770	-1
2	6284	-1
44	12180	-1
15	11602	-1
27	26092	-1
45	14066	-1
40	26597	1
37	683	1
34	19741	-1
20	28433	1
48	20203	-1
8	12400	1
32	3176	-1
8	8328	1
26	21224	-1
30	3516	-1
10	17609	1
48	11380	1
45	18404	1
30	16926	-1
47	391	-1
9	27375	1
48	1010	1
37	6872	-1
40	27020	1
43	26383	1
9	30011	1
42	8642	1
40	28117	1
23	15151	-1
4	498	1
18	10938	-1
11	906	-1
35	7687	1
6	22795	1
45	18658	-1
19	29136	-1
4	16446	-1
38	25147	-1
20	809	-1
36	30244	1
42	5335	1
48	20853	1
46	25648	1
7	23130	-1
35	800	1
47	13204	1
15	19067	-1
39	15105	-1
6	183	1
42	7605	1
5	1551	1
30	30801	1
25	19904	-1
15	21753	-1
32	26639	-1
48	17471	1
2	4496	-1
4	26784	-1
16	21242	-1
43	15374	1
42	10562	1
45	30202	-1
46	15675	1
5	11777	1
11	2329	-1
48	15016	-1
35	27495	-1
34	17036	-1
17	15470	-1
48	3899	1
48	29615	-1
20	24585	1
4	22787	1
8	8345	1
47	18970	-1
23	18031	-1
13	11853	1
43	6326	1
43	5045	1
30	12852	-1
43	23548	1
14	19766	1
0	3515	1
44	16241	1
5	23391	-1
17	26072	1
48	11648	1
0	25173	-1
38	24120	-1
45	13935	-1
34	24385	1
43	10239	1
13	22036	1
30	9264	-1
18	26638	1
42	28768	-1
20	2724	1
4	505	1
7	29921	1
43	24691	1
39	8833	-1
39	28802	-1
48	27548	1
26	15669	-1
47	27874	-1
0	28032	-1
44	4101	1
24	22658	-1
7	28545	-1
10	9833	1
46	937	1
21	11695	-1
2	11356	-1
30	18833	-1
26	16500	-1
7	8681	1
13	20675	1
40	4579	1
21	6988	-1
11	19901	-1
20	2402	-1
16	28644	1
39	27631	-1
43	4705	1
48	30614	1
1	10112	-1
2	5001	-1
12	7726	-1
43	23220	1
2	26553	-1
43	11995	1
43	7760	-1
23	14533	-1
49	17905	1
29	8963	1
4	30989	1
32	3935	-1
18	5791	-1
23	18427	-1
13	25982	1
43	28205	-1
36	10315	1
8	30089	1
45	20838	-1
7	31005	-1
45	4014	-1
4	26829	1
18	15573	1
4	19789	-1
38	26656	-1
46	13464	1
47	2580	1
36	6058	1
8	23438	1
4	19367	-1
42	1603	-1
1	25516	-1
46	20736	1
4	11371	1
17	6936	1
42	1534	1
28	27143	1
27	15556	1
6	25207	1
4	25091	-1
46	27782	1
32	28374	-1
11	17644	-1
29	11943	-1
49	11761	1
26	10769	-1
27	24939	-1
42	24639	1
2	8319	-1
35	24117	-1
39	16994	-1
5	4474	-1
32	23886	1
23	24063	1
41	7747	1
28	10311	-1
44	10258	-1
25	16031	-1
48	3406	1
40	519	1
19	25387	1
48	19285	1
34	11919	-1
10	20446	-1
13	7855	1
37	28509	-1
0	24170	1
0	6201	-1
43	24041	1
12	28836	-1
37	7521	-1
26	23703	1
46	11822	1
13	20766	1
32	5091	-1
28	20943	-1
42	3098	-1
48	10252	1
39	6665	1
45	1089	1
43	13254	1
41	3826	-1
6	30230	1
23	29732	1
4	29089	1
40	24405	1
19	8861	-1
16	4893	-1
46	2380	1
48	12563	1
44	12072	-1
23	30786	1
29	29718	-1
45	29232	1
27	15257	-1
25	2191	-1
12	30230	1
23	17531	1
43	19707	1
48	22518	1
29	13027	1
17	9315	1
29	25410	-1
13	4423	1
28	17273	1
21	14441	1
8	11457	1
43	26870	-1
31	5001	1
25	23775	-1
40	12431	-1
48	12756	1
7	4955	-1
28	6338	1
40	12234	-1
49	1317	1
41	30498	-1
34	27443	-1
18	2477	-1
40	20405	-1
29	16681	1
41	23518	-1
0	9892	-1
23	2303	-1
15	6399	-1
48	26095	-1
41	5413	-1
6	23303	1
37	2500	-1
35	11938	1
6	17301	-1
20	26114	-1
27	26732	1
23	4664	-1
47	8878	1
27	6251	-1
24	24826	-1
39	17035	1
35	29910	-1
6	6030	-1
23	20970	1
42	20261	1
8	6368	-1
8	6279	1
41	16797	-1
31	7943	-1
7	722	1
8	23221	1
28	28393	1
21	10014	-1
8	24752	1
2	19286	1
10	30602	1
26	6152	1
30	4001	-1
40	6321	1
20	30493	-1
12	4022	-1
11	16184	-1
9	27513	1
6	7950	1
29	11324	1
16	21677	1
35	23081	-1
46	4205	1
12	1601	-1
46	8928	1
14	25830	-1
1	1564	-1
17	6775	1
10	16494	-1
16	30767	1
45	18360	1
9	24619	1
8	4949	1
5	17539	1
28	21947	-1
4	27206	1
14	19854	1
46	29101	1
35	7800	1
29	29112	1
23	20009	1
1	5710	1
19	13679	1
43	2076	1
21	29632	1
15	27433	1
46	17906	1
16	17913	1
29	3052	-1
1	28243	1
10	22781	1
32	5554	-1
46	20187	-1
13	12164	-1
43	13763	1
46	23058	1
22	19781	-1
31	5384	-1
40	12014	1
40	17430	1
18	984	-1
46	16137	1
43	27999	1
43	9376	-1
43	30397	1
28	9707	-1
48	8963	-1
3	8899	-1
34	23705	-1
17	6631	1
11	4571	-1
36	22324	-1
48	12610	-1
43	12093	1
40	8607	-1
21	22084	-1
8	26454	1
4	18460	1
43	20830	1
7	13592	-1
48	10811	1
43	3480	1
26	8786	1
24	10096	-1
7	4264	-1
3	9082	-1
46	31069	1
48	27668	1
18	25103	-1
40	9649	-1
6	27832	1
47	26612	-1
46	28912	1
36	11187	1
27	19946	-1
10	5874	1
10	7147	1
33	6732	-1
6	26490	-1
48	11370	1
25	6436	-1
0	23082	1
24	15065	-1
13	8840	1
48	28580	1
4	26297	-1
42	6245	1
16	22180	-1
6	1495	1
35	14684	-1
19	21241	-1
28	8852	-1
10	23772	-1
35	4735	1
33	13319	-1
41	8668	1
4	2886	1
5	1283	1
43	14513	1
36	10110	-1
13	9241	1
24	10334	-1
43	9426	1
20	9788	-1
7	21216	-1
25	10683	-1
17	8400	-1
13	11176	-1
42	14032	1
46	26736	-1
43	30286	1
8	9989	1
3	25170	1
37	1696	-1
32	20398	1
34	9770	-1
5	16603	1
10	26902	-1
39	15111	-1
42	7123	1
8	11584	-1
40	27559	1
16	14815	1
17	18499	-1
10	8252	-1
2	22101	-1
44	9643	-1
37	15859	-1
42	1210	1
2	10976	-1
38	17926	-1
23	12789	-1
44	14200	1
13	5955	-1
5	27840	-1
16	11295	1
46	9382	1
20	11329	-1
47	24039	-1
16	15676	1
18	30648	-1
8	3555	1
8	28157	1
43	20806	1
45	24910	-1
43	3769	-1
13	15660	1
7	7713	1
23	19886	1
18	24421	1
23	7581	1
31	21674	-1
16	23715	1
48	9554	1
49	23375	-1
48	3510	1
23	17050	-1
38	25451	-1
42	6002	1
33	29849	-1
45	18575	1
10	10857	1
7	9549	1
25	30987	-1
43	8871	1
27	3183	-1
7	28710	1
45	24576	-1
43	16567	1
15	28119	-1
41	17331	-1
23	15885	1
48	28606	1
48	1860	1
48	10361	1
14	16975	-1
47	5830	-1
40	19002	1
15	10355	-1
48	22935	1
8	13505	-1
8	398	1
10	14801	-1
40	1151	1
42	6849	-1
38	12	-1
42	22447	1
25	3474	-1
12	4582	1
12	29456	1
36	20587	-1
7	12518	-1
43	26405	1
41	17294	-1
5	16789	1
24	11889	-1
15	24116	-1
48	30448	1
46	21311	1
48	6909	-1
12	12637	-1
38	16060	-1
8	12193	1
7	7238	-1
8	24986	1
43	4269	1
12	25251	1
21	9024	1
6	226	1
48	17523	1
21	6589	-1
7	28627	-1
5	17682	1
43	3704	1
34	23143	-1
6	28670	1
4	4940	-1
14	24552	-1
5	7800	1
47	23820	-1
48	10821	1
37	6675	-1
42	21177	1
17	2741	-1
17	6424	-1
26	18714	-1
46	24084	1
31	8284	-1
28	29981	1
46	13265	-1
28	12925	1
11	21271	-1
36	30840	1
39	30622	1
6	15244	-1
48	15605	1
37	14868	-1
32	20556	-1
15	9581	-1
46	26510	1
47	28226	1
43	19773	1
13	26542	1
30	29831	1
46	30262	1
35	29966	-1
29	5832	-1
40	7014	-1
14	29967	-1
20	11353	-1
5	27872	1
26	12150	1
28	16069	-1
6	30317	1
46	21126	1
39	24186	1
4	2268	-1
28	15195	-1
31	7754	1
36	3641	-1
7	13378	1
49	30779	1
48	28983	-1
1	19170	-1
18	23196	-1
25	16057	-1
13	17742	-1
23	23614	1
31	17488	-1
25	17294	-1
10	22288	1
46	19994	-1
8	21916	1
26	18184	-1
43	20932	1
0	25676	-1
43	24658	1
47	6512	-1
20	11776	-1
43	13675	1
9	17170	1
43	7229	1
1	19628	-1
28	19404	1
18	6173	-1
21	26774	-1
21	27822	1
13	859	-1
46	13	-1
11	12779	-1
33	8213	-1
37	19497	-1
43	3565	1
7	26294	1
8	30194	1
46	25580	1
25	1948	-1
39	21162	-1
36	25332	1
3	15913	-1
35	10978	1
42	27282	-1
4	13836	1
40	15623	1
37	22412	-1
46	5283	1
20	14161	-1
36	14743	-1
41	27040	-1
24	9368	-1
34	7645	-1
33	17715	-1
43	26797	1
38	21266	-1
33	25825	-1
5	14955	-1
6	11657	1
36	1739	1
36	15646	1
0	738	1
47	23533	-1
21	15436	1
33	13539	-1
7	20631	1
8	3362	-1
5	14237	1
43	21965	1
13	26395	1
4	3527	1
1	22059	1
21	9695	1
18	25990	1
36	16105	-1
28	15786	-1
13	21708	1
32	6238	-1
21	27603	1
28	7279	-1
16	5630	-1
36	23922	-1
8	10170	1
46	3215	1
14	17847	-1
40	29262	1
45	18313	1
48	7919	1
21	6910	1
39	15816	1
43	29200	1
43	30304	1
45	2848	-1
46	1765	-1
24	16456	-1
13	8198	1
17	13216	1
32	32	-1
30	19341	1
32	16171	-1
43	6739	1
49	7829	-1
13	119	-1
35	23892	-1
17	13389	-1
41	6556	-1
18	6387	-1
0	24276	1
25	23804	-1
8	9	1
39	17728	-1
7	17459	-1
30	9803	-1
15	10433	-1
29	27268	-1
34	23236	1
6	21820	1
32	24367	1
3	18261	-1
12	8734	-1
35	24113	1
44	12812	1
25	7297	-1
48	16800	-1
40	16666	-1
43	1279	1
1	15533	-1
22	9486	-1
5	24482	1
43	8685	1
27	18583	-1
27	4023	-1
16	16812	1
46	12149	1
16	13850	-1
16	26658	1
49	3120	-1
28	21428	1
33	30660	-1
9	7639	-1
3	16622	-1
23	25988	1
48	9616	1
29	11468	1
17	28854	-1
44	13656	1
48	10606	-1
32	7183	-1
31	26397	1
43	13565	1
24	25560	-1
2	12545	-1
7	4650	-1
44	2665	1
8	1940	1
1	529	-1
48	13363	-1
1	17109	1
44	13587	-1
10	23745	1
30	9603	-1
13	17989	1
9	3834	-1
5	10360	1
5	15505	-1
43	4406	1
39	1306	1
33	13598	-1
37	11155	-1
35	4186	1
39	25813	-1
4	27455	-1
40	20029	1
19	18070	-1
43	11574	1
17	1386	1
6	12731	1
43	29255	1
26	16359	1
23	24707	-1
14	4926	1
36	11955	-1
19	22951	-1
12	17042	-1
20	28057	-1
31	28903	-1
35	23093	-1
33	28283	-1
1	18733	1
18	15433	-1
32	7586	-1
46	29607	-1
49	1024	-1
20	19547	-1
9	951	-1
38	28370	-1
5	26831	1
20	17498	-1
11	29946	-1
9	13994	-1
30	26426	1
8	7226	-1
40	2996	1
43	21425	1
21	1085	-1
9	25275	-1
47	21475	-1
30	10078	-1
33	2353	-1
47	4254	-1
10	4444	1
10	18095	1
46	16653	1
46	10512	1
29	827	-1
13	7290	1
8	19380	1
41	8199	-1
3	10224	-1
36	30790	-1
18	25367	-1
17	7179	-1
29	10749	1
19	12877	-1
23	22546	-1
17	6576	-1
30	6440	-1
34	8476	-1
25	16776	-1
32	2966	-1
16	17083	1
2	24873	1
23	29436	-1
9	17376	1
36	11534	1
37	19933	-1
36	29054	-1
17	10279	1
18	23877	-1
42	13375	1
4	1625	1
15	12920	1
13	4269	1
4	7733	1
26	13185	-1
21	12666	-1
29	2665	-1
13	4158	-1
10	17361	1
8	17484	1
18	17042	-1
18	23923	1
46	16261	1
8	19074	1
29	10854	1
47	28872	-1
23	23781	1
23	30268	1
32	14761	1
29	29527	-1
6	10924	1
37	25540	1
36	28311	-1
49	25797	-1
17	14948	-1
8	28482	-1
1	15432	1
21	10457	1
48	2026	1
35	2202	1
46	6705	1
7	20584	1
43	17466	1
31	15852	-1
10	11193	-1
45	19782	1
32	21531	-1
18	18304	-1
46	5207	1
35	6441	1
42	13665	1
31	18565	-1
22	13029	-1
23	16679	1
39	29386	1
37	30980	-1
38	7751	1
35	1119	1
30	13961	-1
10	28561	1
46	15756	1
35	30918	1
42	2120	1
12	21258	1
36	7384	-1
4	11750	-1
29	19273	1
17	17188	1
24	20033	-1
30	1701	1
20	11658	1
20	14893	-1
43	3368	1
9	6627	-1
13	30857	1
30	822	-1
0	25961	1
42	318	-1
24	17538	-1
6	8297	1
29	30796	-1
0	13976	-1
41	5628	1
2	8206	-1
46	16760	1
5	7957	-1
8	18446	1
48	5058	1
6	13301	1
48	13810	1
20	15749	-1
42	5561	1
28	21237	1
14	13596	1
38	23531	-1
5	5682	1
22	23167	-1
4	4101	1
34	29618	-1
35	14743	1
25	27164	-1
46	14306	1
13	21330	1
36	19313	-1
46	29442	1
8	10976	1
27	30115	-1
30	22179	-1
40	31027	-1
8	18656	1
34	22000	1
7	11795	1
10	1882	-1
25	1371	-1
48	8472	1
48	3560	1
33	2920	-1
4	11421	1
13	4356	1
17	16059	-1
46	23555	1
19	15216	-1
10	16630	-1
26	27468	-1
36	26956	1
11	3733	-1
47	27961	-1
4	25018	-1
4	13165	1
8	29597	1
30	2209	-1
46	3083	1
1	10152	1
16	10748	-1
40	25475	1
10	17133	-1
40	29224	1
39	8515	-1
31	2792	-1
48	9385	1
16	30829	1
33	7098	-1
2	3794	-1
25	9573	1
29	5713	-1
13	11625	1
13	28132	1
43	7462	1
19	2410	1
42	1178	1
15	9177	-1
46	20023	-1
17	21392	1
36	11605	1
46	9472	1
31	23759	-1
21	25574	1
48	8708	-1
43	19242	1
44	13849	-1
6	5140	1
49	20228	-1
1	13169	1
9	26322	-1
43	20815	1
33	12526	-1
21	7737	-1
11	20221	-1
23	27100	-1
40	18616	1
14	18914	-1
27	6474	-1
47	3724	-1
8	8881	1
47	1208	1
5	27488	-1
42	7883	1
28	2091	1
13	25155	1
39	26903	1
13	1452	1
13	23621	-1
3	24046	-1
4	2523	1
7	679	1
11	24599	-1
47	10390	-1
30	8638	1
45	11727	-1
8	9674	1
41	9911	-1
33	19730	1
17	1387	1
6	15778	-1
32	4455	-1
38	20774	1
39	20312	-1
43	1888	1
46	29614	1
47	30687	-1
42	11919	1
20	30431	1
17	22836	1
13	19792	1
47	21792	-1
9	16217	-1
8	23961	1
1	16096	1
23	26928	-1
36	12601	-1
0	981	-1
35	7540	-1
1	14927	1
48	12264	1
7	12299	1
22	16832	-1
42	16900	1
12	22942	-1
8	1168	-1
29	23922	1
44	7474	1
39	12863	1
35	6161	1
12	18541	1
42	4898	1
34	14101	-1
17	24682	-1
33	13753	-1
40	26939	1
38	22555	-1
1	20449	-1
43	15832	1
33	2400	-1
41	17404	-1
44	17542	1
43	1894	1
48	29964	-1
17	28690	-1
38	19049	-1
48	15438	1
15	3777	-1
38	365	-1
0	15464	-1
10	9941	-1
11	21986	-1
42	4012	1
18	25973	-1
41	4463	1
4	10250	1
6	8483	-1
4	2932	-1
1	5245	-1
31	2184	-1
48	6042	1
10	23183	-1
25	28261	-1
18	26779	-1
6	22232	1
30	8302	1
43	167	1
8	4451	1
46	24115	1
45	5893	1
39	7651	-1
46	29407	1
15	18825	1
18	26212	-1
5	6303	-1
48	16003	1
0	4817	-1
43	2847	-1
3	4316	-1
13	17644	1
9	5015	-1
42	30265	-1
43	4169	-1
17	8583	1
42	518	1
23	15601	-1
42	29288	1
43	7994	1
46	7814	1
1	15898	-1
43	6444	-1
46	8788	1
11	13588	-1
45	218	1
33	16819	-1
24	7347	-1
17	8747	1
31	18100	-1
40	12271	1
48	8400	1
42	5505	1
40	19842	1
38	25077	1
40	7076	1
16	28804	-1
8	3520	1
39	12914	1
36	15213	-1
9	10638	1
29	21798	-1
46	24993	1
36	15973	1
13	28238	1
6	2062	-1
42	24623	-1
42	3539	1
36	17191	1
43	12560	1
1	28678	1
29	1955	-1
0	18935	-1
5	31082	-1
35	19779	-1
1	6260	-1
48	19928	1
47	23736	-1
45	3295	-1
7	30991	1
43	2776	1
7	4516	-1
29	14513	-1
16	12826	-1
0	30004	-1
44	10577	1
13	26575	1
3	24500	-1
45	72	1
34	22802	1
18	25645	-1
36	22120	1
3	16959	-1
26	2212	-1
28	4798	1
31	9936	-1
33	6691	-1
8	25477	-1
15	25712	-1
32	29544	-1
39	11591	1
37	18646	-1
25	28148	-1
24	1625	-1
24	16482	-1
46	22387	-1
16	18672	-1
6	3754	1
1	21964	-1
23	29511	-1
4	10437	-1
46	13790	-1
21	11243	1
0	26004	1
20	4312	-1
28	20975	-1
18	25270	1
5	26758	1
38	7325	-1
43	194	1
35	10530	1
42	18004	-1
32	13050	-1
6	12172	1
26	14104	-1
2	25878	-1
30	19662	1
5	27697	1
43	29667	1
42	24799	1
45	25381	-1
1	28969	1
5	26662	-1
46	24421	1
2	22583	-1
18	17556	-1
8	4348	1
10	16511	1
43	17281	1
39	17168	-1
8	12844	1
43	17138	1
15	25143	-1
42	8652	1
12	15126	-1
19	4393	-1
11	9311	-1
41	12474	-1
32	18409	-1
7	24051	1
41	25069	1
36	5147	-1
45	11494	-1
4	27869	-1
1	5611	1
4	4150	-1
41	20339	1
1	23426	1
25	7057	-1
10	30824	1
38	24678	-1
23	27384	-1
39	26285	1
1	27178	-1
43	30670	1
48	15769	1
44	4037	1
49	23025	1
32	26035	-1
13	10926	-1
10	8624	1
21	14671	-1
11	2532	-1
0	26877	-1
31	15917	-1
34	16221	-1
7	30534	-1
23	18682	1
16	2646	1
9	25640	1
11	28534	-1
8	202	-1
12	22923	-1
43	1047	1
13	3584	1
47	25423	-1
42	2484	-1
34	19708	-1
22	11475	-1
43	30299	-1
24	5886	-1
24	1940	-1
1	20208	1
17	5305	1
33	8313	-1
48	20547	1
16	12399	1
7	18136	-1
42	17296	1
16	26525	1
43	25887	1
26	28006	-1
48	13470	1
17	12200	1
8	22397	1
17	27613	-1
18	24184	1
27	23587	-1
34	21261	-1
43	12228	1
44	28082	-1
37	7522	1
40	12236	-1
40	4015	1
0	8547	-1
26	15265	1
34	19951	-1
42	16865	1
9	29861	-1
46	8912	1
17	8136	1
10	23712	1
35	28819	-1
13	8572	1
13	5408	1
48	3699	1
4	21989	1
42	13531	-1
1	21307	-1
41	10280	1
6	27738	1
0	30153	1
42	9146	-1
33	26610	-1
43	4384	-1
46	10445	1
46	6841	1
47	4088	-1
10	13196	-1
42	2136	1
13	15880	-1
23	19606	1
43	22638	1
42	11271	1
49	5352	-1
35	5081	1
18	5273	1
31	27169	-1
2	19635	-1
30	28684	-1
4	17921	1
6	15233	1
48	14339	1
44	11614	-1
9	1214	-1
3	30243	-1
43	16509	1
17	1467	-1
25	19344	-1
28	1279	1
2	8948	-1
13	3132	1
10	19944	1
7	23931	1
43	27995	1
48	14691	1
44	6487	-1
49	25432	-1
38	2226	-1
10	7380	-1
6	1109	-1
40	862	1
2	30388	-1
20	20426	-1
42	25357	1
40	5297	1
8	1559	1
12	8349	-1
9	1823	-1
34	10004	-1
39	9866	-1
8	22664	1
48	17953	1
6	4637	-1
5	10489	1
32	24459	-1
6	24927	-1
40	28974	-1
1	20324	-1
12	18196	-1
43	5339	-1
47	15262	-1
2	30117	-1
8	1995	-1
20	11545	-1
48	7553	1
4	12402	1
37	10118	-1
18	29006	1
21	15526	-1
39	10230	1
28	15532	1
2	20134	-1
4	7232	-1
17	19488	1
40	1089	-1
27	9809	-1
14	10269	-1
45	10397	1
21	3645	-1
32	17764	1
34	14969	-1
15	4607	-1
0	24205	-1
27	15535	-1
29	11022	-1
48	12098	1
10	16638	1
7	12908	1
43	3956	1
18	23629	-1
28	22838	1
43	23381	1
4	10981	-1
4	4253	1
33	28511	-1
40	2576	1
38	26197	-1
20	23548	-1
27	19218	-1
43	24446	-1
13	2128	1
8	9614	1
48	15157	1
16	2210	-1
20	29401	-1
40	17754	1
16	69	1
19	24513	-1
8	23412	1
18	4964	1
16	2792	-1
36	19561	1
30	359	-1
16	30580	-1
17	13634	1
39	21024	-1
32	13594	-1
48	11577	1
41	4858	1
42	21329	-1
49	9529	-1
42	27608	1
36	17340	1
26	16523	-1
2	25966	-1
23	7331	-1
31	26309	-1
5	15885	1
49	25332	1
7	17328	1
20	28977	-1
13	11555	1
5	4727	1
44	6907	-1
46	792	1
13	18157	1
33	20417	1
8	27473	-1
43	4891	1
4	22742	1
1	9992	1
26	4520	1
39	28557	-1
40	28994	1
5	22704	-1
45	25464	1
28	9240	-1
35	24960	-1
40	12370	1
3	13477	1
1	6208	-1
29	434	-1
21	27302	1
13	18803	-1
30	25307	-1
43	10942	1
46	31050	1
37	6113	-1
1	421	1
43	16173	1
28	13749	-1
8	28797	-1
13	7715	1
41	13463	-1
3	28248	-1
14	25535	-1
13	25139	1
48	22826	1
23	21181	1
29	4364	-1
12	23871	-1
28	28058	-1
15	27383	-1
32	8670	-1
10	27424	-1
11	8030	-1
24	7610	-1
13	22863	1
9	10695	-1
46	22659	1
44	2221	-1
26	10363	1
23	770	-1
10	13786	1
32	2700	-1
42	19622	-1
17	30063	-1
14	6513	1
42	14482	1
48	24027	-1
42	11341	1
6	12475	-1
6	17678	-1
7	13193	-1
36	30165	-1
5	601	1
43	15262	1
48	12376	1
9	2819	1
13	26409	1
42	26638	1
37	24918	-1
14	21533	1
8	7262	-1
35	20178	-1
41	5545	-1
5	24616	1
7	10081	-1
21	5947	1
46	14428	1
16	14031	1
7	23742	1
25	6314	1
9	7898	1
29	9479	-1
48	25393	1
1	17352	1
40	5041	1
45	16118	1
0	15307	1
8	15761	1
37	18235	1
6	16929	1
45	12972	1
14	2570	1
46	16067	1
18	2577	-1
8	13687	1
12	27958	1
43	3923	1
6	2758	1
4	2777	1
19	30050	-1
44	3251	-1
30	18826	-1
48	29747	-1
23	29909	1
13	15792	-1
29	25033	-1
5	15468	-1
4	7735	1
29	15723	1
42	6630	-1
1	30798	1
43	3198	1
5	16227	1
16	11149	1
24	12926	-1
7	29952	-1
46	10537	-1
45	8867	-1
30	9722	-1
47	15705	-1
2	5770	-1
23	6502	-1
5	28473	1
40	26153	1
6	27283	1
35	1642	-1
8	21620	1
6	29729	1
43	408	1
46	20995	1
10	12814	-1
6	30449	1
6	5413	-1
43	10168	-1
32	24342	-1
46	7282	1
37	20583	-1
40	27958	1
46	29044	1
12	9190	-1
8	22291	1
43	656	1
43	242	1
10	23913	1
46	4614	1
23	4320	1
20	24054	-1
49	29300	-1
49	10568	1
47	23058	1
30	28776	1
27	24791	-1
15	24047	-1
29	22862	-1
8	14989	1
22	10394	-1
2	13065	-1
6	7330	-1
47	14958	-1
44	721	1
49	25080	-1
46	560	-1
3	28705	-1
21	3097	-1
30	20490	-1
25	5626	-1
26	11192	1
44	18666	1
6	8000	1
26	21340	-1
47	4040	-1
42	27846	1
8	18380	1
37	23558	-1
4	5863	1
19	28119	-1
40	14038	-1
26	18075	-1
40	6346	-1
21	17516	-1
4	13780	1
9	11926	1
28	23787	1
47	11804	-1
1	30363	-1
48	11251	1
10	12963	1
19	17126	-1
46	20717	1
0	14772	-1
25	11197	-1
13	13445	-1
8	26134	-1
8	23815	1
21	26549	1
28	1153	-1
43	20623	1
19	9615	-1
14	29790	-1
40	15797	1
21	9026	1
11	24311	-1
13	20024	-1
29	28112	-1
21	20038	1
12	21066	-1
48	14293	1
30	5289	1
41	20431	-1
6	14232	1
33	18270	-1
16	23776	-1
16	10495	1
32	30074	-1
41	28460	1
46	22787	1
0	11976	1
23	14611	-1
34	3933	1
6	25971	-1
42	23196	1
4	1551	-1
42	8803	-1
46	23388	1
8	19470	1
7	4654	1
8	16708	1
28	30787	1
31	2773	1
16	19982	-1
15	7305	-1
26	644	-1
1	8070	-1
37	1243	1
31	29204	-1
18	29932	1
5	11582	1
48	10597	1
16	23570	-1
16	30663	1
8	30391	1
29	21611	1
32	14281	-1
45	14849	-1
43	7015	1
48	6215	1
40	2514	1
40	29446	-1
16	16768	1
37	5199	1
7	5070	1
34	29595	1
48	10711	-1
39	16791	1
29	16998	-1
13	17503	1
29	19225	-1
42	13577	1
34	14825	-1
13	13146	-1
40	20119	-1
40	23064	1
19	17210	1
44	14875	1
5	16388	-1
41	6655	-1
40	21044	1
44	16008	-1
44	6262	1
32	20915	1
4	27422	1
18	18227	-1
5	29948	-1
3	17442	-1
7	5602	1
4	18238	1
49	2889	-1
10	29973	1
1	24159	-1
24	7976	-1
4	15943	1
17	7450	1
40	15699	-1
46	6727	1
5	30795	-1
13	25559	1
45	13275	1
7	31000	-1
43	26723	1
6	2134	1
42	17816	-1
27	26727	-1
16	11592	-1
43	30846	1
47	22422	-1
32	371	1
21	14426	-1
44	2365	1
27	23352	-1
7	9403	1
47	15266	-1
46	709	1
44	7446	-1
20	15957	-1
3	9596	-1
29	19369	-1
9	30111	1
4	18485	1
36	12021	-1
25	20402	1
18	726	1
0	9105	1
10	5875	1
37	9370	-1
12	13457	-1
48	8201	1
36	30662	1
45	26392	1
1	23651	1
14	15891	1
3	18147	-1
3	4524	-1
8	8382	-1
47	12523	-1
0	22746	-1
38	29063	-1
19	30356	1
18	25144	-1
44	4429	1
16	6512	-1
43	20204	1
2	17773	-1
13	15	1
23	20383	-1
30	7320	1
48	24515	-1
6	20342	1
48	27388	1
48	29188	1
38	7369	1
31	211	-1
20	17031	1
1	21149	1
47	11709	-1
15	27276	1
21	5413	-1
40	29331	-1
3	16979	-1
30	5121	-1
30	17300	1
45	27881	-1
35	11459	-1
7	16199	1
24	29233	1
37	26948	-1
2	15910	-1
10	1517	1
13	16365	1
29	30663	1
36	28988	-1
8	12419	-1
12	27569	1
44	992	-1
36	9478	-1
42	735	1
16	14168	1
23	301	1
1	2101	-1
43	22317	1
43	20606	1
20	17874	1
30	24756	-1
6	5274	1
36	20298	-1
16	16910	-1
9	25316	-1
38	21132	1
43	22077	1
44	16679	-1
41	17865	-1
2	15108	1
8	19831	1
7	17699	-1
28	2818	-1
32	23215	-1
30	24289	1
45	4018	1
23	19631	1
34	30648	-1
42	14987	1
0	30896	1
47	24415	-1
3	25242	1
8	197	1
5	29315	1
31	4736	1
17	3667	-1
13	29017	1
35	16834	-1
28	30875	1
20	17783	-1
42	29852	1
32	26025	-1
10	6574	-1
4	16305	1
1	25378	-1
27	19959	-1
42	20855	1
49	11085	-1
5	26379	1
8	26716	1
44	23549	-1
46	13143	1
26	5561	1
42	15687	1
38	29689	-1
42	22297	1
9	11961	-1
31	4662	-1
29	17096	1
40	1469	-1
13	8838	-1
25	8384	-1
48	21744	1
6	3714	1
35	5468	1
35	613	1
18	24340	-1
17	16739	1
28	29118	1
43	23993	1
23	26282	-1
8	3347	1
45	16786	-1
22	20224	-1
41	29955	-1
20	27795	-1
38	7887	-1
10	10110	-1
49	13757	-1
39	2998	1
42	923	1
18	7221	-1
48	25985	1
36	21188	-1
16	9860	1
39	5298	-1
10	1340	-1
9	29180	-1
28	28138	1
32	7684	1
48	29895	1
40	16304	1
34	25841	-1
46	1649	1
46	24684	1
13	17628	1
13	25297	1
16	19669	-1
35	26208	1
9	19122	1
22	475	-1
21	20576	-1
22	17552	-1
27	6609	1
17	1292	1
10	20901	-1
24	17242	-1
48	18605	1
29	4024	1
9	22955	-1
44	30101	-1
38	12441	1
31	13933	-1
49	26889	-1
40	4008	-1
9	7801	1
25	7766	1
36	17576	-1
32	314	-1
25	24726	-1
49	7867	-1
43	23042	1
46	3751	-1
39	15491	1
3	2057	-1
9	18529	-1
36	11277	-1
30	6167	1
14	19107	1
14	6875	1
42	7602	1
43	11742	1
17	6781	1
23	23979	-1
19	15239	-1
14	13549	-1
25	14655	1
10	14609	-1
42	12658	1
48	2801	1
21	6706	1
42	14716	1
19	25640	1
21	1612	-1
4	23742	-1
48	2736	1
42	15399	1
28	22218	-1
44	12907	-1
0	2169	-1
42	30785	1
7	13807	-1
7	19179	-1
8	2226	-1
34	29252	-1
39	19094	1
25	28541	-1
20	11324	-1
14	8742	1
12	23814	-1
4	18869	1
12	2871	-1
46	15447	-1
26	28605	-1
8	6705	1
46	12229	1
43	28888	1
19	2424	-1
46	17790	1
4	1290	-1
13	8181	-1
30	23881	-1
40	26801	1
17	10571	1
46	14584	1
19	1647	-1
46	20153	1
25	2380	-1
43	18501	1
17	13680	1
20	9450	-1
19	12508	-1
46	3159	1
43	30163	-1
31	3334	-1
43	15064	-1
26	21944	-1
18	23333	-1
40	11071	-1
32	9370	-1
35	24649	1
29	21578	-1
25	27948	-1
44	7197	-1
25	24712	-1
35	4320	1
18	30462	-1
25	2390	-1
15	9638	-1
21	30137	-1
1	18983	1
46	784	1
47	23830	-1
45	20744	-1
8	19003	1
30	13972	1
6	16779	1
39	23996	1
39	22188	1
0	21966	-1
29	22642	-1
6	11574	1
4	6399	1
10	28513	1
30	539	-1
4	17856	1
5	11282	1
46	10979	1
17	15116	1
23	26701	1
7	29288	-1
13	13511	1
23	23128	1
1	25409	-1
28	29697	-1
44	21411	1
46	7007	1
13	20590	1
43	27191	1
42	11740	1
6	4533	-1
2	15349	-1
33	22236	-1
39	24881	1
33	17676	-1
37	27402	1
21	24603	1
0	3500	-1
1	26726	-1
18	14611	-1
45	840	1
1	23592	-1
3	7361	-1
36	22761	-1
17	7812	1
48	8860	1
42	21808	1
17	7082	-1
8	8531	-1
33	13220	1
33	5956	1
21	14813	1
47	8882	-1
15	11103	-1
21	18315	1
16	15754	-1
48	19184	1
4	22223	1
30	12926	-1
3	25244	-1
13	17670	-1
8	23907	-1
27	21572	-1
5	28024	-1
17	25475	-1
28	8452	1
8	11548	1
12	15836	-1
33	3247	-1
46	19388	1
36	25993	-1
10	6961	1
43	9761	-1
32	28689	1
17	415	1
43	22253	1
48	24646	1
6	30598	1
44	5912	1
40	2904	1
43	6333	1
20	7717	-1
46	4836	1
25	22554	-1
38	5957	1
35	11074	-1
33	21009	-1
30	19048	1
36	29141	1
1	3084	-1
43	25018	1
44	25884	1
43	27850	1
8	26493	1
37	21346	-1
29	1950	-1
43	6008	1
40	1939	1
5	17087	-1
48	25239	1
45	11791	-1
48	7589	-1
17	23486	-1
41	16181	1
22	4289	1
31	28777	-1
22	27510	-1
41	10894	-1
42	24722	1
20	5253	-1
36	24930	1
18	26198	-1
35	17734	-1
38	14012	-1
7	22372	-1
27	25963	-1
6	1610	-1
48	13636	-1
30	24798	-1
41	4567	-1
13	15106	1
32	6477	-1
7	14793	1
17	3294	-1
48	5305	1
8	10823	1
31	22832	-1
17	30675	1
9	2598	1
48	9753	1
45	26723	-1
21	27969	1
23	29941	-1
40	30241	1
47	6855	-1
4	30351	1
12	27202	-1
33	5362	-1
1	23866	1
0	6411	-1
8	14547	1
49	22644	1
30	25130	1
26	20958	-1
30	13585	-1
35	6584	-1
35	12513	-1
48	30606	-1
6	19016	1
24	29038	-1
13	29679	-1
14	8134	-1
10	983	-1
45	22972	-1
8	26562	-1
18	12650	-1
29	25475	1
16	1580	1
20	13259	1
43	17589	1
1	28391	1
11	27132	-1
28	5019	1
11	13766	-1
46	15941	1
17	11929	-1
43	1309	-1
43	12575	1
8	22620	1
9	23704	1
38	4763	-1
45	4067	-1
16	992	-1
23	77	1
25	11323	-1
42	6599	-1
15	5352	1
30	26644	1
40	762	1
10	30321	-1
30	4298	1
22	10549	-1
13	30238	-1
9	28642	1
43	28959	1
32	19677	1
1	29542	1
4	29899	-1
18	17408	-1
45	12140	1
12	17515	1
4	6443	1
10	11059	-1
12	3147	-1
19	30513	-1
9	635	1
35	355	-1
32	14244	1
36	20829	1
6	11040	1
40	21387	-1
14	5232	-1
0	10812	1
13	21936	1
16	12789	-1
35	25752	-1
46	23528	1
44	5513	1
46	15363	1
36	27090	1
9	3961	1
9	5696	1
2	22887	-1
26	19712	-1
48	14055	1
5	9963	1
21	15597	1
9	10190	1
12	12269	-1
12	9963	-1
23	4893	1
14	27683	1
29	19249	-1
41	3896	-1
33	16434	-1
46	10862	1
49	21325	1
28	27874	1
45	25149	-1
21	15331	-1
5	14211	-1
47	7904	-1
40	7587	-1
13	29307	-1
13	15030	1
28	21777	-1
48	11348	1
44	19307	1
21	10230	-1
34	27600	-1
7	26746	1
3	1204	-1
28	18024	1
6	19881	1
39	21404	1
16	26908	1
21	6647	1
10	4231	-1
6	23386	1
17	7491	-1
5	7002	1
25	5526	-1
41	28643	-1
13	14497	-1
48	13213	1
7	21283	1
2	1661	-1
42	7506	1
39	19373	-1
11	20612	-1
46	11530	1
28	18892	1
9	22771	1
18	28782	1
7	28890	1
26	13642	1
9	8762	1
8	586	1
5	25479	-1
7	26909	1
47	1894	-1
38	19362	-1
34	5513	-1
5	2307	-1
2	11748	-1
45	8198	1
12	5122	-1
1	4957	-1
14	20933	1
21	7203	1
48	4385	-1
35	7079	-1
36	24912	1
13	18475	-1
9	1552	-1
31	2984	-1
14	27185	1
13	30426	1
8	25550	1
35	19628	-1
8	3565	1
17	7267	-1
43	6398	1
4	1882	1
32	29124	-1
8	14201	-1
13	27063	1
43	24912	1
48	25903	1
30	14946	1
21	13402	-1
19	7224	-1
6	30503	1
6	7570	1
42	10663	-1
1	25007	1
28	17061	1
14	25542	1
34	4332	-1
37	16640	-1
13	27417	1
5	1405	1
11	19704	-1
8	1829	1
48	19869	1
12	10956	1
41	26231	-1
40	24884	-1
22	28933	-1
43	8477	1
6	17497	1
42	29335	1
0	28050	-1
48	27243	1
43	16552	1
3	4642	-1
15	8521	1
6	30207	-1
8	7233	1
42	28265	1
14	24484	-1
4	23156	1
24	8120	-1
16	26169	1
42	11845	1
42	25602	1
5	16813	1
18	14558	1
23	22093	1
40	20779	-1
43	29570	1
3	25511	1
39	5670	1
19	17546	-1
19	960	-1
1	8999	1
23	18982	-1
16	26209	1
43	2515	1
31	4993	-1
45	4714	-1
12	27618	-1
46	7435	1
19	12686	-1
9	2438	-1
37	24305	1
36	1062	-1
0	14964	1
44	11432	1
13	327	1
21	23713	1
36	20319	1
5	17483	-1
41	391	-1
42	14235	-1
12	4129	-1
1	20267	1
4	4160	1
35	24868	1
28	22865	-1
15	20751	-1
35	15729	1
44	8920	-1
48	16877	1
12	6652	-1
35	10586	-1
34	15563	-1
9	20252	1
4	19868	1
12	7143	-1
10	19735	-1
20	30374	-1
17	7701	-1
29	6433	-1
42	22156	1
43	14470	1
1	9118	1
8	31056	1
33	20244	-1
22	3724	-1
21	9586	-1
24	18860	-1
21	230	-1
43	10504	1
1	10670	1
16	254	-1
48	26205	-1
37	4658	-1
43	16978	1
16	20447	1
13	14255	1
46	16095	1
48	26024	1
15	4187	-1
13	5703	-1
37	13862	-1
8	4503	1
42	14924	1
39	8779	-1
43	19802	1
48	29693	1
21	213	1
46	29134	-1
23	20310	1
11	9403	-1
43	14547	1
8	18584	1
46	9804	1
36	29176	-1
16	27332	-1
34	15189	1
26	15225	1
17	4583	1
1	10989	-1
7	4350	1
42	5429	-1
46	1964	1
28	23538	1
34	4972	-1
42	17546	1
28	23215	1
21	6528	1
49	29315	1
6	24229	-1
13	9528	1
6	29529	-1
5	24054	1
10	21184	1
0	9365	-1
5	2575	-1
10	21457	-1
38	19913	-1
28	25350	-1
0	28668	-1
42	29427	-1
49	21757	-1
16	24852	1
11	3671	-1
49	8552	-1
18	8929	-1
8	23780	-1
0	17259	-1
37	18083	-1
33	3552	-1
12	21233	-1
43	16272	-1
17	21634	-1
23	11506	1
40	13665	-1
4	31067	1
35	18594	-1
28	21305	-1
25	615	-1
32	20952	-1
4	17266	1
2	26153	-1
12	27589	-1
4	18292	-1
10	14020	-1
13	9829	-1
3	28383	-1
46	20861	1
48	2527	1
5	11338	-1
2	15680	1
48	12880	1
42	28808	1
8	20730	1
15	3207	-1
2	19556	-1
48	2978	1
17	23406	-1
25	24613	-1
8	14691	1
35	29905	-1
14	14759	1
49	3320	-1
43	27454	1
43	28727	-1
22	3771	-1
40	12437	1
40	5241	-1
37	2057	-1
14	9160	-1
1	9275	1
49	16997	1
31	4963	-1
37	5511	-1
40	24316	1
16	8730	1
43	430	1
32	27012	-1
34	6032	-1
6	22477	1
37	1051	-1
37	3881	-1
40	15383	-1
8	20842	1
48	14864	1
4	29284	1
28	1174	1
6	10306	1
46	26794	1
0	25470	-1
0	26374	1
4	26501	1
10	17105	-1
10	16881	1
40	8400	-1
38	8752	-1
4	21088	1
38	12021	1
30	15555	1
33	21914	-1
36	22836	1
9	10270	1
14	12633	-1
13	6268	1
16	14663	-1
46	17212	-1
29	21223	-1
23	1925	-1
4	6031	1
45	3525	1
0	22970	1
47	19998	-1
33	7280	-1
43	12543	1
37	18425	-1
13	24533	1
47	7990	-1
28	15986	1
2	30259	-1
45	13490	1
9	15448	-1
6	5022	-1
20	2103	1
33	16665	-1
23	14372	1
0	14814	1
13	15830	-1
46	11219	-1
48	12989	-1
28	10927	1
13	13829	1
11	19349	-1
21	10806	1
39	6623	1
13	27953	1
40	13784	-1
29	27285	-1
26	19409	1
43	11954	1
37	26395	-1
8	12191	1
36	22059	-1
15	18321	-1
1	14843	-1
46	1129	1
5	29056	-1
18	2591	-1
8	21905	-1
39	20638	1
48	30232	-1
30	5224	1
44	9109	1
48	5491	1
13	4443	1
11	2789	-1
8	17960	1
13	21072	1
22	7758	-1
1	26182	1
46	11717	1
41	3488	-1
9	298	-1
21	6714	-1
23	14461	1
49	17323	-1
49	27606	1
49	26092	-1
43	17564	-1
6	23561	1
18	30982	-1
20	13120	1
48	11627	1
8	15852	1
17	14199	-1
15	17258	-1
36	17270	-1
32	13519	-1
33	8747	-1
28	15458	1
37	18984	1
46	9874	1
9	19146	-1
13	23998	1
43	28225	1
10	29840	1
43	27823	1
17	1317	1
48	21335	1
0	4155	-1
27	7781	1
4	18297	-1
17	27723	-1
48	20371	1
16	7029	1
8	9273	1
16	19072	1
45	16929	-1
35	17507	1
48	16241	-1
28	18561	1
48	6631	1
23	26608	-1
44	27986	-1
13	4871	1
25	10780	-1
20	4497	-1
37	17489	1
36	14024	1
48	27590	1
47	11676	-1
42	22816	1
6	3766	-1
13	19691	-1
48	30206	1
46	7084	1
11	5807	-1
20	15103	-1
20	29788	-1
42	1673	1
1	5237	1
40	5618	1
6	25373	1
16	9494	1
12	1353	-1
44	71	1
39	701	1
5	22808	-1
3	14978	1
40	9179	1
9	28068	1
8	20791	-1
23	28084	1
38	5984	-1
27	5238	-1
15	21487	-1
16	16681	1
38	1740	-1
6	350	-1
46	25335	1
42	17727	1
4	29806	-1
23	10538	1
23	22526	-1
29	1907	-1
12	20813	-1
23	27122	-1
2	19230	-1
4	15945	1
40	7938	-1
43	17224	-1
3	21944	-1
23	8999	1
23	27867	1
15	5092	-1
17	28007	1
15	17741	-1
48	2147	1
27	5067	-1
18	8171	1
6	24990	1
12	13016	-1
8	21128	-1
4	21606	1
46	27380	1
47	6984	-1
13	7700	1
48	9432	1
46	3770	1
13	29561	1
22	28412	-1
40	8631	1
35	18784	1
26	27413	-1
24	27039	-1
8	15081	1
9	18198	-1
6	12287	1
35	13513	-1
45	7575	-1
0	28987	-1
43	11486	1
30	26011	-1
17	9529	-1
42	21717	-1
39	7624	-1
42	23012	-1
10	17220	-1
28	23497	1
42	3001	1
35	14072	-1
45	13432	1
40	25605	-1
1	20026	-1
45	23536	-1
5	17862	1
28	14923	-1
4	19196	1
13	5617	1
38	26919	-1
29	17432	1
37	25202	-1
43	368	-1
25	19123	1
26	29103	-1
8	27140	-1
43	20297	1
13	26671	1
42	15638	1
12	26232	-1
33	11652	-1
43	23630	-1
40	5140	1
46	15740	1
30	4993	-1
4	12903	1
20	4037	-1
46	27507	-1
30	26305	1
25	24105	-1
28	28040	-1
47	901	-1
35	13998	1
17	12671	-1
18	23501	-1
36	27001	1
4	5141	1
46	16193	-1
32	5873	-1
45	14412	-1
42	10865	-1
49	11462	-1
33	11655	-1
42	17673	-1
30	9015	-1
29	4606	1
29	21480	-1
13	13867	1
21	16380	1
38	26597	-1
38	11234	-1
42	22253	-1
38	16135	1
20	11185	-1
17	3179	1
9	21507	1
5	9315	1
25	10068	-1
26	21766	-1
9	14466	1
44	24222	-1
5	4749	1
13	16765	1
37	15873	-1
23	24844	-1
6	6024	1
42	18721	-1
36	22904	-1
13	5662	1
9	13969	-1
36	3566	1
46	18135	1
45	803	-1
41	18895	-1
29	15955	-1
39	1141	-1
43	7075	1
38	3273	-1
42	22884	-1
5	28886	1
8	13036	1
43	20574	1
35	12936	1
35	25966	1
46	14889	-1
6	20124	1
4	1824	1
40	8274	1
48	10974	-1
12	29794	-1
6	21390	-1
40	17607	1
44	3037	1
43	14242	1
20	14547	1
28	27708	-1
42	20681	-1
3	23840	-1
48	8143	-1
40	16229	1
4	22719	1
1	1142	-1
37	11097	1
40	11958	-1
8	17490	-1
35	4173	1
6	12939	1
43	18244	1
46	2351	1
23	23090	1
36	26300	-1
4	15818	-1
16	12926	-1
29	14673	-1
0	5229	-1
40	9883	1
9	7322	-1
19	4448	-1
38	16452	-1
32	27301	-1
41	14510	-1
4	15058	1
38	8219	-1
21	577	-1
24	11696	-1
7	28582	1
12	3128	1
44	17119	1
13	24838	-1
0	26996	-1
2	30469	-1
33	24553	-1
11	22619	-1
8	17377	1
13	25323	1
35	17791	1
47	25615	-1
28	15210	-1
28	11403	-1
16	2519	1
10	432	1
12	27788	-1
49	18013	-1
23	24272	-1
8	16999	1
43	28048	-1
6	29320	1
42	29959	1
38	24533	-1
26	4320	-1
43	16147	1
40	20609	1
12	6305	-1
49	9452	-1
39	6758	1
39	22455	1
19	25689	-1
6	24734	1
13	26439	1
46	17650	1
5	1380	-1
8	3665	1
1	19473	1
33	22767	-1
5	594	-1
42	11807	1
27	11088	-1
49	7531	-1
7	30076	1
27	10618	-1
39	18789	-1
22	17540	-1
24	24600	1
21	22412	1
28	19140	1
1	16623	-1
28	5845	-1
24	24378	1
20	18757	-1
8	24741	1
2	29922	-1
19	2368	-1
46	13166	-1
8	6675	1
38	1096	-1
2	29074	-1
49	23340	-1
47	26773	1
17	5789	1
28	19503	1
43	27283	1
42	11879	1
22	5565	1
46	2653	1
43	27398	-1
16	3743	1
4	19509	1
44	26429	-1
5	20624	-1
46	25001	1
38	29938	-1
34	987	-1
8	28087	-1
5	25210	-1
43	15628	1
3	29309	-1
43	3323	1
19	30019	-1
30	11311	-1
13	4700	-1
1	5311	-1
0	10774	1
5	26699	1
46	26437	1
36	23181	-1
30	8166	1
44	3510	-1
7	5548	1
16	8336	-1
10	28463	1
7	22857	-1
43	28977	1
45	25768	1
4	10841	1
35	8112	-1
9	4237	1
5	4551	-1
35	7045	-1
43	9008	1
8	24617	1
38	13667	1
18	23927	1
8	5380	-1
41	28683	-1
20	17652	1
39	5278	1
5	4794	-1
15	4897	-1
39	4708	-1
44	17590	1
48	20611	1
43	16381	1
48	11017	1
23	25201	1
32	26912	1
18	27517	1
15	475	1
15	5910	-1
43	5585	1
18	7872	1
6	21717	-1
45	3480	1
14	14289	-1
28	7590	1
43	26236	1
24	30759	-1
1	28992	-1
39	30831	-1
46	7122	1
44	761	1
35	39	-1
10	29012	-1
46	21378	1
31	2140	-1
42	201	1
16	2618	1
1	29194	1
5	19906	1
14	515	-1
13	6904	1
10	1997	-1
47	6880	-1
9	19543	1
32	21593	1
2	30480	1
23	7616	-1
30	7765	-1
46	5234	1
7	16005	1
8	14906	1
14	14346	-1
23	2001	1
35	19421	-1
19	7935	-1
8	29602	-1
26	24991	-1
48	18088	1
40	13770	1
40	15226	-1
31	10634	-1
43	2739	-1
46	10318	1
36	14143	-1
41	14144	1
13	25482	1
9	22848	1
40	19138	-1
47	25726	-1
21	25620	1
12	29814	-1
45	9321	-1
4	1534	1
45	2048	-1
6	2770	1
0	5083	-1
42	28315	1
42	7710	1
13	19622	1
45	27888	1
31	14361	1
9	23261	-1
42	10335	1
11	7706	1
32	9940	-1
20	22038	-1
6	12399	-1
46	27766	-1
49	17455	1
37	29008	-1
8	20287	-1
37	19475	1
46	23821	-1
33	1024	-1
3	27883	-1
49	13418	1
17	2896	-1
8	2507	-1
16	24979	1
46	20007	1
4	7143	1
20	19961	1
13	9387	1
28	25171	1
33	6986	-1
36	6425	1
40	30310	1
10	10323	1
0	24033	1
6	24265	1
4	21979	1
26	4797	1
5	7763	-1
29	12853	1
13	19744	-1
9	19971	-1
7	6602	-1
46	22682	-1
14	16939	-1
23	26510	-1
7	23550	1
34	13315	-1
43	22130	1
4	18133	1
4	20784	1
17	24364	-1
4	5238	-1
5	14341	-1
39	20839	1
48	3321	1
42	364	1
44	26091	1
6	3283	-1
4	5479	-1
14	26606	1
14	22374	1
2	13279	-1
8	16606	1
48	11539	1
26	24372	1
45	9927	-1
47	27179	-1
14	4031	-1
14	17004	-1
4	10515	1
22	29471	-1
29	17883	1
16	23774	1
2	9409	-1
35	14685	1
23	14421	1
9	29403	1
10	12934	1
13	26375	1
47	12605	1
40	10654	1
37	5064	-1
16	909	-1
16	9656	1
7	14173	-1
38	1242	-1
24	26336	1
26	25717	-1
45	15160	1
32	24713	1
1	28406	-1
5	13599	1
4	29239	1
1	29577	-1
4	29823	1
38	18391	1
26	11967	1
40	21330	1
10	2888	1
12	15733	-1
13	7682	1
8	14320	1
41	790	1
10	29162	1
6	30026	1
9	23732	1
6	10606	-1
18	5956	-1
16	8091	1
9	14608	-1
13	22434	1
13	3736	1
40	5905	-1
28	17222	-1
6	19547	1
2	17682	-1
46	22760	1
13	25140	1
12	30954	1
9	1361	-1
47	16478	-1
38	4240	1
47	4194	-1
37	9821	-1
4	28009	-1
35	16983	-1
43	5195	1
28	21772	1
36	9963	-1
17	51	1
8	1348	1
0	17905	1
43	20199	1
34	6134	-1
21	12141	1
16	27930	1
43	11067	1
42	8465	1
17	12284	1
40	19620	1
16	22892	1
16	2464	1
13	18632	1
42	12203	1
26	23197	-1
37	3429	1
26	1481	-1
38	1247	-1
30	11594	-1
25	3751	-1
8	30206	1
46	947	-1
5	4565	-1
42	24974	1
13	7577	-1
40	16265	-1
32	16128	-1
12	6174	-1
1	30313	-1
6	7649	-1
3	20344	1
49	26023	-1
39	16171	1
45	2374	-1
28	13293	-1
30	13467	-1
43	1590	1
13	11982	1
37	20800	-1
12	4299	-1
29	4528	1
1	18381	-1
32	20229	1
41	19248	-1
27	7583	1
20	2817	-1
29	6564	-1
28	9193	1
11	14242	-1
39	26495	1
48	15643	1
40	17405	1
9	12214	1
13	3759	-1
10	28943	1
28	15288	-1
43	11124	-1
16	5790	1
14	13634	-1
44	22153	-1
26	26909	-1
21	25668	-1
15	14543	-1
42	11312	-1
48	24581	1
5	26072	1
25	5552	1
0	298	-1
3	28255	-1
42	8224	1
35	27652	-1
45	11386	-1
48	2999	1
25	11418	-1
44	13241	-1
36	3196	-1
46	4572	1
21	5371	-1
43	9282	1
4	13304	1
17	15310	1
43	2257	1
43	8680	-1
9	17538	1
25	3501	-1
49	2936	1
7	3642	1
16	16973	1
39	17967	-1
9	18749	1
10	19223	1
43	15424	1
23	15424	-1
37	17802	-1
16	27097	1
10	30308	1
16	3596	-1
40	17315	1
48	1906	1
21	24334	1
42	19327	1
35	29778	1
13	28748	1
48	19423	1
6	293	-1
48	16611	1
43	107	-1
15	14874	-1
9	23110	1
42	15510	1
4	26016	1
1	8666	1
9	29308	-1
18	3983	1
27	13606	-1
6	1149	1
44	3513	-1
3	368	-1
12	19431	1
42	22880	1
21	12554	1
41	6241	-1
41	28525	-1
18	83	1
15	29928	1
8	6172	-1
36	6342	-1
35	24760	1
48	7089	1
48	9892	1
46	20860	1
44	2237	1
48	26829	1
30	3091	1
46	12662	1
17	23618	1
8	30450	1
43	23017	1
6	30198	-1
10	8407	-1
28	6242	1
18	2355	-1
39	23163	-1
42	17780	1
34	8494	-1
15	7779	1
10	5480	1
48	2933	1
28	14821	-1
33	29748	-1
7	17056	-1
40	9415	-1
29	16898	-1
8	14542	-1
48	30249	1
17	19777	1
7	3332	1
28	26704	-1
18	14200	1
10	25689	-1
15	7556	1
40	5365	1
8	2624	1
43	7019	-1
48	28803	1
29	4925	-1
15	846	1
37	23720	1
26	14048	-1
47	1019	-1
44	19729	-1
8	16427	1
28	22678	-1
22	4041	-1
15	21899	1
13	30171	1
18	19103	-1
30	6399	1
37	10863	1
22	23943	-1
16	28385	1
12	14324	-1
5	22791	-1
18	15625	1
18	16058	-1
20	21626	-1
40	6211	1
27	12832	-1
44	2413	1
17	27596	1
11	8106	-1
15	16280	-1
15	6676	1
10	22938	-1
40	18689	1
19	275	-1
46	28740	1
16	24121	-1
32	7206	-1
14	16187	1
43	7613	1
6	29739	1
34	5665	-1
18	14116	-1
39	5755	1
21	14070	1
40	17412	-1
27	6408	1
32	26918	1
27	6273	1
20	17443	-1
8	9070	1
46	3260	1
21	29598	1
43	12962	1
27	25046	-1
5	11046	1
27	30975	-1
33	13289	-1
8	8653	1
40	24256	1
46	3331	-1
7	16449	1
40	21239	1
40	16185	-1
17	6853	1
28	16661	1
28	2068	-1
48	163	1
2	1585	-1
9	5131	-1
4	10446	-1
28	600	1
43	4563	1
32	23988	1
38	23846	-1
18	23292	-1
30	1237	1
36	29525	1
4	29132	1
39	3013	-1
10	29241	-1
3	14776	-1
35	9944	-1
19	25407	-1
0	7089	-1
21	68	-1
14	20257	-1
40	26745	1
18	16251	1
15	12682	1
29	10865	1
30	15441	-1
35	8500	1
31	15678	1
31	13709	-1
1	8538	1
22	10682	-1
43	25739	1
46	29313	1
42	18414	1
13	26212	1
45	2065	-1
37	17043	-1
5	4103	1
37	23958	-1
8	7969	1
38	27873	-1
46	15661	1
48	11401	1
17	19051	-1
42	27945	1
42	15689	-1
8	28236	1
43	3082	1
48	28912	1
16	25229	-1
37	12738	-1
33	225	-1
22	17761	-1
43	22840	1
46	13662	-1
10	7331	1
42	10831	1
7	4921	-1
10	412	-1
24	24262	-1
0	18318	1
1	23890	-1
42	6470	-1
9	30645	-1
15	22065	-1
22	1524	-1
41	23539	-1
1	23130	-1
11	26799	-1
10	3278	-1
9	23846	-1
12	21223	-1
37	10334	-1
29	20509	-1
46	13279	-1
40	28720	1
44	4568	-1
43	21752	1
28	13220	-1
17	10793	1
43	16330	-1
6	24089	-1
30	1883	-1
1	13979	-1
49	30935	1
16	1417	-1
2	9608	-1
20	18269	-1
48	7551	1
43	23971	1
16	18425	1
12	12641	-1
24	9123	-1
23	23190	-1
9	20382	-1
17	20187	-1
14	5976	1
43	29799	1
46	1346	1
49	941	-1
29	16853	-1
20	24406	1
33	9471	-1
47	27380	1
29	12912	-1
21	25720	-1
43	28164	1
28	11367	1
47	10008	-1
5	24315	-1
15	20823	-1
4	679	-1
13	2788	-1
45	11849	1
46	12815	-1
46	14024	-1
32	9292	-1
42	11764	-1
29	30601	-1
24	15690	-1
15	19894	-1
43	10042	1
40	21227	1
48	11990	1
18	11566	-1
9	10939	-1
5	5384	-1
40	12384	-1
12	3098	-1
48	2985	1
8	5203	-1
18	17194	1
11	11037	-1
12	4584	-1
28	3303	1
32	16581	-1
35	15744	-1
39	7344	-1
41	18866	-1
42	5856	1
6	15548	1
24	17344	-1
33	12641	-1
1	18021	1
28	390	1
25	29356	-1
28	5801	-1
24	8617	-1
8	16519	1
49	22625	-1
8	30125	1
43	28163	1
35	26188	-1
42	7942	-1
21	14992	1
9	15517	-1
34	23123	-1
21	205	1
31	26928	-1
16	11618	-1
7	16135	1
6	28936	1
1	9585	1
46	29762	1
46	19639	1
9	7013	-1
16	26867	-1
2	6030	-1
44	20702	1
36	7286	-1
13	5466	1
12	9488	-1
49	3727	-1
1	3908	1
1	11646	-1
18	2035	1
20	27269	1
42	29804	1
12	23991	-1
29	3509	1
47	10223	-1
25	5465	-1
3	20381	-1
48	5784	1
11	10413	-1
36	18151	1
1	8162	1
44	23492	1
9	2820	1
25	15981	-1
34	18133	-1
1	7951	-1
19	29864	1
33	11628	-1
31	22184	-1
28	27411	1
10	250	-1
10	14756	1
28	8298	-1
8	14606	-1
46	18109	1
19	15477	-1
43	14080	1
13	10188	1
35	7943	-1
21	14089	1
43	11866	1
36	1300	1
6	15806	1
14	27194	1
5	29788	1
44	16488	1
4	30264	1
49	8971	1
16	11552	1
6	20778	1
14	14642	-1
7	26509	1
4	13515	1
4	18694	1
17	23876	-1
48	13289	1
35	8113	1
7	19300	1
17	27948	-1
28	9979	1
29	16932	-1
9	656	-1
48	13200	1
24	2463	-1
27	2701	-1
4	12514	1
40	30519	1
31	17633	-1
16	11818	1
36	23931	-1
46	20343	1
6	26645	-1
1	13225	-1
42	6644	1
46	9063	1
5	25724	1
44	1363	1
16	14955	1
3	6502	-1
48	20380	1
1	7604	-1
47	5486	-1
32	10915	1
17	1516	1
21	17096	-1
43	30467	1
9	8120	1
17	12050	1
26	27435	1
43	28579	1
19	7929	-1
22	25904	-1
31	28890	-1
23	7863	-1
29	5559	1
46	10555	1
39	14144	1
48	15544	1
17	30019	1
10	4996	-1
43	24368	1
8	7127	1
5	9122	1
4	29223	-1
18	3348	1
38	25980	1
6	24850	1
21	13448	1
48	22422	1
10	30272	-1
15	21746	-1
6	20506	1
24	15598	-1
8	20621	1
23	15799	1
16	20171	1
16	7700	-1
42	17795	-1
23	29937	-1
37	15029	-1
19	20238	-1
21	15633	-1
46	16793	1
43	5901	1
1	21249	1
7	7158	-1
41	26562	-1
12	6325	-1
18	7793	-1
39	13839	-1
37	2749	-1
32	12545	-1
46	27969	1
46	17835	1
40	18647	1
42	8828	1
8	27793	1
41	12264	-1
14	24513	1
44	1509	1
44	22636	1
5	28956	1
13	15967	1
23	25617	-1
35	11022	-1
28	2801	1
34	21378	-1
0	28916	-1
24	7685	-1
8	21532	1
13	29146	-1
4	6525	-1
10	30097	1
6	21759	1
1	17182	-1
9	28668	1
42	22916	1
45	25132	1
43	3065	1
45	23501	1
7	10882	1
16	26088	-1
0	17885	-1
43	9686	1
40	11875	1
12	30576	-1
43	29513	1
43	7694	-1
36	13795	1
24	19428	-1
43	20146	1
6	2722	1
22	20122	-1
4	2042	1
48	7721	1
21	6027	1
44	21838	-1
42	7337	1
18	16751	-1
30	19970	-1
1	30897	-1
25	3356	1
10	17535	1
6	2996	1
30	7236	1
17	23557	1
3	7346	-1
4	15552	1
13	22380	1
14	21731	-1
45	13281	-1
18	18712	1
29	6898	-1
38	7008	-1
41	13717	1
6	22021	1
21	16529	-1
13	15754	1
1	16187	1
45	23114	-1
45	12072	-1
17	5218	1
42	2979	-1
10	28823	1
1	1215	-1
33	943	-1
11	8825	-1
6	16576	1
43	21975	1
16	11102	-1
9	10833	-1
39	29332	-1
49	18839	1
28	21488	1
8	3172	1
44	18814	1
9	15603	1
26	15928	-1
17	17812	-1
1	20352	1
48	26987	1
2	21405	-1
48	11208	1
36	9013	-1
22	11116	-1
48	30493	1
46	3321	-1
45	27678	1
4	1322	-1
46	17005	1
30	6513	-1
5	6958	1
21	1985	-1
1	7441	1
18	10686	-1
8	26535	1
41	29758	-1
10	27416	-1
0	14369	1
41	19552	-1
10	1927	-1
46	5394	1
42	14603	1
6	14503	1
21	17539	-1
33	7474	-1
48	26831	1
40	27431	1
27	13931	-1
8	29289	-1
27	15298	-1
24	934	-1
20	18848	1
11	5372	-1
25	17759	-1
14	7865	-1
47	4887	-1
36	10684	1
31	28973	-1
43	20355	1
41	30111	-1
23	23806	1
3	7906	-1
41	17602	-1
27	8095	-1
13	7426	1
29	6965	1
15	22166	-1
18	5372	-1
40	15	1
43	23201	1
34	810	-1
23	20304	1
0	19963	-1
28	5407	1
40	21057	-1
42	7052	-1
21	12062	-1
6	5993	1
15	18439	-1
13	25066	1
36	24127	-1
28	20774	1
41	18460	-1
20	11361	-1
9	1319	1
39	23570	-1
27	21416	-1
13	20840	1
6	9433	1
13	28103	1
28	658	-1
10	3	-1
45	22051	1
43	21692	1
14	18632	-1
10	18316	1
40	20346	1
16	24570	-1
31	16739	-1
4	18469	1
48	12711	1
16	21584	1
18	22391	1
33	26408	-1
13	5948	1
13	25864	1
10	18371	1
16	3985	-1
10	11038	1
39	5617	-1
18	30553	1
13	9301	1
20	8041	-1
39	12122	-1
36	8268	-1
33	20820	-1
43	20020	1
4	6378	-1
42	17108	1
9	22170	1
13	14588	1
36	18137	1
10	12513	-1
48	8064	-1
26	16654	-1
9	5697	-1
12	24248	-1
47	20088	1
49	10459	1
6	30383	-1
40	24625	1
48	11976	1
48	28740	1
9	23644	-1
16	5233	-1
45	25219	-1
4	25874	-1
8	13716	1
46	11989	-1
40	25049	1
43	18505	1
35	17152	-1
46	11865	-1
46	1457	1
6	17072	1
26	26407	-1
38	2763	-1
45	29873	-1
37	20623	1
8	17663	1
5	6724	1
1	13598	-1
24	23021	-1
32	14516	1
40	23342	1
27	6226	1
28	25672	1
46	8022	-1
11	2448	-1
6	21792	1
47	8483	-1
25	1329	1
3	2125	-1
14	10810	-1
13	4085	1
48	20173	-1
4	5932	-1
31	28070	-1
0	20446	1
14	524	-1
13	13853	1
32	2906	-1
1	8526	-1
42	8888	1
6	13747	1
6	29796	1
44	19304	1
4	5329	1
48	16073	1
44	7044	1
28	1375	1
43	11439	1
32	24626	1
14	22993	-1
39	28626	-1
4	9592	1
8	25668	1
42	23278	1
27	21332	-1
20	16065	1
4	8301	-1
0	11251	-1
1	13886	-1
43	18364	1
36	20304	1
29	8489	-1
40	26143	1
23	22872	1
25	28514	1
23	5769	1
6	22365	1
46	3594	1
1	6282	1
13	19676	1
38	25083	-1
48	29253	1
19	12023	1
42	8087	-1
9	11672	-1
46	6707	1
30	20961	1
6	19723	1
43	29919	1
33	21946	-1
4	19616	-1
8	4796	1
40	19026	1
23	8020	1
26	17998	-1
42	7440	1
40	17217	1
8	5800	1
15	5727	1
48	17672	1
13	8221	-1
19	17862	-1
3	8316	-1
8	1633	1
3	6461	1
39	5740	1
49	5361	1
23	11743	1
17	16299	1
29	30593	-1
29	10803	-1
8	9630	-1
20	24166	1
45	3355	-1
49	27952	1
31	28875	-1
11	5104	-1
17	10787	-1
7	16338	-1
2	30311	-1
22	17531	-1
0	7692	1
21	1837	1
36	21693	-1
5	14725	-1
7	14564	1
43	15961	1
38	23857	-1
27	25760	-1
32	17944	1
5	19384	1
26	19169	-1
43	6315	1
29	20887	-1
45	23731	1
5	30964	1
30	4933	1
38	19642	-1
24	1219	-1
6	29884	-1
49	7426	-1
20	10000	-1
8	9856	-1
48	30632	-1
23	6059	1
36	2963	1
16	10846	-1
19	13199	-1
6	28104	1
44	4220	-1
4	25746	-1
39	9882	1
5	30050	1
38	9105	-1
5	30342	1
35	27820	1
23	21440	1
40	15829	-1
47	23537	-1
17	19668	-1
42	27691	1
25	4008	-1
9	19133	1
23	837	-1
27	29613	1
12	25205	-1
49	1630	1
49	21087	-1
44	1200	-1
30	6498	-1
23	24703	1
28	26386	-1
9	13149	1
3	12346	-1
28	6371	1
16	13859	1
48	11700	1
44	4808	1
44	26496	-1
42	14050	1
1	19718	-1
10	22587	-1
6	2145	1
12	3748	-1
43	8217	1
21	393	-1
0	2918	1
0	19244	-1
13	9832	-1
46	1509	1
47	22594	-1
13	1292	-1
13	9398	1
12	30465	1
2	20955	-1
0	3903	1
6	1951	1
45	9919	-1
42	334	1
8	5994	1
17	10459	1
40	14612	1
31	5147	-1
30	24130	1
4	29802	1
48	6577	1
6	25883	1
48	10863	1
12	13142	-1
21	17941	1
47	15713	-1
17	6679	1
20	30407	-1
21	25582	1
30	1481	-1
6	6932	1
43	12862	1
8	16320	1
28	26909	1
18	19657	-1
35	20580	-1
6	13978	1
48	12959	1
1	15088	1
46	27103	1
36	28535	-1
9	6602	-1
13	5220	1
20	20069	-1
46	11153	1
16	28168	1
45	11954	1
8	8070	-1
1	12075	-1
4	5218	-1
9	12065	1
47	24937	-1
23	12805	-1
12	19233	-1
6	18566	1
34	3901	-1
11	25046	-1
39	3819	-1
38	7101	1
40	9008	1
22	20448	-1
25	17378	1
44	15928	1
36	9585	1
43	27003	1
39	16627	-1
44	30856	1
28	6823	-1
27	21304	-1
41	4904	-1
24	24307	-1
10	3551	-1
16	19405	1
43	17576	1
0	10187	1
22	27078	-1
43	18336	1
17	23542	-1
43	19265	1
46	14356	-1
17	19028	1
16	23865	1
48	18611	-1
7	13755	-1
30	18048	1
45	5292	1
17	8976	-1
37	22172	-1
42	12202	1
0	6794	1
5	24704	1
27	3230	1
35	24197	-1
8	18143	1
17	25990	-1
40	30467	1
8	21336	1
6	9113	1
32	6530	1
6	22670	1
42	7375	-1
48	11195	1
4	20141	-1
8	14232	1
28	5136	-1
13	25794	1
41	12	-1
25	4208	-1
13	10951	1
0	2198	-1
47	23092	1
23	13239	-1
8	24977	1
29	22799	-1
48	8189	1
4	7725	1
41	28492	-1
9	15860	-1
40	7476	-1
42	4446	1
48	25272	1
7	21497	1
12	19723	-1
38	14226	-1
0	13710	-1
23	29735	-1
46	12084	-1
35	348	1
1	24033	1
42	2848	-1
2	10659	-1
14	9047	1
45	14068	1
38	15847	-1
6	26247	1
35	26540	-1
34	26671	-1
12	568	1
4	10420	-1
29	20581	-1
30	24886	-1
46	27688	1
40	12972	1
47	8972	1
10	1305	1
48	18018	1
8	7554	1
17	13848	1
31	12745	1
25	25953	-1
16	3578	1
6	13926	-1
22	22214	-1
23	18050	-1
43	17793	1
13	11275	1
13	21361	1
25	13400	1
7	30525	1
9	8345	-1
48	15805	1
8	21875	1
4	13915	1
48	29500	1
4	270	1
37	6462	-1
45	12812	1
42	29399	1
29	27240	-1
45	8979	1
35	18364	-1
25	6435	-1
49	357	-1
18	17800	1
37	24439	-1
15	27032	-1
20	22626	-1
23	18382	1
10	11446	1
44	8350	-1
7	9087	1
48	6961	1
1	22025	1
8	21983	1
14	13916	-1
21	21424	1
7	2819	-1
35	4947	-1
47	18964	-1
6	21974	1
40	21861	1
29	11084	-1
8	7997	-1
18	2277	1
38	3648	-1
44	11930	-1
11	13575	-1
17	3114	-1
13	14226	-1
16	31001	1
4	5226	-1
42	2261	1
8	22191	1
6	25540	1
16	23958	-1
24	12478	-1
46	29285	-1
6	12708	1
45	19542	-1
28	18697	1
28	11914	-1
13	27091	1
45	28812	-1
37	12303	1
2	22922	-1
44	26804	-1
6	152	1
15	18932	-1
4	18836	1
35	16145	-1
7	28641	1
7	27374	1
45	24421	1
40	6788	1
44	20802	1
5	6501	1
13	21863	1
16	23040	1
8	13338	1
36	29697	1
3	1353	-1
3	9100	-1
1	26103	1
39	19267	1
5	24776	-1
37	1517	-1
43	14388	1
16	9690	1
26	12494	-1
46	1171	1
17	16943	-1
20	27519	1
8	1717	-1
13	28338	1
4	18359	1
35	1353	-1
25	29833	1
18	17666	1
29	22673	-1
0	17450	-1
3	21083	-1
18	11104	1
39	24234	-1
43	17867	1
44	23448	-1
8	24043	1
0	24278	-1
28	20005	1
17	8978	-1
0	24575	1
28	9649	1
37	1675	1
41	793	-1
28	19270	1
40	22249	-1
46	12831	1
8	27981	-1
8	11973	1
40	16117	1
4	20544	1
47	4650	-1
13	5450	1
42	17760	1
29	17907	1
11	1286	-1
13	29612	-1
48	15993	1
13	1126	1
4	21185	1
40	21858	1
4	11110	-1
9	11104	-1
33	24212	-1
46	29272	1
8	3403	1
44	21298	1
8	16106	1
19	4607	-1
45	177	1
6	24565	1
49	16223	-1
43	25377	1
42	6238	-1
39	30027	-1
8	18436	-1
17	17989	1
46	9677	1
43	6994	1
38	1238	-1
40	14465	1
5	2014	-1
34	4898	-1
5	24995	1
12	27299	1
43	3625	1
17	2077	1
42	15451	-1
38	328	-1
2	8071	-1
18	12603	-1
43	6304	-1
45	22577	1
28	14722	-1
45	10153	-1
18	6745	1
42	12654	1
8	4795	-1
48	27597	1
7	29336	-1
18	5062	-1
8	1471	-1
14	18943	1
36	10787	-1
31	16732	-1
28	9836	-1
11	15622	-1
34	13991	1
13	8581	-1
46	9497	1
27	18367	1
23	20837	1
16	23183	-1
18	1003	1
9	13175	-1
1	26638	1
8	23238	1
42	20763	1
8	1742	1
43	4192	1
33	26073	-1
14	19122	-1
7	5904	-1
15	3577	-1
7	2773	1
31	26783	-1
22	26528	-1
13	15268	1
34	16729	1
12	23337	-1
37	12906	1
43	3735	1
48	24456	1
13	27903	1
35	8905	-1
15	6657	-1
13	26993	1
29	29590	-1
46	11571	1
48	17711	1
36	4681	-1
44	2958	-1
8	22640	-1
42	12339	1
13	6782	-1
9	22191	1
30	9708	-1
8	12010	1
13	6689	1
13	18018	-1
42	7352	1
8	3770	-1
2	7818	-1
13	25719	-1
6	29971	1
48	13666	1
26	13899	-1
14	29748	1
35	3622	-1
11	28855	-1
2	24434	-1
46	11973	1
23	15803	1
38	927	-1
13	20609	1
43	1422	1
21	16319	-1
35	5845	1
32	2819	1
4	11633	1
33	10188	-1
40	16952	1
44	28147	-1
10	15816	-1
45	29121	1
48	21443	1
40	16241	1
3	17796	-1
15	25513	1
46	2827	-1
43	23526	1
27	26894	-1
46	4271	1
5	8224	-1
10	10082	-1
23	28094	1
13	14432	1
6	8763	1
22	6713	-1
48	26639	1
13	25513	1
44	15444	1
31	7805	-1
11	26045	-1
20	1578	-1
1	16066	1
30	28336	-1
46	5856	-1
42	11993	1
17	21280	1
14	27907	-1
28	29373	1
23	13944	1
9	10093	-1
40	13166	1
30	23941	1
1	30443	1
46	18472	1
25	4919	-1
27	18442	-1
42	6124	-1
10	17527	1
8	9092	-1
28	6197	1
14	29315	1
46	30456	1
39	15290	1
19	12692	-1
14	10636	-1
40	26167	1
6	18845	-1
11	14915	-1
1	22082	-1
4	24131	1
30	3792	-1
27	27781	-1
36	26684	-1
34	19824	-1
35	1113	-1
35	17492	-1
46	14929	-1
23	21840	1
41	30912	-1
45	30033	1
8	15658	1
48	15105	1
5	9232	1
46	18771	1
12	29179	-1
21	26137	-1
8	31020	1
3	15198	-1
4	11102	1
36	1428	-1
46	9944	-1
2	4989	-1
39	14488	1
5	3426	-1
28	11353	1
6	15681	1
32	22625	-1
7	16819	-1
36	1093	-1
39	14324	-1
21	26999	1
26	1943	-1
30	2580	-1
6	21643	-1
36	30963	1
46	9465	1
42	12003	1
10	7903	-1
10	19996	-1
42	18181	-1
1	18146	-1
18	12452	-1
25	30567	-1
37	1872	-1
34	19184	-1
9	27531	1
46	770	1
17	27027	1
7	12629	-1
22	1150	-1
44	20569	-1
28	4921	1
37	29697	1
46	6362	1
43	15758	1
24	9145	-1
0	16658	1
20	11472	-1
38	10836	-1
48	5572	-1
4	30364	1
39	12473	-1
30	15732	-1
8	13527	-1
34	14699	1
40	27764	1
27	12613	1
49	18727	-1
48	29936	1
1	29163	-1
12	27653	-1
19	8836	1
23	19325	1
21	11451	-1
49	28756	1
5	16183	-1
40	22835	1
2	3905	1
32	1205	-1
43	7572	1
43	30893	1
12	16815	-1
12	14583	-1
38	11632	-1
13	12845	1
27	27497	-1
44	17847	-1
4	5906	1
30	29392	-1
21	9177	-1
32	14157	-1
41	17941	-1
5	26083	-1
39	19042	-1
37	15896	-1
9	22702	-1
48	25540	1
34	4605	-1
46	15815	1
6	29248	-1
4	23807	-1
24	22822	-1
15	14906	1
40	22850	1
15	11068	1
10	22321	-1
36	27197	1
4	2153	1
20	20122	-1
1	7531	-1
48	10138	1
20	11262	1
32	8077	1
14	11305	-1
16	22934	1
26	22012	-1
21	3579	-1
0	14559	1
43	7808	1
19	17534	-1
18	4391	1
25	4448	-1
5	18958	1
24	5095	-1
46	5441	-1
1	12864	-1
47	15513	-1
13	4051	1
44	15861	-1
4	26035	1
9	23220	-1
42	26011	-1
23	4988	1
48	29787	-1
9	30147	-1
20	23244	-1
13	25431	1
36	14150	-1
46	1453	1
27	28861	-1
10	754	1
27	6384	1
15	21139	-1
39	26372	-1
43	2510	1
30	12480	-1
23	15776	-1
43	30063	1
35	27380	-1
18	850	1
4	6989	1
47	26846	1
42	17863	1
3	2366	-1
7	7723	1
34	22844	-1
3	27050	-1
17	23339	1
46	536	1
24	12697	-1
6	22441	1
15	9284	-1
6	18655	-1
35	17147	1
39	21492	-1
3	19133	-1
48	16535	1
23	12203	-1
5	19166	1
7	26709	1
23	18538	1
48	16143	1
9	6530	1
21	4610	-1
13	568	1
42	13125	-1
28	28597	1
49	11140	-1
44	3721	-1
28	24117	-1
44	8001	-1
29	6030	-1
25	1912	-1
43	11308	1
1	531	-1
45	28193	-1
8	3092	1
23	11641	1
18	19821	1
25	178	-1
29	2175	-1
43	24929	1
13	29838	-1
7	3911	-1
8	19132	-1
26	27777	-1
42	22687	-1
10	957	-1
20	17155	1
26	27354	-1
21	13159	-1
26	26279	1
16	24897	-1
19	5079	-1
17	13986	1
10	16023	1
12	14321	-1
43	3143	1
40	30248	1
18	29912	1
0	4140	-1
27	13985	-1
15	1103	-1
29	19082	1
47	22664	1
23	24805	-1
40	11575	-1
48	5339	1
2	5021	-1
46	9040	1
48	21912	1
47	13613	-1
36	28732	-1
0	5625	1
44	551	-1
44	4012	1
5	13251	-1
15	22433	-1
3	15245	1
42	8579	1
37	17443	-1
39	16948	1
23	7452	1
46	8455	1
6	17027	1
42	6167	1
19	25671	-1
30	24844	-1
15	19721	-1
8	24033	1
1	3301	-1
23	25128	1
24	25356	-1
37	26770	-1
12	20486	-1
34	29976	-1
23	9107	-1
8	7767	1
42	15569	1
21	13078	1
31	30260	-1
14	2333	1
0	18563	1
8	12222	1
17	10541	-1
13	8964	1
0	24232	-1
3	12817	-1
1	26159	-1
5	29312	-1
48	17037	1
46	2193	1
32	7560	-1
32	11138	1
10	16285	-1
28	12078	-1
39	22170	1
21	3596	1
11	27771	-1
20	19084	1
46	3551	1
38	18287	1
18	27508	1
28	7358	1
8	16117	1
5	16806	1
28	3347	1
13	20236	-1
17	30653	-1
32	3883	-1
39	30870	-1
38	1758	1
43	8518	1
42	26451	1
19	27118	-1
10	9906	1
14	8908	-1
46	21138	-1
17	11561	-1
2	4344	-1
42	397	1
27	13014	-1
16	14770	1
36	28125	1
10	27492	1
18	18980	-1
38	30251	-1
40	11982	1
22	27542	-1
27	17086	-1
31	10521	-1
35	24170	1
46	13286	1
42	13907	1
13	25173	1
23	26368	-1
23	15034	1
17	8623	-1
23	8286	1
29	27934	1
14	9027	-1
4	2819	-1
15	14476	1
42	29963	1
5	25951	-1
43	2080	1
47	10207	1
10	8625	1
29	27982	-1
40	17851	1
14	28288	1
3	22641	-1
3	4965	-1
42	8216	1
7	14610	-1
8	25812	1
44	25104	-1
46	20404	1
4	16865	1
9	9609	1
3	13473	-1
16	16197	1
44	11828	1
43	23951	1
9	22750	1
28	23761	-1
47	31064	-1
4	7334	1
42	18043	1
42	15464	-1
6	28535	1
48	11258	1
20	18458	-1
23	17307	1
10	18691	1
40	6735	1
24	7004	-1
26	21584	-1
47	21961	-1
33	23732	-1
46	17115	1
19	2446	-1
9	25319	1
37	29689	-1
6	9964	-1
10	16820	-1
9	23303	1
27	2512	-1
44	8775	1
3	79	-1
27	16900	-1
47	17072	-1
39	18596	1
32	23712	-1
13	12470	-1
16	19931	1
38	22903	1
48	11657	1
45	119	-1
43	6811	1
37	14478	-1
7	25598	-1
29	8608	-1
44	5401	1
19	5932	-1
44	3045	-1
18	24514	1
13	13580	1
15	15983	-1
27	9231	-1
41	9934	1
43	21038	-1
27	5602	-1
42	26368	1
44	1346	1
13	6199	-1
36	3124	1
41	7976	-1
48	4464	1
31	23401	-1
5	17618	1
26	20002	-1
0	2580	-1
36	15072	1
1	20031	-1
46	8466	1
37	3607	-1
23	27197	1
46	17626	1
46	29047	1
26	30700	-1
40	24075	1
43	2560	1
36	17195	1
48	28466	1
40	10049	1
13	11673	1
33	25609	-1
8	30478	1
7	7222	-1
42	26121	-1
18	24402	-1
8	13676	1
45	23039	-1
21	7693	1
16	8716	1
24	11337	-1
37	5024	-1
36	14814	-1
29	30281	-1
8	5095	-1
46	15954	1
13	23637	1
20	17789	-1
34	4240	-1
28	20439	1
16	27981	1
7	25933	1
48	18199	1
36	24832	-1
48	29224	1
28	12891	-1
16	19873	-1
43	21231	1
3	10999	-1
17	24207	1
23	27040	1
13	13120	1
14	23823	-1
40	11913	1
43	5731	1
8	20454	1
45	28192	-1
43	13646	-1
12	10514	-1
8	17122	1
43	19091	1
32	27491	-1
47	15059	-1
30	4027	-1
11	1306	-1
23	7499	-1
43	12875	1
16	21053	1
43	28831	1
38	25270	-1
21	15635	-1
35	13499	1
17	6259	1
14	17613	1
4	611	1
0	4924	-1
23	8007	-1
11	17582	-1
9	4586	1
27	11368	-1
14	814	-1
43	12567	1
35	26296	-1
47	27525	-1
11	3358	-1
4	3302	1
14	4172	1
8	15576	1
24	10745	-1
28	18193	-1
13	21171	1
1	16733	-1
7	10293	1
12	18727	-1
40	3097	-1
11	4570	-1
44	4647	1
14	20696	1
25	24879	-1
21	14353	-1
4	20925	1
48	19500	1
32	17550	-1
48	21780	1
5	26747	-1
38	11303	1
8	3238	-1
8	14240	1
8	3320	-1
5	16926	1
48	12304	-1
37	17700	-1
37	7935	-1
34	2470	1
21	1356	1
11	25555	-1
29	994	1
28	7637	1
5	9577	-1
48	4879	1
4	7379	1
6	23313	-1
46	11025	1
0	9184	1
46	15622	1
31	30597	-1
36	14589	1
5	26478	-1
30	13185	1
35	8591	1
23	12312	-1
14	16689	1
11	27599	-1
37	13506	1
9	3390	1
32	12822	-1
29	22749	1
21	27433	-1
43	8811	-1
18	26867	1
6	29991	-1
18	3420	1
4	13777	-1
5	5305	1
9	22479	-1
43	29146	-1
46	24949	1
10	20570	1
2	21177	1
21	10884	1
41	26659	-1
13	27332	1
10	7969	1
37	8970	1
48	23824	1
23	19710	-1
13	23608	1
22	3374	-1
15	29853	-1
8	28389	1
21	21630	-1
11	1194	-1
3	19951	-1
31	10396	-1
2	25504	-1
48	12139	1
40	1167	1
45	27099	1
37	16288	-1
8	23684	1
42	24184	1
8	24575	-1
0	30055	-1
23	26099	-1
13	27702	1
44	22872	-1
26	30665	-1
30	12637	1
38	21742	-1
24	29587	-1
46	8374	-1
2	209	-1
43	29998	1
8	25320	1
6	30703	1
43	19977	1
40	30753	1
38	25012	1
28	26710	1
46	14638	-1
46	14597	1
27	25932	-1
43	29114	-1
28	27581	1
1	13215	1
17	6743	1
27	23960	1
15	25256	1
16	27660	-1
44	29588	-1
43	26190	1
11	4105	-1
8	18365	-1
11	16602	-1
3	8372	1
8	12357	1
24	13492	-1
40	4314	1
22	11949	-1
43	8410	-1
24	7908	-1
22	25215	-1
42	14254	1
48	14341	1
44	24421	1
1	19770	-1
32	26399	1
49	2618	-1
35	3987	1
26	2595	1
13	16168	-1
12	13010	1
8	14666	1
45	15757	1
1	9985	1
38	9620	-1
38	12517	-1
1	30158	1
4	4529	1
23	11600	1
9	7647	-1
24	3148	-1
13	15929	-1
13	21423	-1
46	13449	1
34	14285	-1
33	7286	1
45	28362	-1
43	14075	1
42	21814	-1
46	14622	1
8	10952	1
32	1352	1
43	21162	1
28	14567	-1
16	17302	-1
44	3285	1
28	9523	1
32	27263	1
42	2278	1
44	676	-1
42	25018	-1
36	14011	-1
33	10749	-1
23	12660	1
28	25404	-1
2	282	-1
8	19055	-1
6	14590	-1
43	13181	1
38	18373	-1
40	23193	1
22	6292	-1
41	19497	1
21	12145	1
28	22746	1
22	29505	-1
41	13046	-1
48	340	-1
10	21650	-1
37	25908	-1
48	5813	-1
18	2299	1
43	12604	-1
28	12704	-1
16	24259	-1
5	18173	-1
10	23597	-1
44	29411	1
49	30232	1
10	10657	-1
8	28310	-1
18	9706	-1
4	27001	1
40	14299	-1
28	6548	1
11	18978	-1
15	14914	1
46	13659	1
0	28493	-1
26	28322	-1
25	12770	-1
14	22052	-1
16	27500	-1
12	29688	-1
40	25887	1
10	24586	1
6	29044	-1
13	26224	1
43	15565	1
35	1512	1
33	20649	-1
7	10599	1
23	18408	-1
22	24215	-1
46	14946	1
35	114	1
5	23375	-1
12	4191	-1
46	19075	1
6	27515	1
43	3810	1
27	16310	-1
40	2756	1
13	19168	1
9	24971	1
37	4558	-1
40	3491	-1
49	10283	-1
40	3567	1
35	15486	1
49	10148	1
3	27022	-1
48	14190	-1
28	28631	1
32	17010	1
17	30940	-1
9	22240	-1
12	7788	-1
46	29847	-1
6	17824	-1
32	7120	1
49	7264	-1
11	12247	-1
19	24744	-1
8	10843	1
22	30493	-1
8	1895	1
13	25747	-1
24	7959	-1
8	3940	1
23	11863	1
43	21848	1
4	25110	1
0	23758	1
7	9184	-1
42	21712	1
47	22393	-1
12	1150	-1
43	19068	1
6	2509	1
11	13404	-1
28	22661	-1
23	14062	1
1	17104	-1
42	2223	1
42	18497	-1
8	20731	1
9	15051	-1
45	419	-1
8	24385	1
6	6786	-1
14	4002	1
43	9981	1
27	3255	-1
24	12149	-1
11	20880	-1
37	14102	-1
16	21347	1
0	13023	1
2	6963	-1
16	16265	1
14	25727	-1
38	15675	-1
43	3757	1
45	1196	-1
23	9969	1
10	5831	-1
31	7233	-1
8	14195	1
28	10412	1
48	28838	-1
40	23946	1
6	13469	1
7	14920	1
13	15703	1
5	10500	1
24	11873	-1
46	17557	1
13	3336	1
45	22605	-1
42	22252	1
22	25909	-1
26	22048	1
13	20975	1
35	20596	1
38	11814	-1
30	24724	-1
43	14584	1
49	15504	1
12	14390	-1
45	23910	-1
8	8035	1
4	29663	1
44	25542	-1
31	4324	-1
9	2382	1
43	18189	1
42	22786	1
46	312	-1
11	904	-1
21	20288	-1
43	15225	1
21	22480	-1
45	20014	-1
47	329	-1
5	26326	-1
16	4552	1
13	4134	-1
22	21913	-1
8	14592	-1
18	4872	-1
48	5208	1
46	26981	1
4	18603	1
44	20220	-1
13	13830	1
14	12834	1
9	27122	-1
46	10897	1
45	29123	1
30	1087	1
30	4313	1
13	16073	1
19	23788	-1
28	24361	-1
44	4257	-1
40	12759	1
44	2241	-1
8	12327	-1
19	25968	-1
41	25547	1
12	12880	-1
25	28287	1
28	13925	1
8	26987	1
7	17427	-1
1	9191	1
48	6360	-1
2	13290	-1
18	12980	-1
35	23995	-1
11	9225	-1
13	13763	1
28	16290	-1
48	5817	1
18	11411	-1
13	3430	1
8	27147	1
13	26616	1
32	21883	1
3	807	-1
13	21479	1
23	4285	1
0	820	1
14	11886	1
46	11577	1
13	13696	-1
4	732	1
38	11649	-1
48	5259	1
8	25558	-1
17	20764	-1
46	31054	-1
36	29025	-1
45	17733	-1
20	1018	1
30	7136	-1
8	28904	1
46	23091	-1
14	22285	1
5	30810	1
48	16953	-1
31	6874	1
30	14870	-1
19	9633	-1
40	16891	1
0	16512	1
34	26574	-1
43	5756	1
2	29882	-1
8	12467	1
23	16432	-1
13	13218	-1
16	3749	-1
38	23550	-1
18	28563	1
0	4507	-1
46	6031	1
8	16249	1
44	4841	1
34	26102	1
48	855	1
47	21740	-1
0	22766	1
8	2186	1
39	14284	-1
10	17796	1
49	30555	-1
9	5690	1
8	3655	1
6	23831	1
4	20522	1
8	9979	1
19	2525	-1
6	14293	1
8	14651	1
36	19902	1
18	17685	1
2	26273	-1
9	6700	-1
10	8058	-1
41	24681	1
32	1169	-1
24	3251	-1
18	2102	-1
18	10339	1
43	23809	1
29	23650	-1
5	21055	-1
4	14645	1
40	25425	1
10	20153	-1
23	7707	-1
30	7690	-1
20	10998	-1
43	11893	1
13	23610	-1
35	1339	1
3	9044	-1
8	13117	1
22	23709	-1
42	5515	1
26	25568	-1
37	21955	-1
14	21437	1
27	9850	-1
4	29251	1
39	20514	-1
13	16867	1
49	5771	1
18	23059	-1
11	25447	-1
6	18022	1
26	4295	-1
47	29906	-1
4	21890	-1
4	22556	1
18	6868	1
30	22695	-1
39	3170	1
29	21606	-1
19	28942	-1
48	20133	1
42	24737	1
16	25782	1
5	21563	1
27	15353	-1
48	23097	-1
8	6320	-1
48	24179	-1
30	5156	1
28	12859	-1
22	5127	1
12	2158	1
7	30698	1
16	29708	-1
8	15826	1
13	28122	-1
21	15786	1
30	21298	1
14	18835	-1
36	66	-1
15	21177	1
36	5868	-1
16	7868	-1
23	17108	-1
9	15744	1
9	3595	1
43	2681	1
26	367	-1
15	24180	-1
23	28227	1
4	22319	1
27	5887	1
14	7416	1
13	8761	-1
16	24591	1
46	9266	1
35	29495	1
28	6990	1
29	20372	-1
28	17611	1
6	5607	1
21	20396	1
5	23336	-1
23	24074	1
46	23758	1
12	26835	-1
5	11515	-1
48	3809	1
30	22952	1
48	2671	1
1	22076	1
32	5208	1
21	15283	-1
42	26436	-1
2	11001	-1
31	20956	-1
9	30722	1
48	20845	1
6	5474	1
0	2606	1
13	19084	1
2	23402	-1
43	27108	1
34	8851	-1
29	27656	1
48	27226	1
41	26787	1
25	24920	-1
47	7699	-1
44	25697	-1
13	25461	1
38	9812	-1
10	1173	1
43	28971	1
40	22944	-1
17	23154	1
13	27394	1
11	20023	-1
16	9987	1
28	16281	-1
20	25216	-1
28	1028	1
48	13987	1
43	23535	1
40	5827	-1
34	30155	-1
14	24073	-1
42	14858	1
16	24476	1
42	7621	-1
1	30064	-1
18	14137	1
0	22834	-1
17	10495	-1
0	23447	-1
13	13980	1
9	2602	-1
4	26905	1
2	12349	-1
6	28055	1
45	12797	1
21	19797	1
1	8771	-1
4	25855	1
17	13830	-1
35	22641	-1
48	21396	1
8	4233	1
9	21003	-1
49	24482	-1
30	1587	-1
42	24633	1
32	3866	-1
13	7534	-1
25	8707	-1
17	5769	1
24	10555	-1
43	5267	1
13	12349	1
42	19613	1
21	13633	-1
19	10674	-1
35	2601	1
36	26304	-1
48	1511	1
18	19312	1
9	19086	-1
40	18554	1
45	16206	1
26	20697	1
42	14244	1
5	17445	1
9	10432	-1
16	18440	-1
35	29256	-1
31	29758	-1
39	18413	-1
22	1204	-1
49	14910	-1
21	12475	-1
2	20136	-1
17	20721	-1
6	18278	-1
34	4125	1
16	27854	-1
34	7992	-1
6	30061	1
38	24358	1
2	29357	-1
5	13020	1
1	29350	1
46	3963	1
39	19887	-1
4	23189	1
42	31044	1
13	116	-1
20	24999	-1
32	10859	-1
21	9277	1
30	10596	-1
23	28912	1
29	1998	-1
43	13182	1
40	16713	-1
42	957	-1
13	13582	1
36	6093	1
49	16245	1
33	20574	-1
43	19313	1
46	4966	-1
13	7206	1
16	13107	1
6	5396	1
5	6743	1
43	3106	1
8	5696	1
12	23761	-1
0	29842	1
21	30536	-1
0	26753	1
37	4418	-1
25	16504	-1
31	20381	-1
30	29876	-1
48	20706	-1
43	30309	1
36	23892	1
4	10158	-1
21	21164	-1
44	29061	1
48	23417	1
47	716	-1
18	14612	1
40	25794	1
46	1517	1
23	16701	1
37	12090	1
40	20600	1
39	17779	-1
18	18531	-1
40	10915	1
49	24536	-1
21	11528	-1
48	10982	1
27	29447	-1
31	9601	-1
26	2250	-1
4	12	1
13	17196	-1
9	30199	1
40	27068	1
25	7381	-1
1	16364	1
33	4918	-1
42	5849	1
40	14894	1
40	25241	1
21	7470	-1
8	6008	1
23	30797	1
17	4640	1
34	14396	-1
6	7274	1
49	5493	-1
7	10928	1
8	7544	-1
3	29928	1
13	13175	1
10	8681	1
48	28009	1
6	15992	1
9	23705	-1
6	9463	-1
42	2447	1
6	19521	1
31	12049	1
31	6264	-1
13	9399	1
8	19306	1
42	21500	1
43	28027	1
6	16913	1
38	3054	-1
43	30795	1
13	14507	1
49	20211	1
7	30473	1
7	19942	1
23	22247	1
28	20762	1
28	20661	1
20	22050	-1
46	16236	1
42	30242	-1
4	25101	1
23	977	-1
8	6898	1
38	22884	1
11	9676	-1
26	29320	-1
8	9865	1
14	1653	-1
0	4944	-1
6	9453	1
48	17318	1
38	28367	-1
22	17784	-1
13	5914	1
24	7504	-1
17	21757	1
6	18669	-1
43	31080	1
18	24399	1
19	11347	-1
16	13111	-1
10	17159	-1
19	24644	-1
17	18087	-1
35	25836	1
28	2416	-1
1	25366	-1
43	17994	-1
19	31080	-1
20	22227	-1
48	29308	1
5	7908	-1
40	28367	1
8	2046	1
25	27186	-1
3	14363	-1
34	27898	-1
4	7041	-1
7	3263	1
43	17341	1
7	12440	1
11	10425	-1
30	12149	1
44	2919	-1
46	10642	-1
1	28872	-1
15	30514	-1
14	16709	-1
40	11960	1
30	11395	-1
15	1937	1
30	22307	-1
46	21537	1
8	4198	1
36	28090	-1
1	10093	-1
48	1972	1
40	2538	1
12	23896	-1
42	8592	1
42	19130	1
15	11019	-1
1	29303	1
10	22475	1
6	27898	1
33	21657	-1
45	4515	-1
9	9142	1
30	28835	-1
48	3875	1
46	4003	1
11	21681	-1
40	27348	1
46	25530	1
8	10150	-1
5	19378	-1
44	6705	1
37	7353	-1
43	9389	1
4	11227	-1
21	18756	-1
44	15819	1
23	14534	1
40	3253	1
30	13886	1
18	3654	-1
36	4689	1
19	3106	-1
8	30745	1
14	26245	-1
22	4764	1
42	21823	-1
16	28430	1
13	23237	-1
24	27228	-1
3	21906	-1
23	13248	1
45	9527	-1
46	4958	-1
47	24395	-1
37	24641	1
44	8771	1
47	26105	-1
12	27393	-1
43	12388	1
4	20361	1
4	1139	-1
48	29723	1
41	3868	-1
25	8429	-1
0	1009	1
40	12464	1
30	7622	-1
27	22907	-1
27	12988	-1
4	23630	-1
10	29185	1
32	17519	-1
46	29543	1
42	17503	-1
37	18904	-1
26	13369	-1
11	11278	-1
46	19466	1
38	5947	-1
24	30210	-1
17	26571	1
40	24177	1
29	7920	-1
10	4092	1
19	24766	-1
36	27005	-1
15	20450	-1
31	26844	-1
46	21362	1
21	18947	-1
36	16357	1
5	4513	1
0	18166	-1
43	19098	1
38	10938	-1
5	379	1
6	29835	1
45	10270	-1
2	9686	-1
43	5890	-1
5	5408	-1
15	3324	-1
17	17712	-1
18	27599	1
46	2527	1
11	1961	-1
43	24701	-1
35	13330	-1
6	27574	1
33	2464	-1
8	16540	1
4	15904	1
3	27856	-1
4	14531	1
48	14802	1
26	2583	-1
16	16449	1
1	29867	1
22	29838	-1
16	26758	-1
35	30288	-1
43	16419	1
16	28775	1
39	10161	1
49	1760	-1
46	4842	1
37	236	-1
26	27298	-1
36	15381	-1
37	3804	1
47	29148	1
40	13332	-1
10	29913	1
44	22343	-1
49	20196	1
25	29038	1
49	26994	-1
47	15190	-1
5	27018	1
47	10582	-1
22	2950	-1
35	25029	1
5	7318	1
0	27918	1
26	12881	-1
40	8423	1
20	10244	-1
18	14392	-1
10	4454	1
13	26730	1
24	11366	-1
23	1902	1
32	22776	-1
19	20088	-1
8	11557	1
48	13111	1
43	17180	1
30	19772	-1
19	13599	-1
8	18239	1
13	19302	1
48	1524	-1
10	9493	1
26	3643	1
43	4311	1
15	12070	-1
22	27732	-1
32	12602	1
23	5112	1
3	23400	-1
10	7877	-1
27	29220	-1
41	17955	-1
48	28396	1
23	11800	1
43	24480	-1
48	28310	1
24	19899	-1
35	17597	-1
3	10975	-1
45	8009	-1
44	12529	-1
10	14940	-1
38	5281	-1
23	11415	1
47	30623	-1
48	21416	-1
7	25593	-1
8	27361	1
48	12703	1
43	21095	1
1	7220	-1
28	22158	1
6	7017	1
43	16039	1
7	8753	-1
18	18534	1
22	23165	-1
48	570	1
46	3175	1
16	5575	1
31	4218	1
49	14755	1
49	14666	-1
16	25432	1
16	2649	1
0	30393	-1
45	18922	-1
28	23526	1
44	15146	1
47	8645	1
38	29769	-1
2	6859	1
21	12963	-1
48	21172	1
7	2171	1
33	28581	-1
2	30756	-1
10	24204	-1
37	12978	-1
41	30086	-1
10	10760	1
38	17919	-1
47	6023	1
46	15823	-1
27	23557	-1
10	9156	-1
8	19285	1
10	538	-1
43	6321	1
40	17241	-1
12	25938	-1
13	10099	-1
6	16453	1
4	17188	-1
39	5101	1
28	6390	-1
27	1120	1
46	29060	1
39	26058	-1
17	9275	1
4	12030	-1
23	16315	1
8	11507	-1
32	10857	1
46	6787	1
22	20331	-1
13	26779	1
42	28465	-1
1	13661	-1
39	16084	1
46	21628	1
37	16339	-1
4	29644	1
3	21356	-1
46	27908	1
5	4406	-1
48	11339	1
1	20291	-1
47	9074	-1
18	46	-1
21	25426	1
48	8807	1
46	18620	1
37	22422	1
48	15087	1
12	13502	-1
28	25252	-1
43	22129	1
32	30078	-1
46	26947	1
45	12501	-1
43	20446	1
31	30435	-1
4	14288	1
40	17043	-1
0	22743	-1
5	13775	1
45	18057	-1
19	20126	-1
35	13497	-1
43	20731	1
16	2807	-1
22	11131	-1
0	18010	1
42	12533	-1
3	24140	-1
4	1455	-1
49	28227	1
47	3450	-1
45	15415	-1
7	22881	1
26	20303	-1
36	25987	-1
19	22108	-1
18	263	1
19	17938	-1
1	26564	1
39	25811	1
8	28630	-1
37	6811	1
15	21293	1
36	3720	1
16	9328	-1
1	29393	1
14	14316	-1
30	18879	-1
1	6802	1
16	3124	-1
27	30010	-1
49	10844	-1
8	29331	1
29	10297	-1
4	18361	-1
9	3007	-1
13	16049	-1
4	24801	1
27	24865	-1
39	6460	1
21	5205	1
33	7479	-1
44	15088	-1
42	6733	-1
4	23138	-1
12	16455	1
10	16238	-1
47	2326	-1
48	7474	1
33	20355	1
20	15911	-1
28	7366	1
28	21602	-1
6	18287	1
20	20528	-1
4	17024	-1
44	17356	1
38	15285	-1
2	4696	-1
38	7277	-1
46	12	1
13	22360	1
39	3423	1
39	30592	-1
37	4173	1
34	11223	-1
14	7506	-1
13	12041	-1
31	4364	1
10	22012	-1
15	9306	1
22	22371	-1
35	28559	1
6	24625	1
37	9620	1
7	17267	1
43	8954	1
43	22664	1
37	17786	1
48	6753	1
20	28836	-1
43	22442	1
0	2581	1
29	10179	-1
0	2748	-1
47	14601	-1
12	29796	-1
6	29852	1
5	13374	-1
43	9883	1
35	30244	1
48	10221	1
4	3487	1
7	29579	1
28	29626	-1
46	3151	1
42	23027	-1
42	28282	1
0	14136	-1
42	29453	-1
11	7825	-1
41	19455	1
13	3044	-1
18	25610	1
10	28984	-1
5	30669	-1
8	23867	1
46	8735	1
23	2077	1
8	15108	1
35	6220	1
17	18108	1
40	14338	1
39	12669	-1
0	7787	-1
9	25212	-1
7	8343	1
1	2921	1
0	12666	1
2	18662	1
16	28020	-1
48	8702	1
17	3755	1
45	10820	-1
44	10102	-1
23	15001	1
7	22944	1
5	3871	1
46	29267	1
29	24757	1
46	1901	1
12	19469	-1
40	26212	1
41	6473	-1
45	18269	1
24	11529	-1
16	23397	1
45	25536	1
10	30747	-1
30	3719	1
6	10736	1
14	20950	-1
46	24333	1
39	29102	-1
38	14572	-1
22	269	-1
16	13722	-1
21	19441	1
23	11268	1
1	19509	1
23	21698	-1
19	10431	-1
17	29520	-1
7	2936	-1
27	24188	-1
0	26916	1
40	2213	1
14	2741	1
33	7773	-1
48	23977	1
36	23902	-1
34	23441	-1
8	19229	1
48	20409	1
23	20936	-1
5	2945	-1
24	28267	-1
8	19629	1
6	663	-1
46	18105	1
29	24376	1
33	4433	-1
43	7385	-1
23	16384	1
43	16672	-1
11	24574	-1
30	18973	1
2	1401	1
30	1814	1
32	22717	1
46	18893	1
43	16958	-1
31	17135	1
45	10864	-1
29	1256	-1
46	20615	-1
30	3631	1
39	22200	1
33	465	-1
44	19866	1
9	22180	-1
49	15864	-1
15	25099	-1
36	92	-1
28	1706	-1
45	5920	-1
34	352	1
11	528	-1
46	28284	1
47	2915	-1
43	10157	1
16	8597	1
23	11879	-1
30	4727	-1
28	28190	1
3	10028	1
21	21259	1
12	15318	-1
43	15028	1
20	12178	-1
45	1729	1
32	19714	1
30	19422	1
42	6750	1
8	8703	1
3	18496	-1
41	1750	1
30	28480	1
7	27284	-1
37	14670	-1
0	3782	-1
48	20477	1
18	6353	1
16	23790	-1
39	3912	-1
20	23437	-1
36	20097	-1
32	20804	-1
44	17345	1
36	11712	-1
4	4659	1
43	12453	1
23	22310	1
15	30638	-1
8	8243	1
16	18761	1
21	8717	-1
35	25007	1
7	1842	-1
43	24354	-1
2	4848	1
37	4646	-1
16	27157	-1
40	19959	1
40	12211	1
49	14710	-1
3	8605	-1
13	10780	1
4	16276	1
40	28349	1
34	15257	-1
40	10047	1
0	11240	1
21	1675	1
4	4374	1
30	14383	-1
6	2629	-1
8	8080	1
4	11380	1
36	23484	-1
48	13802	1
18	18189	-1
44	2064	-1
16	6967	1
46	8704	1
43	3993	1
6	7535	1
40	2608	-1
43	16418	-1
48	26306	1
29	5371	1
43	3254	1
40	8187	1
41	13811	-1
17	6941	-1
49	25258	-1
2	20605	-1
10	9212	1
42	11953	1
48	6182	-1
23	5847	1
46	14654	1
3	12562	1
7	18422	1
13	4690	1
16	25214	-1
34	4392	1
31	367	-1
3	12549	-1
9	24988	1
40	20363	1
46	23944	1
28	17564	-1
37	24168	-1
9	4509	1
40	19115	1
33	24471	-1
45	2597	-1
36	5132	1
8	4020	-1
26	17490	-1
16	3722	-1
43	23412	1
12	7829	-1
21	27955	-1
35	16803	-1
43	27544	1
38	969	-1
8	22337	1
23	17465	1
9	26968	1
35	12956	1
16	10388	1
16	3234	-1
28	23907	1
27	18497	-1
36	113	-1
8	20284	1
18	30343	-1
6	26406	1
2	702	-1
7	16022	-1
24	24174	-1
41	25643	-1
21	6109	-1
19	25394	-1
40	16382	1
46	16575	-1
18	5201	-1
45	19698	-1
49	10959	-1
44	12715	1
23	9091	-1
45	12057	1
43	24305	1
44	24293	-1
46	24746	1
36	27712	1
42	9801	1
5	26989	-1
44	29696	1
24	19223	-1
4	602	1
4	1464	-1
43	20450	1
5	29871	-1
19	7915	-1
37	19458	1
43	19759	1
49	10451	-1
7	17209	1
29	27296	1
33	1692	-1
46	25070	1
43	25998	1
44	27093	1
4	27199	1
28	16710	1
39	3533	-1
43	15810	1
1	22392	-1
1	3032	-1
23	5972	1
1	26754	-1
43	11938	1
2	28802	-1
43	30604	1
26	11945	-1
13	910	1
12	17498	-1
42	28328	1
39	23695	-1
26	1653	-1
17	14357	1
6	26466	-1
8	26930	1
11	23249	-1
15	24344	-1
4	29876	1
28	18398	1
37	27321	-1
6	18120	1
43	18879	1
32	28430	1
49	4946	-1
17	26796	-1
34	13725	1
37	8496	-1
6	3067	1
17	11157	-1
14	29858	1
6	27774	-1
13	20462	1
8	5498	1
25	18205	-1
24	18406	-1
27	9642	-1
4	26959	1
49	3098	1
42	27865	-1
3	15129	-1
27	15408	-1
48	4380	-1
6	715	1
40	6490	-1
31	18006	-1
23	30776	-1
9	23897	1
30	25047	-1
23	14257	-1
13	14414	1
25	21913	1
14	14943	-1
10	12133	-1
14	2681	1
28	5462	-1
39	28388	1
28	25153	1
46	3624	1
14	5247	-1
8	18163	-1
27	19359	-1
46	19641	1
41	19814	1
8	23183	1
24	13948	-1
26	1087	1
24	1026	-1
23	28109	-1
43	19576	1
44	9677	1
45	10291	1
30	23141	-1
23	21968	1
6	5471	1
30	19400	-1
46	26084	1
39	24561	-1
28	26	1
42	7081	-1
42	2338	1
43	12214	1
17	9194	1
42	22338	1
44	20994	1
19	9296	1
38	24094	-1
32	3838	-1
46	17087	1
15	3083	-1
4	5656	1
49	17037	-1
36	7398	-1
45	18531	1
46	4130	1
46	5836	1
13	2144	1
28	29064	1
42	19048	1
42	7402	1
11	28599	-1
42	1081	1
6	19259	1
8	29551	1
35	981	1
4	1510	1
9	2815	-1
33	25231	-1
4	195	1
45	13962	-1
18	1094	-1
43	25088	1
10	29090	1
4	18540	-1
10	17960	1
5	12607	-1
42	14222	1
39	2165	1
4	8029	1
19	10807	-1
40	18468	-1
35	2881	-1
38	1948	-1
10	21428	1
26	21627	-1
17	15519	1
35	9424	1
47	18387	1
40	19084	1
26	23815	-1
17	19045	-1
16	20866	-1
0	20717	1
21	16559	-1
4	8109	-1
8	368	1
40	26754	-1
40	29364	-1
4	352	1
30	24792	1
46	10749	-1
23	26927	1
38	3686	1
18	23101	1
30	21692	-1
46	11660	1
35	7975	-1
10	26590	1
16	23239	1
23	19012	1
13	30560	1
7	20207	1
0	19848	-1
43	16310	-1
8	5785	1
48	25447	1
31	17404	-1
48	1394	1
17	28175	-1
40	3158	-1
48	25674	1
43	4077	1
19	4806	-1
42	16016	1
25	29289	-1
4	4353	-1
8	9425	1
37	5614	-1
19	18610	-1
44	12075	1
21	25438	-1
38	18483	1
18	14601	-1
20	5778	-1
19	8771	-1
42	14719	1
44	8733	-1
36	2539	-1
34	25524	-1
0	1014	-1
15	9622	1
8	3812	-1
4	21850	1
25	10810	1
45	21371	1
23	28777	1
2	8279	-1
15	21392	-1
4	28172	-1
21	30173	1
9	10663	1
40	29486	1
39	2044	1
29	20768	-1
13	29966	1
43	30009	1
1	20775	-1
28	14077	1
43	663	-1
42	20453	1
0	4885	-1
47	40	1
34	1182	1
28	20621	1
46	27251	1
12	22248	-1
27	15879	-1
10	24772	1
26	10313	-1
43	1490	1
7	23575	-1
1	7341	1
10	18222	-1
32	21568	-1
49	17784	-1
16	7006	1
31	5395	1
3	10507	-1
28	10086	1
21	21391	-1
47	23192	-1
13	3694	1
35	30113	-1
43	915	1
42	9808	1
9	5	-1
40	6186	1
45	10760	-1
4	793	1
20	16377	-1
13	3711	1
47	18147	-1
8	16259	1
34	7888	-1
17	14351	-1
37	5266	1
2	12672	-1
35	9809	1
45	24502	1
18	235	-1
42	15324	1
32	5782	-1
5	23915	-1
34	10282	-1
32	16610	-1
6	2318	1
4	4446	1
38	6583	-1
31	16011	-1
35	13961	-1
19	3671	-1
48	23609	1
28	28389	-1
38	2715	-1
9	21488	1
28	27039	-1
41	24895	-1
39	23991	1
38	23489	-1
24	15373	1
48	23325	-1
29	4474	-1
40	8504	1
5	2909	1
8	4638	1
38	508	-1
4	29781	-1
44	10215	-1
45	15576	-1
46	19560	1
49	17159	-1
18	18724	-1
43	8322	1
41	20909	1
22	6976	-1
12	22050	-1
12	2256	-1
45	27991	-1
32	25394	-1
39	24257	1
5	21818	1
3	4753	1
43	15448	1
24	15477	-1
30	26129	-1
13	21235	1
11	25222	-1
42	4859	1
45	25647	1
40	22205	1
48	17558	1
23	11677	1
6	24709	1
15	3817	-1
44	12505	1
46	222	-1
8	5876	1
12	27962	-1
4	4537	-1
31	21725	-1
8	17391	1
48	29367	-1
24	19664	1
23	29530	1
7	18910	-1
17	7328	1
15	22313	-1
16	19161	1
49	27190	-1
37	22544	-1
3	31063	-1
10	15363	-1
40	12333	1
27	4492	1
1	12478	1
30	25264	1
48	15415	1
13	25703	1
47	10691	-1
13	6573	1
7	15353	-1
6	5654	1
48	3635	1
46	26394	-1
30	14654	-1
12	4762	-1
42	30617	-1
4	23771	1
18	28084	-1
14	24446	1
8	28737	1
16	21120	1
40	3691	1
33	16854	-1
33	9047	-1
23	13431	-1
38	19879	1
39	25597	-1
18	28302	1
3	8802	-1
46	1365	1
48	28258	1
36	30232	1
4	11639	1
3	20327	-1
22	8764	-1
19	7150	-1
40	26550	1
15	6093	-1
17	30434	-1
10	14009	1
46	28293	1
13	2869	1
5	11280	1
35	21492	-1
13	29377	1
49	9191	1
21	10751	-1
43	11959	1
7	1465	1
16	7827	1
45	5865	1
31	14614	-1
3	3467	-1
26	300	-1
39	2660	1
32	27992	-1
16	30258	-1
8	17766	-1
46	7911	1
28	18386	1
16	9971	1
31	2554	-1
23	1488	-1
40	10776	1
46	18241	1
36	30321	1
34	11410	1
26	17715	-1
28	10103	1
21	23777	1
49	9657	-1
22	25006	-1
23	12880	-1
43	25805	1
41	8797	-1
46	3523	1
35	5831	-1
8	5642	-1
45	22996	1
42	21487	-1
8	3818	1
43	12899	1
46	30823	-1
35	14831	1
5	2882	-1
42	3638	1
12	4504	-1
15	12464	-1
4	21849	1
13	3364	1
35	17390	-1
43	6469	1
11	15646	-1
16	9447	1
12	18140	-1
6	8072	1
32	21336	-1
8	26091	1
4	20727	1
32	9801	1
7	13357	-1
43	26244	1
48	17813	-1
7	15528	1
8	4015	1
41	3124	-1
27	6254	-1
32	945	-1
45	19022	-1
20	30347	-1
43	11916	-1
46	17235	-1
46	28199	1
20	12254	-1
4	13164	1
6	28752	1
42	16257	-1
39	2830	-1
27	17179	-1
41	9131	-1
17	10346	-1
13	15993	-1
44	1087	1
18	5696	-1
31	22750	-1
6	13027	-1
27	10029	-1
44	10847	-1
6	13866	1
17	7182	1
21	5435	-1
9	20414	1
48	4430	1
13	6208	1
28	24713	-1
40	21315	1
13	7783	-1
43	29044	1
10	20558	1
12	23063	-1
35	12027	-1
10	24328	-1
33	20214	1
13	6836	1
23	29976	1
49	7200	1
35	26651	-1
43	24352	1
5	29643	-1
4	28159	1
28	2716	1
43	21444	1
43	21222	1
6	15775	-1
40	19060	1
8	28527	-1
36	27010	1
21	10612	-1
17	13323	1
18	27076	1
40	24325	1
13	14338	1
42	12115	-1
8	14104	-1
39	26836	1
40	15176	1
4	28604	-1
16	30849	1
0	14998	-1
13	3864	1
39	1127	-1
24	1963	-1
10	27848	1
40	12291	-1
28	27042	-1
4	12831	1
38	25993	-1
0	29920	-1
24	4100	-1
7	455	1
42	17139	-1
39	25221	1
42	29413	1
20	4469	1
9	9816	-1
46	24929	1
40	4723	-1
43	22726	1
2	9923	1
13	11599	1
46	28345	1
34	7193	1
47	17107	-1
40	11558	1
33	18499	-1
41	5915	-1
2	14367	-1
4	7128	1
30	21104	1
46	5586	1
15	28064	-1
36	19006	1
37	14556	1
7	26526	1
48	27410	-1
4	10061	1
23	23898	-1
48	279	1
17	15520	-1
47	4432	-1
15	27108	-1
33	1142	-1
43	9743	1
2	20426	-1
13	16614	-1
11	23576	-1
23	24643	1
38	12202	-1
40	28257	1
39	20715	1
13	2282	1
13	7248	-1
16	17280	-1
35	6621	1
13	8125	1
29	23793	-1
10	12844	1
23	9777	1
23	5982	1
10	12954	-1
7	4628	1
47	27240	-1
30	23476	-1
39	21753	-1
46	576	1
29	26911	-1
32	7720	1
39	3502	1
43	457	1
0	31080	-1
36	23753	-1
12	25756	-1
31	25855	-1
10	26574	1
38	18192	-1
25	8390	-1
18	6071	1
15	29547	1
19	22423	-1
46	15950	1
21	29741	-1
18	20130	1
48	6514	1
6	22098	1
9	11242	1
25	23454	-1
7	11560	1
35	24739	-1
32	14368	1
4	10126	-1
38	25230	-1
19	6103	-1
13	9657	-1
5	27832	-1
1	15993	-1
48	12501	1
9	23881	-1
44	16983	1
18	9586	-1
42	13896	-1
48	21463	-1
15	17993	-1
48	27316	1
43	26592	-1
17	28800	1
25	23045	-1
41	8945	-1
13	1359	1
12	13824	-1
42	12430	1
5	17236	1
43	21355	1
8	9623	1
30	30920	1
42	23332	1
16	15242	1
7	27344	1
13	11214	1
43	29990	-1
36	24703	1
13	14319	1
13	23860	-1
21	31050	1
46	751	1
17	17741	-1
5	16646	-1
24	18231	-1
26	4256	-1
46	8210	1
18	21962	-1
21	3397	1
4	24816	1
29	22072	-1
31	194	-1
44	28513	-1
7	17295	1
0	14174	1
46	5391	1
20	7376	-1
46	3288	1
40	7369	1
29	7521	-1
13	31017	1
45	24809	-1
20	19114	1
19	166	-1
8	9388	-1
13	6070	-1
5	11248	-1
18	2262	-1
46	2523	-1
48	22684	1
3	13271	-1
2	10533	-1
15	10783	1
14	14407	-1
42	22051	1
46	4577	1
46	14043	1
39	825	1
46	27602	1
13	3412	1
47	17066	-1
48	15131	1
38	4430	-1
17	8404	-1
23	8113	1
36	20681	1
34	19217	-1
2	25688	-1
18	11357	1
2	11620	-1
10	17826	-1
43	22799	1
12	14331	-1
42	6806	1
40	9584	1
3	22232	-1
25	4610	1
37	19170	-1
21	30627	-1
20	645	-1
49	10839	-1
30	1990	1
37	20260	-1
35	14414	-1
43	7940	1
40	25822	1
8	19711	1
4	11294	-1
34	30810	-1
35	28777	1
9	9108	-1
4	16240	1
8	10754	-1
46	2995	-1
13	20704	-1
16	8662	-1
29	21331	-1
29	16727	-1
42	15329	1
21	20880	1
6	25066	1
12	5781	-1
11	26834	-1
30	6005	-1
0	15027	1
7	13321	1
28	17133	1
45	16766	-1
34	27670	-1
23	29127	1
46	4042	1
11	30177	-1
17	29580	1
13	11374	-1
46	8468	1
14	15298	1
17	21545	1
40	25331	1
36	15338	1
27	13281	-1
39	23158	1
34	20847	-1
15	17242	-1
35	9543	1
42	9953	-1
35	21545	1
40	12598	-1
30	21746	-1
37	27623	-1
18	24026	1
23	13743	1
28	24126	1
43	11735	1
18	12967	1
30	23069	1
8	2901	1
48	30139	1
9	29452	1
24	13795	-1
20	7991	1
48	15582	1
30	18056	1
35	12171	-1
15	21694	-1
15	18414	-1
23	30660	-1
20	6972	-1
22	4857	-1
1	15733	-1
37	26875	1
44	24547	-1
6	11637	1
0	12303	1
7	30158	-1
29	18991	1
34	22007	-1
28	19300	-1
17	22040	-1
41	4038	-1
7	21580	-1
24	26531	-1
35	11135	1
4	16947	1
32	6768	-1
32	882	1
17	24157	-1
8	20216	1
15	3887	1
9	5475	-1
48	23052	1
22	21016	-1
13	23408	1
6	7539	-1
47	19395	1
48	25696	1
6	1887	1
45	21996	-1
48	21845	-1
48	19270	-1
43	14654	1
6	6505	1
15	29749	1
35	22859	1
48	22756	-1
0	6883	1
15	11506	-1
45	28584	-1
37	3046	1
20	30690	-1
8	1035	1
42	5862	1
36	19047	1
21	16462	1
35	28497	-1
28	28621	-1
37	6352	-1
7	6696	-1
29	9296	1
48	7593	1
22	25829	-1
4	29137	1
43	13692	1
10	18086	1
30	935	1
28	17548	1
17	7399	1
41	105	-1
5	22362	1
45	1568	-1
46	28428	-1
9	19249	1
43	26903	-1
21	25851	1
27	7656	1
32	10626	1
46	19042	-1
17	17571	1
30	557	-1
4	27446	1
17	21645	1
48	27246	-1
42	10965	1
49	14092	-1
12	3325	-1
1	21356	-1
25	18264	-1
35	20313	1
18	16779	-1
4	30980	-1
47	22005	-1
36	28131	-1
15	2914	-1
13	28211	1
12	12394	-1
18	16172	1
9	14584	1
36	3575	-1
4	6944	1
11	29864	-1
17	2712	1
45	8343	-1
23	24167	1
18	17206	1
8	26469	-1
0	25864	-1
17	5211	1
29	4644	-1
42	19864	1
27	17177	-1
23	4868	-1
16	16851	1
19	159	-1
26	28917	-1
10	7794	-1
7	27851	1
14	5642	-1
13	188	1
31	13959	1
42	13920	1
42	30219	1
47	29227	-1
4	745	-1
46	16729	-1
28	6574	-1
21	12912	-1
43	4275	1
3	14757	-1
22	22578	-1
13	17408	1
43	6090	1
44	19423	1
34	8986	1
27	9220	-1
6	2413	-1
34	28900	1
10	29004	1
37	19279	1
29	1973	-1
13	28957	1
43	17649	1
13	14671	1
23	16177	-1
48	4355	1
48	25132	1
46	29030	1
47	13476	1
18	21424	1
8	4511	1
16	7145	-1
16	8186	1
45	18732	-1
21	23850	-1
38	20786	1
43	8897	-1
38	16780	-1
48	25606	1
9	14930	-1
43	23196	1
15	19753	-1
43	4635	1
30	22584	-1
26	24568	-1
23	21645	1
43	4398	1
21	403	-1
21	19937	-1
42	24796	1
25	5545	-1
22	2225	-1
28	20487	1
36	8287	-1
24	23203	-1
36	19975	1
42	16662	1
28	6073	1
43	25967	1
44	246	-1
4	3622	1
28	17434	-1
29	23960	-1
39	1526	-1
23	3195	1
34	11432	-1
26	3793	1
18	7505	-1
13	23208	1
17	24942	-1
36	18923	-1
46	15157	1
46	18534	1
22	23246	-1
43	20721	-1
43	21160	1
27	25103	1
1	2563	-1
43	9179	1
1	24824	-1
40	840	1
22	2829	-1
48	1862	1
40	23331	1
36	15097	-1
41	6590	-1
7	1721	-1
6	18552	1
13	15384	1
17	28938	1
3	15744	-1
42	2573	-1
17	28212	1
15	17661	-1
46	6297	1
8	30565	1
32	15116	-1
23	3063	1
42	14065	1
43	16400	1
46	11657	1
8	6935	1
0	7048	1
17	4163	1
6	21593	1
33	27699	-1
5	26779	1
44	15869	-1
48	25078	1
22	2729	-1
46	25769	-1
4	5124	1
5	9250	-1
27	26033	1
26	28728	1
28	3460	-1
30	19388	1
4	26820	-1
4	13219	-1
1	13707	1
36	5908	-1
42	28903	1
1	16952	-1
19	6287	-1
7	9166	1
22	2510	-1
46	1842	1
34	12682	-1
17	20196	1
43	18156	1
43	12056	1
8	25579	-1
41	23716	1
43	8371	1
10	24179	-1
23	18987	1
48	18131	1
35	6993	-1
42	31003	1
0	15868	1
27	14147	-1
2	22615	-1
35	21283	-1
35	7269	-1
48	19458	1
30	14881	1
31	6249	-1
23	67	-1
13	3836	1
43	13168	1
4	27336	1
25	17954	1
49	16852	-1
48	4650	1
5	30301	1
46	215	-1
13	911	1
13	19231	1
49	20502	-1
1	25959	1
14	9621	1
31	16588	1
19	22178	-1
43	23802	1
0	16112	1
26	31064	-1
4	28534	1
23	6727	-1
37	17243	1
6	5835	-1
4	2162	1
23	4109	-1
7	21093	-1
46	22151	1
2	29419	-1
48	29925	1
34	3297	-1
5	29163	1
29	23333	-1
13	10411	1
39	1051	-1
7	2027	-1
30	22492	-1
28	17781	1
40	11262	1
13	6983	1
8	18684	1
40	28503	-1
31	25393	-1
27	14457	-1
9	1132	1
46	554	1
25	15942	1
47	25978	-1
46	14040	1
48	7769	1
48	7540	1
25	27342	-1
8	26796	-1
32	18699	1
0	14654	-1
28	22021	-1
36	25766	1
15	29141	-1
30	2706	1
8	30472	-1
48	5732	1
41	4905	-1
25	17143	-1
4	4223	1
36	3397	-1
43	5352	1
46	28573	1
46	24730	1
34	11071	-1
39	3953	-1
45	14566	-1
48	487	1
27	14763	-1
16	20855	-1
46	15324	1
44	5984	-1
18	260	1
48	25638	1
7	21188	-1
39	22351	-1
13	6038	1
14	19058	-1
0	14078	-1
13	13919	1
39	5531	1
0	8095	1
10	27034	-1
13	6336	1
37	21453	1
30	15012	-1
28	10411	1
45	24200	1
25	18254	-1
18	11685	1
35	11030	-1
10	16754	1
5	28614	1
43	19470	1
42	23385	-1
26	2309	-1
40	7462	1
8	19477	-1
47	5806	1
47	28024	1
34	30478	-1
44	22683	-1
23	23189	-1
42	2562	1
48	6443	1
36	30899	-1
15	1068	-1
39	20694	-1
12	698	-1
29	30445	-1
34	6008	-1
13	4827	1
20	16944	-1
38	18453	1
34	8372	1
19	19942	-1
16	9595	-1
13	11683	1
45	471	1
48	27719	1
8	18354	1
46	17964	1
17	5509	-1
16	26200	1
47	9513	-1
43	12014	1
17	257	-1
6	15639	1
35	28449	1
46	30704	1
30	9295	1
19	5681	-1
28	12190	1
41	19889	-1
39	5852	1
4	28929	-1
5	12377	-1
6	9138	1
36	14688	-1
48	12768	1
39	5004	-1
6	22439	1
38	8121	-1
44	17208	-1
16	16076	1
4	27400	-1
41	11965	1
4	15707	-1
29	22626	-1
27	15045	1
40	27301	1
46	16125	1
40	11358	1
1	28218	1
6	30376	-1
26	11212	1
16	15876	-1
34	28894	-1
8	21644	-1
31	3160	-1
44	11594	-1
34	24395	-1
3	734	-1
20	16631	-1
6	25600	1
25	29531	-1
20	27246	-1
48	8423	1
9	15535	-1
40	10567	-1
44	1479	1
17	16341	1
34	22485	-1
48	10584	1
24	26616	-1
48	3585	1
15	17241	1
6	20775	-1
15	51	-1
1	11731	-1
4	23548	-1
17	23665	-1
24	25557	-1
46	10999	1
18	18672	1
14	14679	-1
8	25000	-1
48	1627	1
27	1058	-1
12	9127	-1
11	21946	-1
19	4800	-1
33	14637	-1
48	27113	1
5	27416	1
33	14715	-1
8	9634	1
4	18950	1
8	11474	1
48	5023	1
8	11606	-1
43	12008	1
9	5566	-1
34	4091	1
21	4606	-1
9	21044	-1
13	15459	-1
8	2268	-1
11	18265	-1
28	10155	1
15	27955	-1
35	1042	1
8	19222	1
46	313	-1
49	7587	1
35	5769	1
1	10626	-1
37	25461	-1
6	6720	-1
21	11914	-1
23	5664	1
47	12672	-1
16	2634	-1
8	7437	1
4	2955	1
7	17801	1
12	19796	-1
26	11079	-1
43	17851	1
46	9206	1
6	10728	1
40	16073	1
47	5817	1
1	14197	1
13	14556	1
29	20703	1
32	6681	-1
4	6116	1
13	14577	1
6	16522	1
18	20645	1
45	15964	1
46	22383	1
19	9554	-1
6	20590	1
13	9896	1
6	18114	-1
10	16255	1
49	15967	1
20	17013	-1
44	18394	1
15	4953	-1
30	5780	-1
29	14000	1
32	14083	-1
48	29855	1
48	27712	1
43	24166	1
25	22159	-1
21	30616	-1
26	13843	-1
43	16014	1
13	27160	-1
43	14121	1
41	27349	-1
48	5735	1
25	10039	1
5	10830	1
14	11577	-1
43	18824	-1
29	5705	-1
48	626	1
48	6787	1
7	5039	1
44	8755	1
41	20102	-1
46	26972	1
42	23450	1
16	6419	1
21	10556	-1
32	11982	-1
29	15388	-1
16	14788	1
23	25771	1
12	27961	-1
17	21405	-1
43	2207	1
20	25854	-1
43	14344	1
42	15953	1
40	11287	1
34	30415	-1
8	1877	1
14	18580	-1
28	8909	-1
43	12540	1
43	5153	-1
28	12330	-1
16	4372	1
13	22946	1
10	8791	1
10	2317	-1
8	7021	1
19	13647	-1
7	2842	1
12	28375	-1
30	18740	-1
0	26135	1
48	27909	1
33	12209	-1
18	17561	1
15	12642	1
8	19318	-1
1	30269	-1
26	3390	-1
4	18860	1
18	10397	1
34	10414	-1
22	4237	-1
39	4576	1
43	5163	1
2	23748	-1
25	2962	-1
16	29325	1
18	7269	-1
48	1595	-1
34	15283	1
43	23708	1
26	7196	-1
7	1265	1
21	10146	-1
6	18283	1
17	11737	-1
38	5217	1
18	4815	-1
5	2246	-1
17	28790	1
4	13894	1
8	9968	1
24	4789	-1
32	2468	1
36	26754	-1
44	9297	-1
14	19053	1
44	3001	1
43	26500	1
32	18323	1
0	2921	1
40	22638	1
21	29288	1
34	1645	-1
28	14638	1
5	19456	-1
14	22956	-1
8	22679	-1
48	3188	1
43	2214	1
44	21004	1
44	17809	1
16	18859	1
22	18895	-1
35	25577	-1
46	2994	-1
31	22619	-1
47	30586	-1
20	2970	1
36	26826	-1
7	1619	1
9	8376	-1
47	13517	-1
43	2758	1
43	3910	1
18	26273	1
2	21387	-1
16	13911	-1
9	21696	-1
28	22226	-1
4	5880	1
29	473	-1
43	13629	1
43	15823	1
44	27748	1
4	29270	1
0	15597	-1
48	22891	1
12	22652	-1
17	2886	-1
29	6817	-1
42	22903	-1
12	27696	1
3	29441	1
47	19429	-1
27	4225	1
23	30346	1
6	16890	-1
29	18288	-1
7	7684	1
22	5182	-1
8	14055	1
10	14066	-1
43	28639	1
48	6308	-1
9	8096	-1
27	14823	-1
37	10908	1
48	4410	1
13	29125	1
43	14216	1
25	5955	1
13	18356	1
44	15665	1
47	18732	-1
14	6419	-1
5	7548	1
1	11450	1
48	30778	-1
13	25541	1
34	101	1
46	18840	1
48	11323	1
5	5372	1
47	11447	-1
40	16742	1
26	16151	-1
32	18168	-1
43	24025	1
12	215	-1
35	7167	1
22	17418	1
40	13588	1
27	20690	1
48	13785	1
12	6997	1
40	5526	-1
32	3562	-1
31	17344	1
16	17341	-1
18	22756	-1
29	28994	-1
46	15703	-1
29	21477	1
4	23332	1
43	551	1
5	18477	1
46	13575	-1
14	26017	-1
19	20298	-1
32	7250	-1
13	19945	-1
43	9097	1
28	3824	1
47	30242	-1
28	16903	-1
27	24244	-1
0	14134	-1
13	21294	1
19	34	1
42	26666	1
7	30308	-1
7	3925	-1
43	944	1
49	17879	-1
12	13850	-1
25	2736	1
16	20047	-1
12	20332	-1
6	11715	1
13	21860	1
6	3884	-1
5	15162	-1
28	28257	-1
10	1303	1
8	28097	1
47	10300	-1
14	16294	1
43	17503	1
13	18433	-1
28	2420	1
20	21019	-1
8	13853	-1
46	28934	1
43	20913	1
42	5038	1
11	9654	-1
5	11792	-1
24	14833	-1
20	14044	1
34	8498	-1
38	10137	1
39	18865	1
23	874	1
33	23376	-1
33	6259	-1
0	127	-1
44	1630	-1
28	12773	1
17	10699	1
42	29522	-1
0	6747	-1
6	10038	1
27	12235	1
2	9156	-1
42	8804	-1
44	13085	1
21	3687	-1
38	20064	1
14	25532	-1
36	15797	-1
6	18860	-1
16	8932	-1
41	8584	-1
48	17836	1
48	14875	1
8	22187	1
7	17116	1
43	26068	1
3	28452	-1
4	18553	1
1	854	-1
30	13631	1
32	8581	-1
48	8712	-1
4	14843	1
40	12311	1
17	25927	-1
37	16143	1
42	8529	1
23	1885	1
1	21310	1
13	6938	1
17	15027	-1
24	23011	1
18	4499	1
22	19747	-1
4	9900	1
6	1263	1
2	26803	-1
0	13088	1
48	4937	1
28	2184	-1
30	22336	-1
4	22313	-1
47	17293	1
48	17508	1
10	16656	-1
30	16517	-1
39	10907	-1
18	30472	-1
0	21612	1
6	18941	1
46	20451	-1
29	15547	1
22	8616	1
14	8820	-1
45	3305	1
1	16823	1
18	29984	-1
46	17903	1
23	21240	1
42	29368	-1
35	16252	1
17	17118	1
35	17649	-1
16	22109	1
4	506	1
5	21171	1
29	30910	1
44	15686	-1
13	17680	1
13	28948	-1
43	8739	1
13	3474	-1
6	27615	-1
46	22177	1
8	4752	1
41	15987	-1
2	24963	-1
9	8142	-1
10	743	-1
42	19149	-1
45	21627	1
27	19733	-1
48	1252	1
24	2636	-1
12	26970	-1
3	7151	-1
27	30874	-1
23	18405	1
10	7637	1
7	1383	-1
33	2563	-1
41	7287	1
26	21586	-1
42	5136	-1
40	11237	-1
14	25209	-1
38	24188	-1
3	8916	-1
48	30202	-1
23	5963	1
41	5889	1
5	14825	1
17	30072	-1
8	21828	1
40	2124	-1
3	24109	-1
39	20547	-1
24	16982	-1
31	10293	1
3	23255	-1
5	11956	-1
11	12015	-1
23	10656	1
45	28217	-1
16	5344	1
6	10978	1
13	3035	1
36	1564	-1
43	19285	1
42	23731	-1
40	8616	1
42	17972	1
24	6255	-1
35	4030	-1
16	18900	1
43	31073	-1
8	29774	1
7	14951	1
18	13539	-1
7	12425	1
43	26676	1
48	1771	-1
3	12863	-1
8	20475	1
2	11824	-1
40	27524	1
40	23494	1
42	16925	1
0	18476	-1
48	24361	1
24	24451	-1
42	25050	1
46	10330	1
40	22284	1
46	30746	1
36	30825	-1
4	7852	-1
17	7049	1
44	4786	1
27	27771	-1
13	15028	-1
4	13413	1
26	30714	-1
17	23360	-1
23	18783	1
13	18035	1
14	25177	1
28	11780	-1
23	10360	1
17	21803	1
48	18730	1
24	5772	-1
7	9907	1
6	29837	1
34	19494	-1
45	2158	-1
28	16797	-1
33	27495	-1
19	27399	1
13	28295	-1
10	25719	-1
4	24055	1
13	28076	1
8	3139	1
43	24698	1
46	9943	1
33	7604	-1
44	6419	-1
16	3657	1
17	26620	1
48	990	1
10	5264	-1
10	5404	1
49	24969	1
2	21073	-1
18	10759	1
40	4115	1
43	4472	1
29	15583	-1
40	9162	1
8	24936	1
37	21356	-1
47	7864	-1
8	1861	1
16	6798	1
46	1134	1
32	25622	-1
21	17544	-1
12	23182	-1
13	3989	1
46	795	1
43	13236	1
8	6636	1
21	8622	1
3	10222	-1
46	15204	1
9	20092	-1
47	11250	1
14	25310	1
23	9384	1
27	1254	-1
20	65	-1
29	7906	-1
8	17207	1
39	2325	1
4	8533	-1
6	12030	1
41	5482	-1
32	25556	-1
7	30578	-1
20	11020	-1
3	15809	-1
5	28766	1
46	13017	-1
28	8209	1
40	15517	1
49	23720	-1
37	16678	1
1	16016	-1
48	24509	1
6	1001	1
15	18913	-1
48	26096	-1
8	10658	1
43	16549	1
11	1925	-1
19	2593	-1
23	6335	1
48	4189	1
8	19116	-1
14	24090	-1
36	27582	-1
26	17529	-1
18	17208	-1
19	2246	-1
48	3859	1
34	26612	-1
13	9472	-1
1	15776	-1
17	13355	-1
42	662	-1
28	8854	1
13	15744	1
43	11028	1
1	12748	1
35	5421	-1
44	24591	-1
28	11302	-1
29	9145	-1
45	21637	-1
28	17009	1
35	24014	-1
39	21387	-1
7	11056	1
8	7662	1
25	26833	-1
7	19186	1
20	22683	-1
0	24829	-1
17	4133	1
47	30985	-1
46	10488	1
35	7563	-1
8	10757	1
17	9602	1
4	27156	1
18	24932	-1
13	20355	1
14	24254	1
6	14608	-1
4	21676	1
46	4971	1
14	20357	1
35	2774	1
34	152	-1
41	500	-1
14	19628	-1
10	28204	-1
28	7242	-1
6	29647	1
16	30491	-1
18	17414	-1
49	6349	1
1	26295	1
9	6242	1
11	5620	-1
23	28711	-1
28	19094	-1
17	11938	-1
1	27988	-1
36	15731	1
43	21401	1
11	29881	-1
32	6895	1
49	28091	1
10	420	1
37	11921	-1
26	1403	-1
40	720	1
41	6642	-1
0	22215	-1
17	25764	1
43	23116	1
43	668	1
13	9069	1
48	2460	1
45	21436	1
17	14027	-1
13	28333	1
43	9713	-1
5	12668	1
38	7421	-1
48	2532	-1
8	27945	-1
3	21676	-1
10	11823	-1
46	14449	1
48	3158	1
5	20800	-1
30	9268	1
6	18504	-1
33	11526	-1
39	11286	-1
13	16600	1
15	540	-1
8	21831	-1
48	1867	-1
16	15768	1
17	27787	1
43	16869	1
43	28549	1
35	7766	1
9	3386	-1
47	22089	-1
43	12258	1
46	24226	1
48	21319	1
3	17579	-1
15	21229	-1
8	2580	-1
5	4849	1
36	21447	-1
15	1969	-1
13	25468	1
29	16952	-1
9	5570	1
23	6115	1
45	9267	-1
10	4577	-1
16	14859	-1
22	138	1
13	5467	1
15	18494	-1
42	16429	1
9	203	1
4	18046	1
13	11469	-1
0	20783	-1
6	15294	1
13	25601	1
13	16557	1
1	5494	-1
43	9222	1
48	19650	1
24	25468	-1
15	7557	1
30	29906	-1
22	22297	-1
46	16335	1
34	15732	-1
17	10945	-1
22	24622	-1
15	5027	1
11	26832	-1
29	21551	1
39	14849	1
46	9135	-1
36	26650	-1
44	21539	1
9	29866	-1
5	2524	-1
38	19914	1
46	6611	1
3	7466	-1
34	5397	1
9	13753	-1
33	10307	-1
29	964	1
33	6801	-1
33	23848	-1
18	29608	-1
17	30693	1
20	29477	-1
3	4406	-1
42	28822	-1
39	29103	1
5	11790	-1
28	3790	-1
36	5336	-1
47	24696	1
21	20530	-1
18	21706	1
15	5584	-1
37	5984	-1
45	10613	-1
27	12565	-1
8	30560	-1
36	23310	1
9	27533	1
6	13464	-1
42	22666	-1
39	299	1
11	29147	-1
47	12234	-1
34	17632	-1
36	10247	-1
24	29189	-1
17	25774	-1
40	4235	1
46	12446	1
43	544	1
8	4663	1
32	18740	-1
30	9109	1
28	4820	1
45	18824	-1
21	22987	-1
43	137	1
19	22355	-1
35	26654	-1
24	3153	-1
5	24152	-1
28	322	-1
47	1892	-1
48	28670	1
0	24705	1
12	15884	-1
6	30108	-1
43	17495	1
14	1020	-1
39	27532	-1
8	12512	1
7	14210	1
11	988	-1
20	22488	-1
36	13028	-1
27	5970	-1
38	2283	-1
48	13568	1
15	15987	1
46	23156	1
22	23936	-1
42	30270	-1
1	13470	-1
9	27782	-1
1	15807	-1
38	12650	1
36	23274	1
29	296	-1
5	4135	-1
37	7867	1
9	20811	-1
14	29074	-1
41	15441	-1
8	18270	1
43	21761	-1
18	21056	-1
35	11734	-1
40	20590	1
37	4410	1
17	21556	-1
48	30106	1
25	19137	1
23	16964	-1
46	16404	1
27	23447	-1
44	10982	1
47	12378	-1
26	17494	1
48	9176	1
47	20500	1
47	20041	-1
5	18781	1
49	7972	-1
43	13878	1
48	3531	1
48	1329	1
1	22180	-1
5	28101	1
46	18818	1
46	18889	1
45	2666	-1
12	2928	-1
40	29178	1
38	21064	-1
28	5631	-1
42	19075	1
14	14895	-1
43	22049	1
42	2823	-1
8	21494	1
46	24624	-1
13	4374	1
28	12265	1
42	17984	1
34	4271	1
43	26264	1
35	11877	-1
4	24396	1
0	6528	1
21	4180	-1
7	1194	1
25	12647	-1
43	12679	-1
4	24064	-1
8	26224	1
27	28963	-1
15	2933	1
49	7638	-1
18	8421	1
5	8077	-1
4	22015	1
1	20637	-1
17	19783	1
36	9563	-1
20	25748	1
14	9213	-1
13	26252	1
0	19569	-1
1	16848	-1
48	1667	1
9	17371	-1
47	11084	-1
27	14101	-1
5	10213	1
18	7064	-1
48	5577	1
19	721	-1
16	25994	-1
23	13386	-1
7	977	-1
8	19605	-1
46	26628	1
24	27638	1
43	13329	1
44	30492	1
17	15169	-1
48	22995	1
43	9307	1
39	30978	-1
16	13367	1
23	6847	-1
13	14276	1
16	16140	-1
38	7749	-1
15	21891	-1
45	12618	-1
23	10203	1
43	26750	1
17	2988	-1
43	18793	1
16	22028	1
31	8026	-1
24	23992	-1
4	22600	-1
9	7611	-1
41	11032	-1
35	27427	1
4	16554	1
8	13336	1
46	21338	1
1	4188	1
22	1375	-1
47	10635	1
7	20904	-1
4	2002	1
41	21291	-1
42	16590	-1
4	28434	1
12	7871	1
12	2129	-1
36	9194	-1
3	12861	1
48	29161	1
29	10288	-1
3	11370	-1
7	5580	1
36	17034	-1
16	21859	-1
48	11424	-1
4	9901	1
42	26754	1
11	7928	-1
42	21080	1
2	21198	1
28	11183	1
13	6027	-1
42	8318	1
42	3250	1
12	29175	-1
28	18078	-1
10	2440	-1
28	25829	1
40	25791	-1
6	14515	1
26	17052	1
43	1287	1
49	10734	-1
42	29592	1
42	9202	1
42	27383	1
9	28360	-1
18	20446	1
43	25608	1
15	7910	-1
35	4686	1
36	20140	-1
7	27581	1
41	15889	-1
37	6631	1
13	27080	1
43	12007	1
15	30002	1
27	25350	-1
28	24222	-1
11	280	-1
21	20654	-1
30	1608	1
38	14090	-1
36	24774	1
2	11789	-1
21	17047	-1
46	24306	1
11	7661	-1
30	7920	1
33	30554	-1
35	17268	1
45	22400	-1
20	8754	-1
46	29781	1
39	13564	-1
48	29942	1
16	23544	-1
24	9362	-1
46	22006	1
8	18437	-1
5	27382	-1
3	16463	-1
41	2156	-1
9	3021	-1
13	22930	1
9	24690	1
48	27549	1
43	8678	1
33	12319	-1
40	5018	-1
2	5919	-1
46	11968	1
4	13302	1
0	5317	1
44	12099	-1
5	22859	1
43	9580	1
48	21610	-1
14	2462	1
40	7045	1
25	12273	-1
13	1025	-1
40	8600	-1
12	16480	-1
18	8320	-1
4	25724	-1
7	481	1
44	28698	-1
39	13811	1
41	14577	-1
1	20934	1
48	9848	-1
25	4453	-1
46	931	-1
28	9684	-1
23	25379	-1
48	10689	1
28	30790	-1
14	22250	1
8	14283	1
28	13176	1
0	5259	-1
7	29882	1
16	22366	-1
42	8189	1
14	20558	-1
16	25991	-1
43	19630	-1
13	21309	1
13	21834	1
46	20991	1
46	24409	1
21	5233	-1
3	24338	1
32	2609	-1
5	20004	-1
10	28758	1
31	28250	-1
9	3107	-1
14	3118	-1
39	16126	-1
46	15819	1
15	1391	-1
13	15969	1
49	14439	-1
48	11556	-1
18	26406	-1
48	10360	1
2	6884	-1
21	24858	1
10	22086	-1
11	4457	-1
44	20244	-1
4	11921	-1
9	25634	1
10	18696	-1
39	19808	-1
46	30394	1
22	27226	-1
23	905	-1
43	23213	1
49	12979	1
18	7721	1
30	982	-1
3	22421	-1
45	19482	-1
8	2925	1
3	14854	-1
18	13592	1
7	20925	-1
6	19937	1
40	940	1
18	7550	1
46	2655	1
2	29166	-1
35	5115	1
44	9886	-1
31	15531	1
43	12686	-1
8	21736	1
11	17495	-1
45	8843	-1
23	3981	-1
37	1446	-1
40	26273	-1
9	7274	-1
18	8472	1
4	8238	1
7	14057	-1
44	29101	1
44	29089	1
10	26465	1
43	13013	1
32	22342	-1
25	13559	-1
29	9614	-1
16	27140	1
9	4419	1
24	21978	-1
44	8385	1
23	19117	1
12	12938	1
19	21068	-1
1	10177	1
9	11029	-1
40	283	1
28	19582	-1
23	9912	1
9	17722	1
40	16675	-1
22	5502	-1
46	16664	1
44	6787	1
46	22252	-1
32	15798	1
33	24099	-1
29	22363	-1
5	29624	-1
0	3044	1
20	3024	-1
13	6599	1
49	4752	-1
8	9097	1
47	9751	-1
25	17127	-1
1	14206	1
44	10589	1
49	14087	-1
48	28381	1
9	9103	1
42	8133	-1
49	5626	-1
46	28776	1
46	12643	1
4	3464	-1
9	17513	-1
44	9365	-1
12	14445	-1
29	13371	1
32	19878	-1
31	9045	-1
14	5765	-1
22	12170	-1
23	311	-1
12	13230	-1
26	4339	1
24	621	-1
10	20068	-1
15	12067	-1
40	3375	1
43	7278	1
35	30859	-1
33	25103	-1
36	5653	-1
44	8092	1
36	27365	1
8	22445	1
23	26839	1
27	21928	-1
8	16776	1
22	2196	-1
29	12275	1
3	18047	-1
46	24452	1
13	5187	1
29	19236	-1
9	7687	-1
28	22482	1
13	12386	1
43	24232	1
42	29047	1
39	11923	-1
1	29930	-1
30	16611	1
23	21715	1
40	1444	1
7	15128	1
14	26391	1
7	24816	-1
42	3659	1
42	13203	1
41	18975	-1
20	3052	-1
42	13259	1
8	15383	1
6	7945	-1
23	13654	1
7	26491	1
3	5477	-1
46	1764	1
7	958	-1
7	15485	1
30	22351	-1
37	4206	-1
7	13921	-1
9	22888	1
37	4990	1
36	9727	-1
17	7924	-1
23	13643	1
38	21321	-1
35	8851	1
6	6766	1
4	5712	1
36	14478	-1
39	18281	1
5	19005	-1
17	29315	1
42	4430	1
42	29942	-1
10	3853	-1
2	29101	-1
21	22463	-1
12	2253	-1
22	16551	-1
31	21270	1
35	23854	1
21	1659	1
0	18138	-1
15	24742	-1
47	2657	-1
27	26671	-1
46	187	1
8	7502	1
33	11346	-1
3	11585	-1
42	5111	1
0	18846	1
48	11388	1
37	1114	-1
31	21130	-1
4	19374	1
20	18688	-1
33	30315	-1
43	28496	1
42	199	1
44	11978	1
40	20743	1
32	27433	1
26	5519	-1
35	23084	1
38	22057	-1
43	218	1
40	8964	1
11	29010	-1
44	14916	-1
34	24691	-1
3	15773	1
42	18656	1
8	19227	1
16	23922	1
8	4163	-1
48	17109	1
38	19426	-1
28	22330	1
43	21020	1
32	6753	-1
46	7743	1
13	26620	-1
27	22959	1
43	4945	1
4	9720	1
41	13827	-1
29	8566	1
21	14963	1
21	28028	-1
16	16610	-1
1	29697	1
5	27087	1
40	1344	1
25	14110	1
9	10338	-1
4	17798	1
34	11051	-1
46	25504	1
21	27414	1
2	12543	-1
13	26468	-1
29	17958	1
17	30646	1
1	4144	1
49	7208	-1
40	29291	1
21	270	1
35	19325	1
14	581	-1
8	26968	1
18	13939	-1
32	22757	-1
46	12171	1
29	10895	-1
8	27298	1
28	18591	1
28	18130	1
1	14817	1
26	15032	-1
26	13850	-1
18	6412	1
4	26765	1
3	7138	-1
13	16803	-1
6	29903	1
43	22705	1
4	5737	-1
25	20035	-1
29	30090	-1
27	21864	-1
13	6335	-1
21	25391	1
49	8114	-1
12	21002	-1
9	1428	-1
35	21704	1
12	20476	-1
45	3903	-1
43	6820	-1
40	16510	1
4	18090	1
36	11582	1
10	19505	-1
41	18850	-1
44	8468	1
36	20550	-1
23	19888	-1
47	28308	-1
6	16697	1
22	215	-1
4	19399	1
17	21480	1
2	14214	-1
23	22538	-1
25	13698	-1
24	4806	-1
47	16894	-1
16	2369	-1
46	7598	1
16	19545	-1
6	597	-1
40	28516	1
45	19730	1
17	22827	-1
5	6128	1
40	21617	1
6	10970	1
35	12601	1
1	10514	-1
48	13164	1
37	11927	-1
20	5448	-1
35	24703	1
1	11116	-1
7	2694	1
14	6533	-1
19	13629	-1
42	21188	-1
36	3047	1
19	23014	-1
29	26437	-1
24	24217	-1
31	21137	-1
17	13758	-1
20	16725	-1
25	4837	-1
42	23845	-1
48	9972	1
17	5475	1
35	22374	1
46	13805	-1
35	16246	-1
37	4925	-1
11	27294	-1
43	14378	1
13	23214	-1
18	27752	-1
11	29525	-1
23	5797	-1
46	1083	-1
49	19008	-1
7	11338	-1
4	24603	1
48	12842	1
41	28830	-1
8	9629	-1
28	21868	-1
44	506	-1
49	4188	1
2	11764	-1
39	8623	-1
4	16550	1
44	18984	1
44	1569	1
16	13940	-1
8	27727	1
17	24191	-1
7	18913	-1
43	1819	1
48	23891	-1
13	19643	1
47	3733	-1
13	5298	1
4	30714	1
39	19714	-1
41	6837	-1
43	13533	1
15	10682	-1
6	28345	1
49	12446	-1
46	16077	1
38	9769	-1
42	2288	1
21	16003	-1
33	28306	-1
17	27136	1
33	4578	-1
16	22895	1
46	24571	1
30	26133	-1
21	4462	-1
12	4317	-1
46	8652	1
46	22509	1
42	21368	1
34	9539	1
43	27452	1
13	2486	1
15	24660	-1
31	3959	1
43	22871	1
22	9933	-1
15	29861	-1
46	18757	1
10	8080	1
23	10945	-1
4	9040	-1
21	30538	-1
37	5376	-1
43	21682	-1
10	21153	1
20	8907	-1
37	19041	-1
23	14898	-1
40	24251	-1
43	10842	-1
40	13561	1
0	9611	-1
17	7696	-1
11	10326	-1
46	6462	1
40	23738	-1
18	18456	-1
26	14292	-1
0	26080	-1
4	8227	1
38	4064	-1
0	6262	-1
40	19485	1
10	6505	1
30	21991	-1
49	5906	-1
15	14851	1
42	12059	1
34	23194	-1
13	17754	-1
6	23085	1
23	10750	-1
6	7098	-1
18	18807	-1
22	325	-1
10	9880	1
40	19132	1
18	12161	-1
5	20812	1
43	859	1
37	4550	-1
5	19263	-1
43	15706	-1
6	6746	1
40	30267	1
46	24400	1
45	21700	-1
3	27355	-1
3	7628	-1
1	1551	1
40	16052	1
6	5762	1
16	27296	1
44	13993	1
21	19169	-1
42	26545	1
29	11640	-1
28	14408	1
31	24689	-1
9	5621	1
23	4102	-1
34	19516	-1
37	27105	-1
28	12507	1
44	22071	1
43	22270	1
26	27317	1
35	10693	1
16	7110	1
2	4764	-1
30	12884	-1
9	1703	-1
30	4362	-1
8	12946	1
6	23899	1
10	12190	1
33	25841	-1
46	6131	1
9	9491	1
28	14098	1
4	7948	1
33	14143	-1
10	5051	1
3	23024	-1
5	20241	1
42	17640	1
25	16787	-1
46	27191	1
38	28662	-1
44	22104	-1
3	2154	-1
12	27971	-1
25	21966	-1
9	7701	1
40	126	-1
43	4381	1
34	10726	-1
6	10745	1
42	28846	1
33	794	-1
48	26861	1
43	4219	1
13	12496	1
34	24290	-1
0	15460	1
30	23050	1
23	12630	1
4	18590	1
20	28794	-1
42	1451	1
10	13799	-1
24	14780	-1
48	24367	1
32	13824	-1
34	25448	-1
23	22127	1
33	815	-1
3	25525	-1
26	12414	1
42	26459	1
49	20365	-1
0	23209	1
4	10376	1
11	28841	-1
29	4612	-1
13	14180	1
21	18767	-1
33	10147	-1
31	13360	-1
32	544	1
5	8005	1
48	11450	1
25	27296	-1
48	20037	-1
41	9588	1
31	5051	1
15	16243	-1
35	9741	1
14	2210	1
28	24214	-1
16	22953	-1
26	20368	-1
15	7134	1
47	20170	-1
49	5055	1
27	3589	-1
33	11939	-1
4	30369	-1
10	5395	1
4	6502	1
32	19448	-1
43	18763	-1
7	18048	-1
44	22180	1
37	4704	1
25	19827	-1
44	23516	1
13	22417	1
7	15896	1
29	6562	1
4	12957	-1
45	6296	-1
31	10929	-1
8	27331	-1
6	28710	1
28	22650	1
46	571	1
12	18321	-1
47	29650	-1
47	27251	-1
40	619	-1
4	16531	-1
35	15811	1
1	10089	1
4	13038	1
41	2249	1
5	16679	1
4	6212	-1
48	1143	1
13	17466	1
46	14560	1
23	15608	1
46	25185	-1
28	4379	1
34	27781	-1
13	6827	-1
40	22158	1
27	3307	-1
40	22700	-1
25	23161	-1
9	12861	-1
39	18499	-1
30	16335	1
2	24360	-1
36	4008	1
40	25817	1
41	8095	-1
4	16673	1
7	19883	-1
4	5036	1
16	15686	1
7	14162	1
46	20565	-1
14	30162	-1
46	25866	1
12	13184	-1
4	19687	-1
48	7840	1
18	16564	1
39	19631	-1
20	12013	1
14	549	1
17	14256	-1
43	9001	1
46	2259	1
49	30091	1
48	13757	1
1	24453	1
40	7038	-1
26	22710	-1
49	28117	-1
13	2399	1
46	5464	1
40	18724	1
24	26710	-1
46	28878	-1
45	21107	1
5	4027	-1
33	22607	-1
42	13415	1
28	28958	1
21	19636	-1
13	9770	1
48	10315	-1
32	19953	-1
8	26384	1
3	8262	-1
11	26419	-1
37	18228	1
42	19058	-1
20	15494	-1
17	203	-1
28	10814	-1
46	15311	1
28	26588	1
20	10201	-1
9	26358	1
7	28786	1
10	14362	-1
46	12158	1
14	16970	-1
24	9020	-1
0	3756	-1
6	21808	1
11	18055	-1
48	13144	1
23	22756	1
43	23874	1
27	2789	1
43	18183	1
48	16601	1
13	13561	1
32	15656	-1
16	15463	1
13	4698	1
6	22152	-1
43	28211	1
5	16044	1
13	11310	-1
48	28152	1
42	11493	1
40	30703	-1
17	10900	1
13	8586	1
37	12742	-1
31	21989	-1
14	12159	-1
5	19358	1
20	18560	-1
33	26375	-1
22	13548	-1
37	8918	1
4	222	1
33	19477	1
35	23611	1
48	3821	1
32	19604	-1
11	18657	-1
6	18463	1
5	1858	-1
47	11052	-1
48	20753	1
21	22683	-1
40	4931	1
19	29299	-1
17	746	1
44	27105	1
48	27508	1
13	7815	-1
23	24648	1
33	16008	-1
36	20010	1
34	15237	1
26	27083	-1
20	2508	-1
43	21299	1
45	15941	1
6	6631	-1
17	7675	1
18	5566	-1
46	28593	1
46	11671	1
49	30284	-1
1	25379	1
48	29284	-1
12	5435	-1
8	16358	1
48	18098	1
18	8863	1
47	18495	-1
24	19940	-1
27	18405	-1
1	16227	1
17	23421	1
8	25919	1
15	1447	-1
16	4478	-1
29	25981	-1
4	3745	1
27	10087	1
3	18397	-1
46	8370	1
5	3839	1
16	30211	1
6	20804	1
49	27077	-1
40	19207	-1
46	6484	-1
39	20386	-1
43	26569	1
48	13004	1
26	18016	-1
23	442	-1
31	14690	-1
7	29266	1
19	15097	-1
48	7980	-1
24	18852	-1
25	18038	-1
25	29570	-1
14	21996	-1
10	15520	-1
17	9043	1
45	1628	-1
29	7629	-1
26	29319	-1
5	10959	1
3	29233	-1
8	19767	1
21	17739	1
39	3277	1
48	10759	1
43	12005	1
24	17879	1
47	8273	1
18	20866	-1
15	5570	-1
17	23986	1
16	20241	-1
16	2726	1
6	13884	1
8	10299	1
33	15566	-1
16	5622	-1
9	5660	-1
33	4287	-1
44	17410	1
32	4377	1
0	7610	-1
47	23150	-1
4	15305	-1
17	27024	1
14	7076	-1
13	5471	1
5	15577	1
7	25059	1
48	427	1
4	23888	1
48	23330	-1
37	28937	-1
0	19613	-1
47	9855	-1
46	5644	1
38	28869	-1
14	2510	-1
40	30209	-1
4	25670	1
27	21219	-1
38	24706	1
6	10119	1
27	1367	1
10	10476	-1
30	24047	1
12	29915	-1
46	28687	1
43	27120	-1
44	938	1
28	7792	1
43	14218	1
9	183	-1
13	15074	1
45	21110	-1
23	22857	1
5	1903	1
19	11709	-1
26	12743	-1
16	16450	1
48	3549	1
40	20240	1
7	434	-1
1	8982	-1
12	5039	-1
4	30925	1
46	22119	1
37	11397	-1
27	21779	1
42	26950	1
48	29517	1
16	28845	1
12	8719	1
15	8005	-1
31	22337	-1
8	12976	1
6	5937	1
33	20666	-1
37	17719	1
4	1726	1
3	9804	1
39	6559	1
36	30083	-1
40	10130	1
20	8025	-1
37	20827	-1
3	23116	-1
14	18426	-1
30	13083	1
38	28263	-1
9	25874	-1
9	19952	1
21	21422	-1
4	11670	1
3	7556	1
47	19750	1
36	15463	-1
46	23957	1
16	3593	-1
4	26947	1
12	25320	-1
13	19535	1
16	19250	1
10	6344	1
30	14882	1
47	28963	1
48	12649	1
9	21049	-1
7	18156	1
41	28478	1
28	10220	-1
40	18041	1
30	11504	1
31	12418	-1
31	18407	1
46	21694	1
43	15231	1
22	26536	-1
44	26380	1
35	3204	1
11	12926	-1
31	5292	-1
39	17178	1
26	1146	-1
43	5106	-1
11	210	-1
46	1608	1
46	28532	1
10	17809	-1
5	26055	1
4	8762	-1
20	28789	-1
30	23385	-1
39	29793	1
12	12917	1
17	7483	1
47	14205	-1
30	3796	-1
48	6757	1
49	19098	-1
31	20148	-1
29	30738	-1
10	27120	-1
35	18339	1
20	12870	-1
42	14038	1
35	8328	-1
17	20968	-1
36	24649	1
8	13100	-1
5	18749	-1
34	5557	-1
29	7136	-1
7	1029	1
36	22496	-1
9	26848	-1
7	11206	-1
25	22227	-1
42	2586	1
10	26162	1
14	19713	1
17	20704	-1
6	555	-1
27	30873	1
4	27245	1
26	16496	1
13	12743	1
49	22036	-1
25	15432	1
22	5969	-1
17	29711	1
12	4722	-1
8	16218	1
30	10476	-1
16	7440	-1
4	29024	1
45	28359	1
30	11912	1
46	16070	-1
26	3743	-1
1	17886	-1
48	24168	1
46	9621	1
36	28634	-1
23	23204	-1
29	26730	-1
23	26665	1
19	26317	-1
34	17246	-1
20	19727	-1
35	3134	-1
5	5055	1
10	7190	1
1	2741	1
6	15	1
6	8675	-1
17	2071	1
35	4926	1
24	3083	-1
1	17739	1
41	29030	-1
14	26021	-1
48	12256	1
10	25162	-1
1	17630	1
8	13783	-1
3	24426	-1
32	17809	-1
34	19890	-1
46	17942	1
48	30608	1
29	19292	-1
6	16944	1
38	30066	-1
45	12040	-1
1	8400	1
48	15443	1
32	26048	-1
28	1204	-1
49	4951	-1
40	25600	1
25	2581	-1
46	23347	1
0	1969	1
39	29396	1
18	28847	-1
17	8826	1
29	1943	-1
12	11930	-1
7	3746	1
8	11959	1
29	21546	1
1	20555	1
29	26022	-1
48	3621	-1
25	8698	-1
17	8348	1
8	30620	-1
8	16340	1
15	26329	1
20	11820	-1
43	18411	-1
42	26523	1
26	493	-1
33	14630	-1
39	24866	1
43	20590	1
40	12964	1
17	24494	1
21	16486	1
31	27686	-1
46	17112	1
17	17791	1
10	22619	-1
20	21147	1
29	9311	-1
29	190	1
48	27488	1
46	6288	1
42	30723	1
34	1265	1
8	3282	1
42	8025	1
7	3389	1
7	50	1
6	2575	1
3	3795	-1
8	582	1
8	9834	-1
8	15430	1
20	27191	1
18	8262	-1
42	28246	-1
35	2471	-1
29	396	-1
6	9285	-1
32	3072	-1
43	20318	1
42	5354	1
2	11414	-1
24	23161	-1
8	15976	-1
4	12805	1
29	30820	-1
25	26573	-1
46	7628	1
1	30287	1
4	19736	-1
3	7523	-1
46	9681	1
40	12018	1
5	24225	-1
43	24831	1
37	9078	-1
32	18782	-1
25	6737	-1
43	17897	1
46	14037	1
22	23209	-1
48	28996	1
7	19220	1
46	24184	1
1	25804	-1
21	27677	-1
39	24117	1
1	29895	1
41	8607	-1
11	23143	-1
7	3258	-1
28	276	1
42	10734	1
47	26128	-1
31	17361	-1
18	11236	-1
4	17353	1
47	20039	-1
21	20801	-1
13	11533	1
8	29872	-1
26	1684	-1
46	5177	-1
31	2272	-1
45	23017	-1
28	4028	1
47	25115	1
39	26766	-1
16	25561	-1
4	5457	1
6	11740	-1
38	6144	-1
33	19478	1
8	13672	-1
10	19041	1
48	3225	-1
46	19162	-1
4	21202	1
43	5823	1
37	5277	-1
28	12741	1
41	26036	-1
34	23241	-1
43	14625	1
23	26761	1
5	20518	1
48	4324	1
11	27632	-1
16	12319	1
28	10759	-1
47	21557	-1
3	3250	1
12	11213	-1
16	12247	-1
23	20215	1
36	2767	-1
32	11103	-1
6	23593	1
30	3227	1
28	22977	-1
24	23868	-1
30	18337	1
9	21906	1
46	6358	1
4	23626	-1
34	11183	-1
12	4710	-1
7	15411	1
33	16791	-1
31	10212	1
35	16351	1
24	12416	-1
33	5247	-1
19	23001	-1
31	3810	-1
13	20026	-1
40	14702	1
6	24976	1
35	28075	1
14	178	-1
21	28262	-1
8	27825	-1
46	23207	1
10	5044	-1
41	23206	-1
2	18689	-1
1	27907	-1
35	8830	1
34	22290	-1
41	25500	-1
48	10936	-1
23	18743	1
35	16390	-1
36	14034	1
48	18669	1
14	25780	-1
18	3425	-1
20	23249	-1
18	4467	1
18	14519	-1
27	11	-1
31	3357	-1
13	14105	-1
38	8782	1
46	20727	1
46	11493	1
7	3980	-1
37	5826	1
46	4465	-1
19	9125	-1
46	4430	1
27	12400	-1
42	4033	1
6	26623	1
43	14276	1
43	4012	1
28	29125	1
10	12709	1
5	11263	1
47	461	-1
16	6900	1
1	23101	1
43	1167	1
18	20291	-1
14	23386	-1
22	17447	1
0	5494	-1
45	21088	-1
24	12156	-1
48	5506	1
15	14243	-1
31	28913	-1
40	3127	1
4	12195	1
6	7828	1
24	21730	-1
42	22632	1
33	20258	-1
4	21685	1
49	6708	1
0	4526	-1
10	21548	1
36	15222	-1
28	4991	1
29	19559	-1
8	27639	1
43	15365	1
9	13425	1
34	7373	-1
2	9839	-1
31	28955	-1
42	22124	-1
28	18614	1
9	16938	-1
10	21569	-1
4	13195	1
10	4654	1
42	25156	-1
28	481	1
13	11785	-1
13	24965	1
8	10818	-1
10	6367	-1
16	29933	1
5	12105	-1
34	20895	1
11	11092	-1
33	10938	-1
35	16787	1
4	14587	1
17	17946	-1
31	3416	-1
39	27229	1
46	8984	1
6	23406	1
8	2074	1
20	30155	-1
36	2314	-1
5	18823	1
46	7206	-1
18	24268	-1
42	12761	1
26	26597	-1
42	28568	1
37	23298	-1
49	6744	-1
8	874	-1
24	6555	-1
42	3287	-1
32	11927	-1
9	8910	1
5	21921	1
36	24271	-1
18	18001	1
43	20062	1
13	28990	1
15	7036	1
18	10056	-1
16	1406	1
45	22805	-1
36	6407	-1
48	21368	1
34	12787	-1
34	17985	-1
2	5556	-1
8	12321	-1
43	24322	1
7	21428	1
30	22966	-1
46	26733	-1
36	912	1
36	18795	1
10	27433	-1
40	2019	1
49	24783	-1
28	27215	-1
31	8273	-1
48	10172	1
28	3250	-1
43	26070	1
23	17351	1
40	3749	-1
35	25494	1
12	5315	-1
40	16078	1
46	5804	1
4	22204	1
13	28767	1
43	1008	1
4	13601	1
21	23097	1
35	24080	1
29	26741	1
0	25379	1
10	9063	-1
19	2866	-1
6	9415	1
32	891	-1
16	23328	1
45	17040	1
16	2155	-1
39	4038	1
23	30366	1
18	2285	-1
13	15477	1
47	4670	-1
40	11902	1
43	25183	1
2	7334	-1
42	11513	1
36	4320	1
6	14053	-1
40	4860	-1
46	19596	1
8	24883	1
13	16250	1
5	7121	1
7	30288	-1
31	9244	-1
21	9272	1
45	21360	-1
8	11314	1
46	9478	1
8	8338	1
36	20781	1
48	538	1
42	22638	-1
1	1043	-1
20	19544	1
36	20402	1
43	27098	1
46	11265	1
27	10726	-1
42	9559	-1
46	27690	1
11	25329	-1
45	18583	-1
46	375	-1
14	367	1
43	10172	1
1	1619	-1
4	8052	1
40	24904	-1
13	13668	-1
44	24778	-1
23	490	1
43	17215	1
4	14489	1
45	30139	1
45	24284	-1
43	9677	1
7	7006	-1
13	28646	1
45	5622	1
10	17769	-1
41	21244	-1
46	5035	1
43	1403	1
16	19576	-1
30	24656	1
5	21827	-1
6	9821	-1
22	10443	-1
46	24664	1
42	14547	-1
31	1999	-1
49	23080	1
14	14844	-1
43	26132	1
28	15747	1
0	19297	1
43	22078	1
30	27148	1
22	18620	-1
39	23901	1
48	1167	1
11	1468	-1
21	22605	-1
2	20482	-1
4	4255	1
39	1932	-1
2	13690	-1
40	17589	1
2	19561	-1
25	29728	-1
0	6954	1
48	25216	-1
23	20700	-1
38	6154	1
7	18017	-1
46	18668	-1
35	24436	-1
45	13173	1
43	24473	1
6	20886	1
0	22945	1
24	77	-1
9	264	1
13	25626	1
49	11477	-1
23	23374	1
43	17982	1
48	20991	-1
5	5081	1
32	22413	-1
13	29362	1
5	17758	-1
3	17414	-1
35	2332	1
48	9826	1
16	13720	-1
40	25637	-1
44	26252	-1
21	25730	-1
24	23497	-1
47	26950	-1
8	19505	1
38	25859	-1
46	22198	1
3	16944	-1
46	10745	1
42	4772	1
43	1364	-1
18	29282	1
40	28896	1
43	26100	1
28	2244	1
41	13982	-1
46	28825	1
6	2304	1
44	23015	-1
8	30198	1
1	4161	-1
49	30487	1
13	18586	1
27	10991	-1
24	5258	-1
36	6349	1
1	23096	-1
12	16714	1
17	2302	1
23	2525	1
33	21721	-1
48	26375	1
34	18315	1
16	23166	1
34	18085	1
46	31008	1
39	6159	1
9	24552	-1
5	28140	1
47	8053	1
27	27811	-1
12	10389	1
43	24694	1
3	5913	-1
15	23924	1
24	23419	-1
9	18081	-1
17	11033	1
28	23447	-1
17	13600	1
8	6072	-1
26	15568	-1
49	21570	-1
5	301	1
6	11664	1
10	9356	1
0	279	-1
28	17008	1
5	21267	-1
48	17704	1
49	1655	-1
8	23173	1
7	29508	-1
23	26522	-1
12	8572	-1
1	3049	1
15	29835	-1
43	1472	1
46	16920	1
26	27741	-1
32	20340	1
27	7347	-1
12	7783	-1
16	10494	1
17	342	1
29	26787	1
3	23943	-1
10	1400	1
33	26818	-1
13	17640	1
36	5845	1
37	6784	1
13	21619	1
21	16420	1
17	14830	-1
14	27722	-1
28	22645	1
30	26392	-1
3	20310	-1
28	20952	1
35	1467	-1
2	19888	1
18	27165	1
29	9632	-1
43	11966	1
30	5446	-1
30	20363	1
4	28772	1
43	16088	1
42	17249	1
6	9528	1
39	20219	1
46	12365	1
44	25595	-1
43	5137	1
48	15613	1
40	18543	1
43	25314	1
49	27277	-1
8	1860	1
38	14993	1
44	8079	1
48	1878	-1
16	3023	-1
1	15720	1
13	17587	-1
31	30966	-1
37	11733	-1
6	30426	1
9	10689	-1
22	20724	-1
8	22487	1
5	7679	1
40	4612	-1
11	6962	-1
13	12487	1
46	15026	1
30	25187	-1
19	27707	-1
11	16257	-1
36	27408	1
30	18228	1
40	5009	-1
17	21150	1
43	18919	1
18	29528	1
8	18222	1
48	243	1
26	1969	1
40	8090	-1
4	24079	1
7	7368	-1
45	21549	1
8	3879	1
40	13953	1
35	20279	1
5	13917	1
40	21257	1
43	13347	1
43	2546	1
4	4696	1
17	25148	1
31	30166	-1
45	5036	-1
43	18544	1
37	21320	-1
6	19866	1
40	25711	1
16	18124	1
43	22873	1
35	22869	1
28	9011	-1
16	21644	1
4	14999	-1
35	25382	1
25	3283	-1
42	13255	-1
15	30565	-1
14	26506	-1
20	10239	-1
30	27151	-1
4	16776	1
21	13769	1
9	23088	-1
29	13578	-1
24	28181	-1
18	1629	-1
10	10899	-1
21	24977	-1
30	22316	1
28	1714	-1
13	19244	1
40	4514	1
46	20998	1
31	3419	-1
18	16248	-1
20	18502	-1
6	10046	-1
46	26994	1
42	8395	1
7	6898	-1
36	15030	-1
46	15567	1
14	1151	-1
48	27546	-1
48	28316	1
37	16058	-1
45	17049	1
29	5680	1
16	4589	1
13	1203	-1
38	16308	1
5	10387	1
20	30094	-1
19	4886	-1
46	5584	1
17	12550	-1
32	27765	-1
16	24966	1
35	20979	1
5	24574	-1
4	9137	1
16	6341	-1
8	26032	-1
48	1618	1
13	8315	1
22	10758	-1
48	26785	1
40	21482	1
39	15523	-1
40	9596	1
29	18961	1
11	23244	-1
0	13466	-1
23	19324	-1
18	21784	1
46	17393	1
10	7996	1
4	14027	1
7	23798	1
24	21480	-1
37	19296	-1
46	2999	1
8	26787	-1
31	3510	-1
16	19705	1
12	3689	-1
13	12614	1
49	9567	1
4	2288	1
35	3264	-1
23	10962	1
25	28487	-1
46	17204	-1
41	11148	-1
5	15310	1
4	12211	-1
4	2475	-1
40	23095	1
45	14945	-1
2	28118	1
16	21093	-1
25	27577	-1
10	15107	1
46	7103	-1
42	6959	1
29	23958	1
44	12644	1
43	24019	1
28	3961	1
43	22108	1
29	16650	-1
18	12485	1
42	29414	1
41	14746	-1
40	2819	-1
24	331	-1
6	26680	1
48	22842	-1
40	5127	1
44	13972	1
20	26994	-1
16	21274	-1
4	8668	-1
20	29276	1
33	29105	-1
19	11882	-1
38	5296	-1
12	25043	1
40	20617	1
31	27023	-1
6	27867	-1
5	6417	1
46	24478	1
13	11818	1
48	11779	-1
46	29828	-1
43	467	-1
16	10561	-1
46	15025	1
12	19926	-1
16	19474	-1
18	6585	1
5	18602	-1
9	11229	1
48	3999	1
4	26023	1
21	8618	-1
37	25191	-1
29	11898	1
28	9958	-1
11	21575	-1
38	9153	-1
8	12510	1
42	13095	-1
4	14519	1
16	28240	1
39	12511	-1
40	169	1
40	30792	-1
36	28032	1
48	14212	1
34	16209	1
49	18561	-1
43	24531	1
5	12194	-1
25	26098	1
19	2311	-1
16	22668	1
46	30278	1
40	14277	-1
3	4475	1
10	2159	1
1	15065	-1
18	5106	-1
43	22041	-1
35	24552	1
18	20579	1
38	12555	-1
43	24109	1
19	19591	-1
39	18766	1
4	25756	1
43	27627	1
9	26010	-1
16	25908	1
15	13501	-1
2	7855	-1
43	9138	1
8	30426	1
21	21853	1
15	14348	-1
35	16161	1
10	12399	-1
21	24170	1
6	17592	-1
39	12828	1
12	3254	-1
17	28462	1
46	4872	1
26	13600	-1
5	21822	1
36	7304	-1
26	18496	1
9	28348	-1
13	3560	1
37	20658	1
46	27287	1
27	9353	1
38	21712	-1
4	20775	1
17	3480	1
29	9984	1
37	3480	1
35	5413	-1
43	7272	1
1	6092	-1
43	2529	-1
48	23373	-1
46	13443	1
46	30472	-1
35	27218	-1
0	12465	-1
33	24093	-1
33	27487	-1
14	13428	-1
43	13576	1
37	22036	-1
25	7692	1
43	24444	1
12	9715	-1
13	19731	1
39	23897	1
8	26235	-1
26	26795	-1
17	15775	1
42	15386	-1
40	15835	1
1	4177	1
24	23847	-1
24	14903	-1
13	11744	1
9	9097	1
7	24471	-1
18	26572	-1
6	477	1
4	6426	1
3	8524	-1
13	2537	1
40	25518	1
16	20052	1
22	1082	-1
43	12383	1
43	14640	1
13	3275	1
19	6282	-1
42	22498	1
24	16590	-1
29	18888	-1
23	3051	-1
12	27304	-1
29	23059	1
8	17662	1
46	29641	1
39	20249	-1
28	23936	-1
4	14732	1
46	12156	1
49	29568	1
40	30811	1
17	7005	1
45	25687	1
30	6248	-1
2	29316	-1
29	198	-1
23	8150	1
14	7773	-1
2	29154	-1
6	5033	1
46	24504	1
14	10242	1
44	16748	-1
37	12546	-1
16	4959	1
14	10	1
31	10818	-1
48	30831	-1
18	8858	1
37	30108	-1
0	18368	-1
46	19216	1
46	8995	1
43	20701	1
28	11702	-1
29	358	-1
24	12457	-1
8	10782	1
43	25032	1
41	6711	-1
20	15346	-1
20	20920	1
42	15815	1
45	30617	1
6	23656	-1
14	8428	-1
44	1297	1
10	17099	-1
14	862	1
41	6615	-1
43	13532	-1
43	4365	1
39	22008	1
49	8657	-1
2	26518	1
37	18274	-1
42	18217	1
21	11107	-1
9	7688	1
17	7150	1
28	20597	-1
4	25921	1
37	30743	-1
24	13412	-1
29	5481	1
30	290	-1
39	22577	1
41	14720	-1
9	2140	-1
4	1706	1
44	18463	-1
11	29708	-1
23	19549	1
48	21357	1
46	27099	1
14	23825	-1
36	25501	-1
13	19952	-1
21	7261	1
8	26071	-1
37	2641	-1
13	13918	1
8	3859	1
32	20443	1
9	23895	-1
37	30127	-1
43	23864	1
23	12570	-1
23	8336	1
30	1269	-1
40	8402	-1
29	2402	-1
46	2344	1
38	3195	-1
5	20927	1
46	14126	1
17	14242	-1
13	6999	1
42	3349	1
33	14891	-1
33	14755	-1
42	26152	1
2	6618	-1
10	21804	1
43	11054	1
28	16041	-1
7	28652	1
35	29171	1
39	21487	1
36	7253	-1
2	26148	1
31	29812	-1
42	11504	1
4	6746	-1
40	9292	1
48	16058	1
26	6899	-1
24	8973	-1
28	9551	-1
31	5741	-1
16	10967	1
48	13223	1
16	17082	-1
47	6036	-1
39	22199	-1
33	30395	-1
30	10546	-1
9	16244	-1
8	19264	1
13	2038	1
1	24805	-1
28	17595	1
19	20449	-1
43	24849	1
1	15930	1
41	18434	1
49	23790	-1
25	15472	-1
21	30636	1
29	4191	1
10	24084	-1
44	4994	-1
21	8671	-1
31	7100	-1
38	6547	-1
24	20912	-1
10	7098	-1
10	6249	1
13	21324	1
1	7963	1
2	8362	1
6	9855	1
45	14736	-1
45	3699	1
29	589	-1
7	5404	1
1	25273	1
42	28563	1
25	29295	-1
43	22323	1
26	26085	-1
21	5279	1
3	203	-1
8	27635	-1
34	21288	-1
39	26098	-1
30	13719	1
14	18168	-1
37	30271	-1
5	10596	1
29	14795	-1
14	1394	-1
25	2030	-1
35	4106	1
23	16456	-1
26	30995	-1
23	29870	-1
5	2331	-1
11	16578	-1
17	5500	1
48	14306	1
23	28192	1
8	6767	-1
46	25896	1
48	23463	1
36	9066	-1
42	18245	1
4	19817	-1
9	17243	-1
6	2415	-1
12	6296	-1
43	20517	1
4	28625	1
16	29555	1
36	25785	-1
4	30927	-1
23	22732	-1
1	15033	1
5	28790	1
27	7688	-1
18	11073	1
44	29591	-1
16	9640	-1
37	8928	1
47	12226	-1
43	16911	-1
37	9621	1
35	4235	-1
42	2655	-1
30	2925	-1
23	15919	1
47	13572	1
13	18910	-1
48	25275	-1
13	23340	1
45	13061	-1
23	6835	1
39	9279	-1
16	15462	1
30	27272	-1
38	26723	-1
13	4483	1
6	1759	-1
0	14122	1
36	7011	-1
3	28162	-1
26	29278	-1
4	19863	1
6	25385	1
6	24364	1
42	12443	1
29	16336	-1
40	22060	-1
12	10538	-1
30	218	1
40	24444	1
19	4838	-1
37	21593	1
36	22276	1
47	2913	-1
36	23140	-1
14	8403	-1
26	26256	-1
25	12812	1
17	22481	-1
24	27842	-1
48	16634	1
18	25135	1
46	3152	1
19	29495	-1
39	7862	1
23	18565	-1
1	17133	-1
36	11736	-1
5	21275	1
17	2398	-1
4	16077	1
38	822	-1
4	816	1
1	24886	-1
43	2809	1
17	9239	1
0	2718	-1
38	26290	1
5	13071	1
43	28811	1
8	5225	-1
30	28543	-1
8	3262	1
36	30759	1
6	30824	-1
18	10869	-1
28	3543	-1
6	26817	1
29	393	1
6	12121	-1
49	8233	-1
36	22474	-1
16	21171	-1
42	29009	1
46	9530	1
9	30229	-1
17	5362	1
6	17390	1
47	21748	-1
45	8844	-1
10	28036	1
40	21993	1
44	5351	-1
42	20110	-1
23	2790	1
31	14109	-1
48	5818	-1
33	10952	-1
5	14736	1
43	7423	1
29	16108	-1
0	29565	1
44	11596	-1
16	10329	-1
4	7734	1
35	4930	-1
28	27623	1
46	30975	-1
40	6930	1
0	3425	-1
18	24084	1
13	11299	1
1	18831	1
46	22765	-1
22	7541	-1
6	8177	1
27	15720	-1
11	974	-1
1	10609	1
5	17270	1
27	25135	-1
45	29166	-1
31	5291	-1
5	4739	1
26	22287	-1
7	9868	-1
43	25087	1
34	830	1
28	4342	-1
0	15834	1
35	27130	1
10	30933	-1
21	24724	-1
36	9921	-1
17	29164	1
26	6480	-1
41	1433	-1
15	16027	-1
14	11799	-1
44	27981	-1
1	17022	-1
40	12840	1
43	11208	1
24	29289	-1
41	10645	-1
10	25586	-1
13	14691	-1
28	9911	1
8	2748	1
4	4271	1
23	21822	1
38	9087	-1
8	18491	-1
8	2427	-1
12	26926	-1
43	29491	1
38	9080	-1
48	16266	1
14	13461	1
13	22024	-1
13	14650	1
40	10542	1
46	13170	1
25	3151	-1
20	17330	1
8	26037	-1
35	26411	1
37	18562	-1
20	13032	-1
36	25286	1
20	22363	-1
28	15017	1
18	2451	-1
42	15794	1
41	21577	-1
46	10806	1
46	15436	1
9	2405	-1
40	14725	-1
48	30504	-1
31	830	1
8	24572	1
21	16108	1
6	20413	-1
4	14069	1
40	18360	1
31	22042	1
8	18607	1
0	11440	1
13	27738	1
13	7472	1
16	19565	1
4	24100	1
43	30290	1
18	1859	-1
37	14034	-1
9	433	-1
17	4920	1
20	6828	1
33	8754	-1
4	15928	1
8	27836	1
17	2462	1
38	2547	1
32	26375	1
34	7735	-1
44	1321	-1
13	16658	1
13	14081	1
29	21762	-1
40	20878	1
9	3667	-1
9	11722	-1
23	7483	1
18	7184	1
36	22174	-1
20	19581	-1
40	29421	1
16	10085	1
10	19363	1
38	9764	-1
40	4027	1
30	20737	1
32	7204	-1
28	18545	1
3	6514	-1
4	11151	1
43	25142	1
26	28238	-1
43	24150	1
46	22243	1
42	15457	1
5	25338	1
45	24229	-1
49	29884	-1
17	3759	1
1	13682	-1
17	11659	-1
0	18160	-1
0	9577	-1
5	28834	-1
20	20191	-1
32	7121	-1
39	19084	-1
25	9105	-1
10	2624	1
43	27664	1
4	8780	1
16	9687	1
45	4728	-1
38	5229	-1
23	26355	-1
34	28451	-1
44	20447	-1
13	23187	-1
26	5648	-1
8	5370	1
46	3053	1
44	25424	-1
24	25071	-1
44	9094	1
9	22656	1
20	6313	-1
1	7279	1
18	30990	-1
23	25180	-1
31	24999	-1
48	3568	-1
38	24230	-1
24	30477	-1
12	14008	-1
6	28940	1
9	29614	-1
13	27266	1
41	9276	-1
25	4039	-1
39	16134	-1
15	2263	-1
43	7835	-1
47	12865	-1
12	5326	1
16	11893	-1
10	11007	1
29	21935	-1
28	28890	-1
32	25812	1
9	2097	1
4	20363	1
39	16700	1
13	1513	1
34	4581	1
6	29631	-1
42	4201	1
32	27496	-1
5	29496	1
4	21168	1
46	13428	1
22	20883	-1
34	1137	-1
36	19685	1
9	5189	-1
46	5166	1
4	3343	-1
22	29568	-1
5	27362	-1
28	28340	-1
26	13854	-1
43	27407	-1
27	21055	-1
37	448	1
46	3372	-1
30	29804	-1
45	16662	1
6	2583	-1
44	25195	-1
43	2363	1
29	21900	1
12	19527	1
33	26044	-1
15	19843	-1
3	2483	-1
48	9328	1
31	11148	-1
6	28835	1
4	17234	1
48	22865	1
17	14278	-1
7	19244	1
4	6325	1
26	14177	1
24	25348	-1
46	17606	1
28	2803	1
35	14860	1
18	21709	-1
42	5386	1
8	20519	-1
18	12219	-1
17	4310	1
7	14961	-1
19	7273	-1
17	9445	1
5	8713	1
18	2826	1
6	22617	1
18	17315	-1
36	6429	1
2	23664	-1
40	17006	1
48	15572	1
16	28753	1
30	14306	-1
44	9061	1
33	28884	-1
48	2798	1
18	17924	-1
9	8730	-1
15	4611	-1
39	25740	1
24	1136	-1
13	14147	1
4	8596	1
27	26580	-1
8	672	1
41	20673	-1
40	29320	1
19	8740	-1
13	14026	1
30	24990	-1
33	18996	1
29	22148	1
18	6698	1
12	24944	-1
6	26190	1
5	26066	-1
28	1037	1
30	6365	1
42	25865	1
1	3070	-1
27	6531	-1
43	19668	1
14	2263	-1
8	9892	1
39	22050	1
1	5893	-1
22	11638	1
29	16498	-1
44	15018	-1
48	5584	-1
19	24867	-1
6	18315	1
16	4786	-1
32	15902	-1
7	2497	-1
24	1661	-1
13	7995	1
13	11873	1
19	28497	-1
30	2216	-1
33	18390	-1
8	1813	1
32	22447	-1
27	18346	1
48	25785	1
33	11407	-1
43	11722	1
40	14929	1
7	24867	-1
40	20793	1
24	9232	-1
34	20923	-1
19	6777	-1
39	8198	-1
3	11632	-1
43	2478	1
21	18280	-1
39	22673	-1
12	10518	-1
24	5120	-1
3	3074	1
19	18223	-1
23	2269	1
16	17027	-1
38	29270	-1
10	19395	1
23	14799	1
7	29296	-1
8	27318	-1
8	12115	1
45	16158	-1
28	2573	1
43	621	1
8	28105	-1
3	27799	-1
1	22612	-1
28	25130	-1
28	25950	-1
25	13323	1
6	4912	-1
13	15581	1
40	2728	1
18	8954	-1
49	27586	-1
32	104	-1
46	12434	1
42	1994	-1
13	16206	1
25	30351	-1
6	30027	-1
44	27449	1
15	18769	-1
47	16634	-1
49	22675	1
22	1845	-1
46	27206	1
49	21493	1
44	3180	-1
8	1226	1
5	24937	1
34	8667	1
42	12009	1
6	23230	1
10	22432	-1
25	21705	-1
23	1152	1
18	25032	1
46	23894	1
32	23417	-1
28	19573	-1
35	27905	-1
26	16017	-1
21	30473	-1
31	23596	1
35	2359	-1
4	20917	-1
34	28473	-1
7	22203	-1
19	8754	-1
8	15750	1
1	26789	-1
46	27910	-1
37	11820	1
22	10479	-1
29	3284	-1
36	11910	-1
48	23812	-1
33	19866	-1
16	21864	-1
12	26919	-1
26	19176	1
18	3330	1
9	6488	-1
1	2276	-1
18	27187	1
18	13188	1
30	14256	-1
45	11491	-1
39	2752	1
30	8861	1
13	30997	1
6	8688	-1
18	23642	-1
43	25506	1
4	20691	1
48	25777	1
22	6083	1
28	6458	-1
21	21472	1
34	24126	-1
13	16071	1
25	16996	-1
49	30388	-1
14	18267	1
5	6376	-1
34	30666	1
42	5692	1
46	26316	1
29	12105	-1
29	28530	-1
43	27431	1
4	7236	-1
3	25133	-1
6	17086	1
48	13958	1
16	16360	-1
9	13136	-1
36	29414	-1
9	13201	-1
43	6797	1
9	22048	1
49	6652	-1
17	3593	1
16	19252	1
43	30354	-1
37	1029	-1
38	7389	-1
43	11657	1
49	10416	1
1	13327	1
16	23343	1
13	21315	1
33	24922	-1
21	732	1
7	4032	-1
6	26239	-1
12	29094	-1
1	2478	1
28	11725	1
17	3601	1
49	799	1
8	22244	1
39	5368	1
40	8856	1
46	338	1
21	9065	1
0	21868	1
48	29971	1
3	17907	-1
20	23686	1
32	15608	-1
43	19214	1
7	9462	-1
19	22331	-1
9	15688	-1
17	1508	1
46	3064	1
6	25768	1
32	5581	-1
25	6877	1
47	21561	-1
7	23062	1
35	944	1
26	22580	1
29	20740	-1
13	14330	1
42	24996	-1
48	29291	1
17	301	1
46	5488	1
48	2605	1
17	8812	-1
39	21318	-1
19	29585	-1
46	10704	-1
9	26028	1
46	9479	1
36	2315	1
23	1623	-1
25	3648	1
26	28404	1
15	29108	-1
23	20596	1
40	4467	-1
7	29300	1
8	1287	1
18	27293	1
19	18847	-1
37	18018	1
6	10140	1
39	9481	1
5	11798	-1
25	27586	-1
35	21156	1
35	19712	1
37	9552	-1
41	13194	-1
17	6846	-1
25	18141	1
27	3992	-1
5	17660	1
36	11279	-1
4	11106	1
4	29474	1
18	7289	1
8	4123	-1
41	16117	-1
45	16738	-1
14	19834	-1
45	5726	1
48	25878	-1
17	26065	1
40	29041	1
43	28911	1
28	11876	1
16	18809	1
48	9005	1
48	8781	1
7	3409	1
16	27176	-1
28	24498	1
14	6476	-1
44	11360	-1
8	12699	1
16	4523	1
28	16180	-1
8	8785	1
40	22641	1
9	21814	-1
41	15583	-1
14	27213	-1
5	17649	-1
46	10159	1
6	3384	1
36	22601	-1
12	22843	-1
8	5439	1
2	2550	-1
19	30628	-1
1	5699	-1
44	23372	1
1	13336	-1
40	2870	1
8	21371	1
48	5830	1
36	8489	1
35	30850	-1
43	17751	1
6	5719	-1
31	4873	-1
11	14203	-1
42	15964	1
6	5159	-1
17	15034	1
43	2571	1
0	8220	-1
5	18029	-1
37	23794	-1
6	1875	1
4	20685	1
44	21311	1
33	21248	-1
9	30218	1
44	5076	-1
22	16746	-1
31	6834	-1
28	3951	1
36	19271	1
46	26759	1
13	24470	1
32	16799	-1
27	21029	-1
14	2687	-1
38	15759	-1
44	21919	1
40	26619	1
40	11716	-1
17	29746	-1
10	5786	-1
26	19714	-1
23	30321	1
29	14879	1
29	8935	1
39	23798	1
45	10686	-1
7	12176	1
33	29208	-1
13	21368	1
26	22152	-1
3	7353	-1
32	15560	-1
43	17610	1
43	25510	1
18	18740	-1
29	3749	-1
46	15058	1
46	9631	1
43	25599	-1
33	2516	-1
43	1570	1
48	28266	1
22	24111	-1
26	3677	1
36	18538	1
5	26037	1
38	10319	-1
39	24491	-1
7	10156	-1
40	15385	1
10	29670	1
8	27167	-1
17	30589	1
48	29638	1
16	25554	1
35	13368	-1
40	28933	1
25	26946	-1
3	3804	-1
35	21874	-1
24	15471	-1
23	6664	-1
24	20157	-1
46	28816	1
40	10541	1
31	10140	-1
28	16218	1
43	7997	1
4	20677	-1
13	12899	1
43	27473	-1
11	14129	-1
43	21116	1
6	13927	1
1	19641	-1
43	7551	1
4	5307	1
48	18539	1
46	11453	1
8	6655	1
10	15669	1
33	29094	-1
4	13616	1
46	12874	1
8	4424	-1
27	2044	-1
4	1040	1
38	14296	-1
45	20705	1
37	18139	-1
28	5436	1
9	22303	-1
17	19255	1
43	6970	1
6	14595	1
10	24522	1
47	9670	-1
45	22246	1
34	2149	-1
46	4612	1
48	9618	1
39	5293	-1
30	28420	1
34	18891	-1
43	18837	1
44	20634	1
11	13913	-1
5	1767	-1
43	20904	1
25	5441	1
35	6798	-1
20	26128	-1
42	17626	1
43	3433	1
41	8054	-1
43	2923	1
42	24772	1
17	30963	1
17	15768	-1
5	13320	1
48	31003	1
10	28944	1
46	25388	-1
8	306	1
39	22878	-1
21	21411	1
32	13697	-1
42	28310	-1
7	10349	-1
9	8694	1
21	12982	1
4	31046	-1
35	8757	-1
47	24643	-1
22	16987	-1
38	3247	-1
16	17883	1
29	18930	-1
48	23543	1
21	14369	1
33	19157	-1
16	10204	1
33	3629	-1
24	3981	-1
41	5830	-1
33	387	-1
25	24282	-1
40	1470	1
48	12416	-1
16	28952	-1
22	30316	-1
48	19728	1
13	24828	1
6	13984	1
38	26719	1
19	13963	-1
28	16606	-1
33	18612	-1
7	9499	1
10	30608	-1
35	17360	-1
46	5825	1
5	24766	1
45	6512	1
45	2547	-1
23	13197	1
33	16446	-1
16	5843	1
13	16717	1
42	22722	1
6	18164	-1
21	11092	-1
32	30206	-1
47	20669	-1
43	28087	-1
29	24722	-1
4	9530	-1
35	17922	1
30	8578	1
36	10718	-1
25	11349	-1
12	30121	-1
8	6818	1
27	29373	-1
36	20048	-1
28	1646	-1
20	21739	-1
32	27014	-1
18	937	1
16	2039	-1
44	118	1
46	10861	-1
35	29711	1
45	25365	-1
4	24184	1
23	28519	-1
27	1648	-1
23	14145	1
37	27492	-1
6	28452	1
12	309	1
1	6944	-1
9	21484	-1
16	25717	1
17	8026	1
35	13904	1
46	9112	1
49	22956	-1
9	20353	1
28	24711	1
16	20836	-1
4	536	1
43	441	1
28	25223	-1
4	15239	1
43	14394	1
1	8184	1
27	19759	-1
18	7551	-1
19	24073	1
16	7661	1
19	12660	-1
7	5433	1
7	17779	-1
47	20074	-1
31	17893	-1
9	3567	-1
42	18012	1
22	12624	-1
8	9649	1
26	7414	1
8	2541	1
40	2004	1
39	23854	-1
19	8699	-1
39	20392	1
46	6860	1
37	4670	-1
10	5213	1
27	6429	-1
5	944	1
22	20848	-1
33	24206	-1
4	15351	1
43	19609	1
48	4990	1
18	9563	-1
9	10582	1
8	23808	1
8	17611	-1
42	23746	1
40	8382	1
29	19139	-1
9	22633	-1
1	21968	1
16	6046	1
18	4301	-1
12	7066	-1
7	28229	1
17	2431	-1
46	19606	1
33	12569	-1
28	7818	-1
29	7806	1
43	14249	1
43	18311	-1
37	404	-1
23	30390	1
41	18455	-1
8	21391	1
34	27302	-1
46	16284	1
1	11465	-1
12	8310	-1
35	25245	1
14	12284	1
31	3552	-1
48	15960	1
25	6699	-1
36	6029	-1
4	22243	1
48	14524	1
42	27065	-1
16	19059	1
35	20950	1
43	3800	1
17	7843	-1
16	16057	-1
8	24317	1
25	19004	-1
6	27684	1
48	18530	1
30	10925	-1
49	16658	1
46	13526	1
46	14266	1
43	172	1
14	11297	-1
12	8792	-1
43	30516	1
8	30807	1
26	21484	-1
46	25633	1
22	26275	-1
36	12564	1
4	4771	1
25	24439	-1
37	17721	-1
1	3168	-1
49	20449	-1
25	27668	1
5	28763	1
18	26723	-1
43	21200	1
21	24737	-1
22	18542	-1
3	27037	-1
39	26737	1
46	1003	1
43	18428	1
2	10718	1
40	8278	1
4	26629	1
48	15166	-1
40	19629	1
39	14263	-1
42	3534	-1
12	14167	-1
28	23116	-1
48	13412	1
20	24894	-1
22	18782	-1
42	27699	-1
14	5891	1
48	27136	1
8	23095	1
27	10188	-1
48	1450	1
44	15279	1
34	27774	-1
25	26927	-1
4	12197	-1
13	9099	1
41	4445	1
10	2500	1
36	14488	-1
24	16049	-1
33	14546	-1
45	5506	-1
46	16597	1
11	23799	-1
33	25839	-1
11	78	-1
5	24022	1
10	2531	1
22	20767	-1
23	27601	1
4	9133	1
8	54	1
45	24063	1
12	20301	-1
13	8857	1
43	29807	1
43	23975	1
45	25479	-1
18	14264	-1
18	19447	1
22	12241	-1
46	25291	1
10	18907	1
22	15265	-1
11	2965	-1
20	7803	-1
16	1676	1
4	23448	-1
35	21069	1
29	2394	1
21	23290	-1
16	3746	1
43	17004	1
13	16871	1
21	3367	-1
9	2803	1
5	5189	1
11	30013	-1
5	25332	1
16	5443	-1
6	23238	-1
38	23226	-1
19	26165	-1
9	2699	-1
35	23828	-1
37	22165	-1
6	22874	-1
20	11091	-1
27	23191	-1
25	28677	-1
20	12343	-1
44	21709	1
17	14953	1
48	4043	1
38	19928	-1
26	20629	1
46	15755	1
14	21494	-1
2	29605	-1
20	23520	1
39	29376	1
46	14731	1
46	8187	-1
48	28244	-1
29	1405	-1
4	15765	1
10	2050	-1
28	8976	1
17	19100	1
43	13224	1
46	696	-1
42	28397	1
43	28933	1
26	26104	-1
30	168	1
13	4597	1
42	19850	1
37	17945	-1
12	25842	-1
26	10180	-1
8	4347	1
40	13686	-1
43	20646	-1
45	22890	-1
1	2293	-1
46	29941	1
11	30222	-1
39	18326	1
43	3979	1
49	28063	-1
14	8630	-1
41	17864	-1
7	11085	-1
42	4571	1
8	5506	1
22	14970	-1
43	4290	1
6	8866	-1
24	11935	1
43	26401	1
41	29877	-1
8	21797	1
0	15907	-1
32	15025	1
5	12632	1
6	9407	1
8	2586	1
34	28094	-1
28	14378	1
48	28453	1
8	25300	-1
9	30859	-1
10	6062	1
47	29949	-1
8	23905	1
48	12016	1
9	22954	-1
43	30248	1
45	23283	1
37	3066	-1
43	20892	1
7	28	1
32	21571	1
43	14957	1
44	1657	1
0	11051	-1
22	9600	-1
10	24357	-1
48	27495	1
22	18922	-1
47	22907	-1
34	12400	-1
36	27555	1
47	29688	-1
8	8893	1
37	24693	-1
27	19825	1
9	10756	1
28	23158	1
5	1318	-1
30	17616	1
40	25897	1
29	8011	1
40	11277	1
7	18359	-1
14	3217	-1
46	4733	1
42	25898	1
43	15294	1
11	2048	-1
46	16376	1
48	16262	1
26	8961	-1
26	19200	-1
28	23847	-1
17	25705	1
49	13911	1
17	28734	-1
4	17040	1
48	11158	1
4	16721	-1
46	30257	1
5	328	-1
39	3865	-1
8	25283	-1
48	12691	1
46	26777	-1
44	22841	1
37	19612	-1
16	5126	1
23	20974	1
9	4178	-1
20	11480	1
29	14641	1
1	29086	-1
49	13382	-1
19	11898	-1
14	750	-1
43	27532	-1
4	14369	-1
4	25097	-1
37	28563	1
32	20521	1
32	5065	-1
19	22258	-1
4	23483	1
1	556	-1
10	16853	1
8	4764	1
43	4196	1
20	28678	-1
40	19218	1
24	4942	-1
27	20593	-1
23	4266	-1
0	17812	-1
25	19212	-1
42	5135	-1
42	14709	-1
43	21649	1
27	23425	-1
19	29118	-1
39	17055	-1
1	14384	1
15	26420	-1
5	14292	-1
16	18714	-1
44	9825	1
31	29102	-1
22	12848	-1
27	13255	-1
46	23828	-1
37	8171	1
41	16920	-1
32	30655	-1
25	11136	-1
45	30765	1
22	25824	1
43	25860	-1
46	6132	1
42	20322	1
8	12410	1
2	28996	-1
13	24129	-1
8	23583	1
40	14355	1
14	20366	1
29	25692	-1
40	22179	-1
15	20683	1
6	27431	1
42	24347	1
16	14532	-1
4	20438	1
48	20086	1
27	30577	1
43	4109	-1
16	16583	-1
18	17867	1
48	3032	1
42	18315	-1
40	31066	-1
46	5616	1
1	20013	1
30	811	-1
37	23354	-1
21	15285	-1
24	14177	-1
13	30245	1
10	21575	1
43	3324	1
49	26851	1
17	27393	-1
0	24133	1
49	29616	1
4	19500	-1
48	21336	-1
41	24198	-1
38	5498	1
43	27583	1
11	23097	-1
35	6410	1
48	19365	1
0	1240	-1
16	10435	1
43	16416	1
16	767	1
46	16580	1
46	3214	1
23	9309	1
11	26544	-1
2	15454	-1
47	19327	-1
9	26950	-1
19	28086	-1
25	25542	-1
8	22931	1
4	15261	-1
40	26528	-1
18	8689	-1
33	10122	-1
16	18757	-1
34	6282	-1
21	26055	-1
16	11194	-1
43	24401	-1
42	10752	1
28	8277	-1
3	4279	-1
4	15173	1
43	27810	1
17	25402	1
28	21219	-1
31	8114	1
9	8606	-1
28	20749	1
40	17969	1
31	8762	1
23	31066	-1
4	27602	1
17	12421	1
5	6227	-1
3	21949	-1
13	9451	1
36	14834	1
43	26575	1
21	15866	-1
24	4542	-1
43	1110	1
30	5626	1
35	5385	1
47	6121	1
43	22960	1
5	30377	-1
23	10616	-1
12	25013	-1
23	27946	1
46	27048	-1
41	15434	-1
20	8380	-1
41	21382	-1
34	9676	-1
40	16731	1
28	3626	-1
47	14274	-1
25	10767	-1
3	27865	-1
42	16110	1
36	25778	-1
6	19653	1
7	12268	-1
44	2096	1
38	14619	-1
7	28106	-1
8	13114	1
30	29036	1
18	16035	-1
38	22973	1
4	20686	1
43	11913	1
49	2209	1
21	709	-1
20	18035	1
15	13660	-1
40	9934	-1
13	30047	1
34	3940	-1
12	28379	1
48	9492	1
43	27111	1
28	11117	-1
17	19523	1
11	8824	-1
6	19667	1
45	17855	1
39	23582	-1
46	10857	-1
6	4663	-1
28	9664	1
13	30232	-1
13	10556	1
23	6363	1
42	7046	-1
38	13379	-1
21	15913	1
17	12948	-1
2	14521	1
34	11131	-1
8	16418	1
29	20782	1
30	24094	-1
13	8965	1
46	29617	1
39	23144	-1
19	23773	-1
48	29281	-1
46	26177	1
42	22684	-1
35	10860	-1
37	8473	-1
38	1688	-1
35	16785	1
8	20637	1
9	13251	1
42	15414	-1
8	28256	1
7	23958	-1
13	6334	1
33	317	-1
46	13068	1
28	8746	1
30	18173	-1
43	16514	1
46	1286	1
19	7557	-1
46	20383	1
11	20917	-1
19	4508	-1
40	10323	-1
2	20028	-1
32	8257	1
20	30640	1
16	7851	1
22	16291	-1
46	13869	1
48	28336	1
48	7954	1
18	25851	-1
40	21927	-1
46	4171	1
29	10832	1
18	28223	1
48	496	1
47	30444	1
6	19084	1
47	19069	-1
20	27490	1
42	13730	-1
9	24532	-1
40	21944	-1
12	30166	-1
48	5722	1
47	29879	-1
44	18420	1
8	12517	1
20	5892	-1
9	4454	1
10	18693	1
1	13639	-1
14	28522	-1
26	5168	-1
46	19045	-1
26	5302	1
43	27053	1
36	8062	1
46	2845	1
30	19164	1
1	30046	1
9	16148	1
36	2294	-1
10	146	1
41	6772	1
6	22201	-1
17	22078	-1
21	28882	-1
27	17839	1
31	4529	-1
39	12844	-1
42	9734	-1
28	16674	-1
28	14281	-1
36	6243	1
40	16740	-1
48	30629	1
44	26261	-1
5	26660	1
26	5066	-1
20	5994	1
20	21028	1
28	21778	-1
39	5100	-1
36	613	1
27	24634	-1
41	22620	-1
13	13217	-1
43	1027	-1
22	29177	-1
16	23079	-1
10	12618	1
34	4656	-1
35	27303	-1
15	8820	-1
35	28386	1
5	23216	-1
39	1821	-1
1	19859	1
13	2263	1
42	11647	1
41	13922	-1
13	21113	-1
10	21009	1
42	26539	1
44	12132	1
43	14803	1
28	4976	-1
36	14067	-1
36	22261	-1
28	23052	-1
16	1340	1
8	29296	1
12	4114	1
46	6422	1
8	8072	1
44	9998	1
43	17740	-1
17	18919	-1
42	30313	1
48	19328	1
39	20161	-1
13	1533	1
15	22156	-1
8	15314	1
13	19446	1
48	25185	-1
43	17433	-1
40	8984	1
18	31021	1
42	4113	-1
7	6079	-1
29	17124	1
41	5008	-1
43	29857	1
34	21276	-1
34	27103	1
13	862	1
18	18832	1
7	16827	1
21	22905	1
19	7736	1
35	28960	1
8	15601	1
14	2865	1
15	4988	-1
8	945	1
17	27712	1
10	19579	-1
1	1262	-1
32	28911	-1
10	14931	-1
47	3005	-1
0	2433	-1
46	17685	1
16	29053	-1
46	15665	-1
43	1949	1
20	25183	-1
49	145	-1
8	30417	-1
43	2399	1
40	8029	1
25	29085	1
5	1792	1
1	21345	1
47	4537	-1
44	13530	1
46	2686	1
43	29783	1
48	10738	-1
7	11687	1
30	5444	1
44	11952	1
14	9852	1
38	11896	1
2	23728	1
4	5637	-1
30	17195	-1
30	22596	-1
11	12453	-1
42	14650	-1
7	18269	-1
49	11667	-1
42	2971	1
17	3689	1
37	30055	-1
16	240	-1
12	22256	-1
8	22021	1
20	19043	-1
38	29606	1
31	16065	-1
42	7099	-1
1	14260	1
39	6279	-1
12	26436	-1
23	8716	-1
24	1158	-1
28	9698	1
19	767	1
17	13781	1
23	24732	1
11	10852	-1
16	3527	-1
35	12290	1
11	15581	-1
17	7528	-1
48	19112	1
10	25744	-1
4	16448	1
13	9678	-1
27	25885	-1
48	12700	1
20	25755	-1
46	3995	1
27	22468	-1
49	4273	1
38	2668	-1
10	19879	-1
46	14789	1
46	28670	-1
48	14847	1
49	5363	-1
42	13083	1
22	7182	-1
34	17678	-1
28	1378	1
37	14809	1
21	19891	-1
11	6594	-1
21	5566	-1
44	1927	1
31	25291	-1
45	24955	1
21	4571	-1
10	17395	1
43	7667	1
20	4597	-1
35	301	1
18	4850	-1
6	3070	1
39	24405	-1
4	11509	1
43	10310	-1
43	11725	1
30	30641	-1
14	14042	1
40	3210	1
43	4233	1
46	17	1
3	2439	-1
43	4911	1
28	27375	1
3	27473	-1
43	5344	-1
48	15886	1
33	17228	-1
6	856	-1
5	15339	-1
25	942	1
42	29885	1
38	28775	1
41	29053	-1
47	10158	-1
40	13761	-1
18	26328	-1
31	18488	1
42	2165	-1
44	12326	1
35	30404	1
48	12231	1
49	23174	-1
43	12953	1
8	25171	1
48	16620	1
40	17502	1
13	6128	-1
16	28212	-1
43	17701	1
2	4515	1
2	22669	-1
20	21501	1
5	3992	1
1	13253	-1
28	21988	1
7	12438	1
13	10994	1
49	3060	1
21	16550	1
48	11083	1
2	3457	-1
4	1574	1
46	1867	-1
9	8086	1
40	22909	-1
39	18363	-1
19	16262	-1
7	12966	1
13	24487	1
43	18306	1
16	28382	-1
10	7066	-1
13	6489	-1
40	10896	1
25	29188	1
10	19553	-1
46	12110	1
28	10458	-1
28	28036	-1
3	12545	-1
23	9813	-1
34	31008	1
6	22738	1
8	1493	-1
31	28279	-1
30	3374	-1
36	5765	-1
33	12504	-1
1	9056	1
23	649	-1
9	30628	1
9	9765	-1
5	2478	1
40	5417	1
6	8619	-1
12	1371	-1
5	22382	1
27	6546	-1
12	17381	-1
9	17061	-1
13	7135	-1
23	1643	-1
15	7160	-1
21	9638	1
30	24741	-1
32	24315	-1
22	24556	-1
40	27556	1
42	24287	1
30	22646	-1
11	27418	-1
31	10429	-1
16	26742	1
4	5093	-1
49	5136	-1
16	8289	1
22	28307	-1
37	17917	-1
17	3639	1
49	11700	1
26	4753	-1
13	29401	1
17	18896	1
19	209	-1
48	21363	1
32	3967	-1
48	28410	1
32	16827	-1
40	12600	1
26	3344	-1
26	18632	-1
19	5078	-1
31	16103	1
36	21602	-1
45	11863	-1
6	21739	1
29	18027	-1
43	29797	1
1	7380	1
35	12721	-1
24	25115	-1
38	4690	-1
10	26572	-1
7	17632	-1
13	7660	-1
44	287	-1
43	11786	1
8	20887	1
46	31078	1
23	16466	1
23	26736	1
16	9209	1
12	1626	-1
18	18943	1
29	23694	-1
17	436	1
8	10280	1
35	13875	-1
27	22363	-1
34	12669	-1
24	13288	-1
40	13330	1
30	4636	-1
36	18447	-1
29	27914	1
22	14653	-1
46	9555	1
21	13456	1
43	6024	1
40	7204	1
32	15523	1
24	17319	-1
40	16536	-1
13	13088	-1
4	25146	-1
40	15181	-1
6	13156	1
8	14555	1
18	18687	1
49	12644	-1
4	29250	-1
13	2910	1
22	22966	-1
10	13709	-1
47	23254	-1
43	15604	1
18	29052	-1
9	30	1
46	8502	1
20	19083	1
6	13423	1
11	21947	-1
44	24604	1
6	6001	1
20	10247	1
14	513	-1
18	18116	1
37	14594	-1
33	30073	-1
28	25030	1
49	13517	1
40	16352	1
30	18528	-1
49	5870	-1
7	26834	1
6	10620	1
45	15787	-1
29	28781	-1
16	1199	-1
43	503	-1
37	9501	1
4	28489	1
23	3009	-1
46	19725	1
16	5493	1
39	29892	1
18	11647	-1
48	13206	1
35	9079	1
2	18665	-1
34	6966	-1
39	7494	1
15	23966	1
49	19461	1
6	26532	-1
25	3614	-1
6	14929	1
5	5829	1
29	2533	-1
43	20557	1
36	3401	-1
46	8562	1
7	1849	1
4	19210	1
18	29815	1
43	26829	1
40	25227	-1
17	11437	1
21	9241	-1
46	24166	1
21	2563	-1
35	27027	1
13	3253	-1
46	3462	1
8	5004	-1
33	23051	-1
38	11821	-1
25	6413	1
26	7975	1
2	30921	-1
5	24194	-1
40	26530	1
43	7716	1
1	24116	1
17	1285	-1
17	30090	1
44	23092	-1
26	2747	1
48	4113	1
5	8428	1
34	24163	-1
4	18161	1
6	24038	1
8	19777	-1
27	1297	-1
22	18751	-1
14	3420	1
11	16021	-1
8	2692	1
2	10186	-1
36	10771	-1
46	12389	1
48	28389	1
17	25336	1
35	7597	-1
44	19896	1
42	20400	1
37	12774	-1
36	15064	1
47	24654	-1
48	17912	-1
13	27992	-1
36	21762	-1
3	12812	-1
16	465	-1
36	22686	1
35	22771	-1
4	13316	1
5	28653	1
25	7368	-1
41	1443	-1
43	16998	1
13	14774	1
39	602	-1
46	9278	1
43	14003	1
49	3295	1
29	21873	-1
9	6907	1
48	3048	-1
8	27831	-1
4	7618	1
46	23093	-1
19	12713	-1
37	23536	1
6	21735	-1
16	26012	-1
48	8168	1
36	29252	-1
21	23362	1
13	3094	-1
44	5081	-1
43	9612	-1
42	5430	1
43	29952	1
5	8290	1
25	24793	-1
18	13452	-1
41	14708	-1
14	7855	-1
49	14681	-1
40	7560	-1
45	1459	-1
18	5515	-1
5	3775	-1
6	16767	-1
7	2500	1
20	23898	-1
42	10395	1
33	4349	-1
46	26495	-1
49	19423	-1
8	11283	-1
7	6389	1
23	12142	1
25	20185	-1
49	9240	-1
4	10723	1
48	27598	1
40	10083	1
24	29121	-1
15	13739	-1
1	21733	1
28	12935	1
6	15862	1
14	22001	-1
10	29600	1
23	7805	1
3	607	-1
45	12369	-1
23	29954	1
35	17462	1
29	19125	-1
5	18461	-1
43	22158	1
13	24061	1
6	24683	1
28	14516	1
43	22098	1
17	19640	-1
44	1449	1
31	23748	-1
13	17969	1
10	16230	-1
34	5993	-1
30	13584	1
40	15771	1
15	13888	1
16	8049	-1
12	17206	-1
47	4766	-1
18	28432	1
5	30173	-1
13	26605	1
45	15724	-1
43	2413	-1
1	30107	-1
5	8007	-1
45	25823	-1
28	9022	1
15	27811	1
43	5312	1
26	6384	1
23	11629	-1
23	7310	1
47	18753	-1
42	13593	1
38	11710	-1
46	1197	1
18	17834	1
34	24946	-1
42	28448	-1
7	11204	1
40	768	1
8	3642	1
12	30364	-1
15	29455	-1
35	27083	1
7	14190	-1
17	30081	1
5	30696	1
43	13747	1
28	24065	1
37	7866	-1
8	479	1
43	10081	-1
9	22901	-1
6	26978	1
20	21288	1
10	25100	1
0	1966	1
8	10762	1
30	27806	1
29	75	-1
4	20238	1
18	6223	1
44	15364	-1
47	25289	-1
46	8675	1
44	2800	-1
4	30769	1
17	29626	1
48	8497	1
40	20407	1
24	8064	-1
46	19846	1
13	21141	1
15	22463	-1
10	2128	1
6	30969	1
16	27703	-1
16	3506	1
24	4320	-1
30	21559	-1
46	11162	-1
9	21448	-1
48	17730	1
42	12867	1
6	17011	1
13	24421	-1
6	7210	-1
39	23823	-1
10	6456	1
38	30246	1
43	16148	-1
14	9711	-1
1	22212	-1
32	27527	-1
10	3552	-1
4	29620	-1
41	21605	-1
1	3424	-1
40	3944	1
46	7662	1
15	23743	1
42	15761	-1
5	19392	-1
4	11721	-1
11	3366	-1
17	8281	-1
38	11782	-1
28	4561	-1
43	12509	1
44	400	1
42	8058	-1
16	11140	-1
43	22688	1
7	19104	1
49	30243	-1
45	144	1
3	7111	-1
17	13118	1
39	435	-1
9	14847	-1
38	15667	-1
25	19619	-1
13	9593	-1
43	30106	1
24	2415	-1
16	5970	1
41	30207	-1
46	8291	-1
43	3133	1
4	11524	-1
8	3137	1
45	30268	1
2	9067	-1
44	19267	-1
36	9227	1
44	15582	1
48	9136	-1
8	21126	-1
41	14690	-1
10	23029	-1
33	12401	-1
4	8139	-1
46	20429	1
16	16237	1
13	24908	1
42	9803	1
40	18235	-1
46	5021	1
23	16851	-1
49	7715	-1
40	2204	-1
5	22625	1
18	19658	1
30	18324	1
46	26799	1
40	23351	1
40	26406	1
27	21689	1
46	21272	-1
15	13051	1
1	5866	1
43	3363	1
32	8211	-1
44	16366	1
35	14885	-1
48	20841	1
26	28161	-1
23	13323	1
28	21519	1
0	26712	-1
8	12345	1
13	24480	1
36	20657	1
21	24678	-1
35	13089	1
44	10551	1
42	30643	1
18	810	-1
43	21298	1
37	17810	-1
9	23595	1
24	29349	-1
43	28397	1
43	8641	1
48	17638	1
6	13925	1
41	6889	-1
12	24029	-1
20	5553	-1
3	4154	-1
43	21946	1
1	16745	1
9	25571	-1
49	26378	-1
31	12831	-1
41	18147	-1
10	6772	-1
6	29609	-1
18	22161	1
30	24062	1
5	20641	1
12	1144	1
24	2187	-1
42	3340	1
2	2101	-1
16	26522	-1
34	8846	-1
27	25646	-1
43	14421	1
29	29979	1
12	29363	-1
8	20559	1
49	31070	-1
42	18121	-1
46	19441	1
14	2162	-1
31	11246	1
44	4015	-1
20	7221	-1
43	4047	1
36	12848	-1
2	30134	-1
31	5412	-1
9	5672	-1
27	16879	-1
4	23374	-1
5	14660	1
8	704	1
16	24959	1
3	30573	-1
19	26269	-1
13	17962	1
6	20111	-1
8	3079	1
22	5125	-1
28	11497	1
40	12996	1
46	21942	1
14	15817	-1
6	2200	1
41	7927	1
37	15985	1
8	22716	1
42	12865	1
10	4379	-1
48	8867	1
23	26795	-1
28	7713	-1
43	5568	1
40	12997	-1
6	16091	1
5	23118	-1
16	6005	1
4	3454	1
31	20155	-1
43	5521	1
5	8174	1
10	24784	1
10	29327	-1
45	21427	-1
21	2714	-1
38	30940	1
48	28862	1
16	28639	-1
23	30151	-1
42	13450	1
33	21912	-1
34	17653	-1
7	23059	1
43	27068	1
31	25479	1
33	18629	-1
14	21031	-1
38	23518	-1
28	16519	1
48	6350	1
42	20996	1
40	20616	1
15	30106	-1
0	7541	1
7	8624	1
8	29835	1
12	24270	-1
40	14268	1
37	29802	-1
6	8158	1
0	24630	1
43	22832	1
22	15275	-1
18	18091	-1
8	1624	-1
29	19936	1
9	6939	1
17	13221	1
46	24439	1
10	26466	1
1	9132	1
6	2636	1
42	888	1
44	11679	-1
16	4157	1
5	29111	-1
36	22032	-1
21	15746	-1
9	27188	-1
49	10428	1
0	15795	-1
6	13280	1
13	4121	1
0	29675	-1
45	3130	1
48	4656	1
26	2661	-1
13	5198	1
1	7064	-1
30	23763	-1
14	4324	1
22	2627	-1
46	20161	-1
7	13733	1
13	6067	1
40	20417	1
44	15911	1
40	26910	-1
26	25954	-1
31	14458	-1
1	26590	-1
43	1628	1
4	18741	1
49	28848	-1
16	15191	-1
9	28931	-1
26	18852	-1
4	2654	1
1	16995	1
36	20764	1
42	16417	-1
48	1654	1
42	8361	1
46	5908	1
18	24449	1
49	13211	1
32	13470	1
40	13329	1
5	28528	-1
10	14113	1
34	27970	-1
41	8574	1
24	22880	1
27	19060	1
34	2033	-1
43	22372	1
8	13699	1
28	8289	1
44	969	-1
12	11609	-1
44	21012	1
3	3933	1
43	9919	1
18	16913	-1
17	11015	1
13	14333	1
14	24302	-1
10	30908	-1
21	14174	1
40	28199	-1
48	2796	1
40	2416	-1
6	2812	1
16	25780	-1
7	7902	1
14	3380	-1
13	4501	1
46	6859	1
45	19072	-1
9	16698	-1
27	22301	-1
0	444	1
38	23092	-1
3	22939	-1
7	7513	1
28	1702	1
11	24851	-1
13	21590	1
44	12243	-1
44	9537	-1
22	24232	-1
19	2795	-1
8	12987	-1
30	23284	-1
4	16644	1
18	4587	-1
48	19867	1
16	12503	-1
9	1727	-1
0	28345	1
35	21271	1
41	9278	-1
10	25295	-1
35	26778	1
32	24814	1
46	30551	1
12	22959	1
3	17493	-1
38	20732	1
34	23901	-1
47	2368	-1
10	29232	-1
7	10267	1
2	4417	-1
45	10038	-1
23	18259	-1
17	22644	1
39	7152	-1
8	22029	1
46	24244	1
2	23195	-1
14	25262	1
17	29647	1
15	7953	-1
37	19240	-1
9	6471	-1
13	1296	1
36	15670	1
25	5475	-1
43	5238	1
8	7172	-1
26	2909	-1
49	6782	-1
13	17681	-1
12	4403	-1
37	22865	1
6	26619	1
21	18202	-1
4	27988	-1
13	15937	1
6	19771	1
42	12405	1
11	29286	-1
11	22455	-1
10	6840	-1
20	10736	-1
1	8056	1
7	28488	1
12	9003	-1
10	8359	1
32	21152	1
4	5552	-1
13	29420	-1
48	652	1
37	10250	1
27	20459	-1
46	18895	1
10	6777	1
20	5535	1
42	24304	-1
23	11927	1
5	10529	1
21	26907	-1
2	18148	-1
8	29363	-1
18	21487	-1
37	14535	1
48	18213	-1
42	17104	1
16	16819	1
17	9231	-1
37	22547	-1
11	13005	-1
5	29115	1
38	13391	1
32	22168	-1
24	22799	1
43	21370	1
43	15422	1
15	13779	-1
47	24230	-1
22	22603	-1
30	30273	-1
26	10816	-1
42	8801	1
34	20500	1
22	25106	-1
9	26491	1
32	23033	-1
13	8450	1
12	19614	-1
6	16718	1
39	11429	1
45	10439	-1
36	22829	-1
44	19077	-1
18	18259	-1
2	16896	-1
17	25224	1
8	7025	1
20	31051	-1
5	2332	1
36	12673	-1
4	28619	1
4	20655	1
19	2734	-1
19	27122	-1
46	25192	-1
5	21555	-1
20	7931	-1
10	21648	1
4	28437	1
1	28163	-1
8	2802	1
35	17850	-1
16	18841	-1
39	30705	1
28	7145	1
42	6629	1
40	20311	-1
2	30816	-1
4	20548	-1
8	14358	1
42	2228	-1
44	20323	-1
0	29941	-1
16	17516	1
46	2494	-1
16	8352	-1
48	22477	1
40	5527	-1
13	1444	1
14	6189	1
25	17250	1
39	9395	-1
9	13142	-1
8	7774	1
26	10316	-1
22	9483	-1
23	28141	1
5	23125	1
3	26845	-1
8	7157	1
3	29780	1
20	10383	1
10	25265	1
46	12392	-1
36	13927	-1
17	26022	1
12	29606	-1
26	492	-1
14	19069	-1
46	14540	1
0	28655	1
28	11259	-1
1	22872	1
46	14629	1
9	25437	-1
49	5738	-1
43	8047	1
13	19514	-1
39	10588	1
39	12502	1
6	7655	-1
1	28988	-1
42	22653	1
40	20343	-1
46	18876	1
42	2692	1
17	1425	1
38	118	-1
44	21677	-1
29	1547	-1
19	16425	1
13	220	1
19	26844	-1
7	8291	1
7	22748	-1
29	5455	-1
17	2140	1
48	20864	1
40	12499	1
16	10892	1
4	16018	-1
10	10051	-1
26	16609	-1
16	26706	1
0	4710	-1
37	3867	-1
0	8515	-1
49	26610	-1
1	17513	1
7	21098	-1
8	19528	1
5	27506	1
33	28736	-1
1	15344	1
34	5901	-1
14	28742	-1
45	6301	-1
3	25944	-1
46	16525	-1
1	28328	-1
35	12793	1
5	7165	1
27	2501	-1
14	26365	1
18	20701	1
39	26807	1
43	7852	1
32	27036	-1
42	4485	-1
4	5406	-1
21	8073	-1
20	1448	1
9	28334	1
4	16498	1
15	14849	-1
6	18218	1
49	19134	1
44	8545	1
45	19157	-1
36	13599	1
41	24887	-1
6	13993	-1
12	6193	1
7	20443	1
8	9596	-1
33	13261	-1
47	28634	-1
35	30338	-1
6	15868	1
2	25779	-1
30	11059	-1
8	10255	1
45	15575	-1
29	21700	-1
16	10595	1
8	25120	1
23	10701	-1
37	26764	1
6	26289	-1
28	20698	1
43	2870	1
43	14402	1
47	12722	-1
26	22359	-1
30	19880	1
18	6938	-1
38	24139	1
16	19937	-1
46	29947	1
38	15322	-1
36	27803	1
18	9225	-1
36	1333	1
6	28689	-1
48	28447	1
11	19656	-1
6	7613	1
11	12739	-1
49	14675	-1
14	1555	-1
38	24248	-1
46	6827	-1
39	3761	1
8	1123	1
14	23091	-1
47	17296	-1
16	21641	1
37	9769	-1
38	21398	-1
36	3667	1
41	23776	-1
11	8361	-1
46	13454	1
10	11315	-1
30	20924	-1
8	13414	-1
5	610	1
42	26861	1
46	21286	1
1	13023	1
21	9145	-1
3	22539	1
6	22903	1
28	25014	1
48	18460	-1
8	20606	1
47	15180	1
18	12901	-1
6	20525	-1
49	955	-1
27	18045	1
5	3947	1
28	14192	1
5	2356	1
46	10519	1
44	14587	1
48	897	1
14	679	-1
49	7838	1
31	591	-1
28	3636	1
49	6863	-1
38	26211	-1
8	17242	-1
0	8780	-1
16	21059	1
19	2860	-1
3	5605	-1
25	2005	1
48	30623	1
44	6025	-1
9	9825	-1
28	12819	1
44	22116	-1
27	1925	-1
13	464	1
42	10112	1
24	24905	-1
4	1147	1
49	17558	-1
24	9011	-1
32	17985	1
42	1198	1
5	25390	1
45	28714	1
27	18088	1
16	25960	-1
6	8828	1
49	9388	1
48	9365	1
23	21466	1
21	22203	-1
48	11130	-1
6	2370	1
25	3227	-1
28	21454	1
7	17725	1
4	30859	1
49	12884	-1
3	28257	-1
25	7888	-1
6	1153	-1
48	11633	-1
6	17462	-1
42	7719	-1
43	13124	1
22	1919	-1
39	16237	-1
15	8198	-1
6	23263	1
13	23300	1
20	21133	-1
16	8001	-1
43	14763	1
6	231	1
21	26310	-1
5	16303	1
4	19539	1
45	30271	-1
27	9435	1
19	11215	1
10	26349	-1
17	8481	-1
42	10933	-1
39	10487	-1
44	30401	1
43	29058	1
19	16564	-1
44	27585	1
7	29502	1
35	6967	-1
16	21877	-1
28	24470	1
26	8978	-1
36	21104	-1
5	24150	-1
30	28265	1
39	15732	1
46	20156	-1
43	525	-1
8	13490	1
48	15180	1
23	12175	1
31	15886	-1
40	13254	-1
15	9000	-1
20	3200	-1
42	13553	-1
8	26983	1
2	20735	-1
21	15653	1
36	17745	1
13	24851	-1
21	28765	1
48	14789	1
18	15381	1
34	14356	-1
48	8211	1
32	28000	-1
48	7672	-1
40	11261	1
46	9818	-1
17	24996	1
7	196	1
33	23855	-1
5	20889	1
33	11921	-1
25	21759	-1
13	1164	-1
48	22993	1
43	15236	1
44	15316	-1
30	23676	1
33	12388	-1
43	188	1
4	8731	1
49	10310	1
31	10927	1
46	1899	-1
28	23782	1
12	12217	-1
29	780	-1
18	17707	1
4	8474	1
4	13322	1
29	14327	1
37	1069	-1
6	21076	-1
25	17304	-1
24	19087	-1
26	28389	-1
8	5722	1
28	17453	-1
12	30697	-1
11	27799	-1
10	9615	-1
26	25889	1
19	20332	-1
34	14735	-1
4	651	1
14	24758	-1
5	17549	-1
32	15920	-1
37	3147	-1
6	11364	1
39	18117	-1
44	22917	-1
7	5368	1
16	17380	-1
43	7296	1
33	16304	-1
37	6264	-1
35	20127	1
48	15842	1
28	18121	1
15	25555	-1
18	10514	-1
42	27928	-1
39	8190	-1
24	21420	-1
21	23447	-1
17	25642	1
25	4746	-1
34	30949	-1
30	14786	1
17	25909	-1
4	3511	1
43	6059	1
7	20653	1
49	26667	1
36	18064	1
34	14454	-1
11	25923	-1
43	1389	1
35	9634	-1
12	1746	-1
46	506	1
6	22776	-1
20	1226	-1
39	1242	-1
44	30651	-1
31	6758	1
39	7330	-1
0	17218	-1
43	9967	1
43	2279	1
18	21725	-1
38	23140	-1
48	13642	1
9	9571	-1
8	2725	-1
39	13306	1
0	10457	1
45	9355	1
32	12034	-1
44	21726	1
49	19199	1
9	1908	1
35	14932	-1
46	3507	1
0	6745	1
42	25246	-1
43	2318	1
29	6859	-1
34	30808	-1
28	26474	-1
46	27065	-1
6	6382	1
23	30589	1
14	6482	-1
46	16124	1
40	30106	1
4	6480	1
42	21054	1
19	26701	-1
36	19780	1
40	8073	-1
13	27352	1
20	26549	-1
35	19617	1
10	4227	-1
19	11830	-1
8	28929	1
10	25529	1
17	30134	-1
45	19176	1
48	1937	1
42	25637	1
24	19415	-1
49	11969	-1
10	11473	1
40	16453	-1
47	17619	-1
29	31055	-1
42	29789	1
46	8607	1
29	8186	-1
23	22674	1
5	25606	-1
40	27158	-1
1	8366	1
40	26810	-1
26	19500	-1
18	12748	-1
46	29738	-1
6	29870	-1
43	6620	1
21	27512	1
17	3519	-1
20	25501	1
10	26803	1
4	17120	1
13	5868	1
32	13335	1
13	17337	1
23	3196	-1
49	29724	1
43	28743	1
20	14514	-1
18	29564	-1
40	1059	1
4	7765	-1
29	16973	1
32	30943	-1
16	8783	1
13	11829	1
47	8240	1
38	25066	1
23	5139	-1
15	30666	1
16	1462	1
13	26852	1
36	30235	-1
43	20304	1
18	24840	1
43	13725	1
6	28945	-1
13	24239	1
48	18692	1
30	16	1
44	26050	1
24	9016	-1
41	12167	-1
23	8833	1
46	18869	-1
2	4440	-1
6	21130	1
19	10031	-1
39	7928	1
46	26915	1
32	9363	1
10	21844	1
28	11763	-1
40	15730	1
48	16467	1
28	27151	-1
35	16474	-1
7	960	1
23	5656	-1
34	26503	1
4	15830	1
27	1875	1
21	30906	1
38	21737	1
5	11586	-1
48	13236	1
31	754	-1
46	24324	1
44	15074	-1
1	15689	-1
21	30624	1
16	948	-1
8	10961	1
48	4045	1
12	13687	-1
23	22062	1
48	17326	-1
17	8106	1
4	9705	1
4	27240	1
42	5586	1
46	2397	1
20	24368	1
35	766	1
11	7956	-1
11	15784	-1
17	20084	1
46	19001	1
43	2621	-1
46	7062	1
16	22103	1
20	1986	-1
10	26157	-1
12	21643	-1
27	10589	-1
46	7835	1
46	10211	1
8	16082	-1
6	28370	1
0	28542	1
45	15322	1
3	15112	-1
4	2603	-1
13	14681	1
8	22395	1
5	3515	1
30	14555	-1
9	7506	1
48	30481	-1
23	14135	-1
43	14969	1
48	2292	1
13	23075	-1
48	1003	1
29	1920	-1
12	24408	-1
29	25080	-1
9	24025	1
40	9520	-1
13	30280	-1
13	10000	1
16	14609	-1
21	13517	1
45	5164	-1
44	11485	-1
44	24168	1
4	13652	1
24	15154	-1
43	17212	1
24	8345	-1
37	30553	-1
8	19616	-1
48	26473	-1
4	19750	1
48	20793	1
38	19377	1
13	7448	1
42	28974	1
11	187	-1
37	7482	1
28	11686	1
22	18084	-1
40	26170	1
43	14479	1
4	910	-1
29	27335	1
39	13025	-1
14	8325	-1
48	18035	1
26	17970	-1
42	1046	1
35	6711	1
12	939	-1
16	9787	-1
31	569	-1
2	26861	-1
5	2570	1
10	23303	-1
43	7984	-1
32	18765	-1
43	12939	1
13	3220	1
49	24174	1
8	12007	-1
8	8435	-1
21	18109	1
43	27268	1
20	5569	-1
17	19774	1
32	3550	1
45	28406	1
46	25949	1
46	3603	1
8	4631	1
42	7951	1
40	14827	1
14	29848	1
32	761	-1
24	13568	-1
9	3168	1
26	17131	-1
43	8100	1
8	11054	-1
46	30374	1
48	28321	1
8	26376	1
4	13411	1
9	4101	-1
5	15831	-1
8	28154	1
27	3236	1
43	21193	1
36	11500	-1
28	6498	1
32	22455	-1
21	25566	1
30	3225	-1
44	18799	-1
13	21329	1
6	23264	1
44	30899	-1
8	28780	1
46	19938	1
35	17329	1
10	19790	1
13	17277	1
47	15258	-1
3	24058	-1
44	5939	1
15	12491	-1
4	21943	1
37	23592	-1
26	15666	1
24	19509	-1
43	15378	1
49	20682	-1
40	28916	-1
36	14539	-1
34	20702	-1
17	12954	-1
13	20387	-1
27	20721	-1
8	27394	-1
35	19046	1
15	29486	-1
48	11664	-1
18	10453	-1
7	24789	-1
21	3442	-1
15	2056	-1
23	22460	1
28	25814	-1
4	15133	1
15	14785	-1
7	25569	1
41	1553	-1
10	17911	1
39	17514	-1
34	24805	-1
26	26669	-1
3	26916	-1
4	25937	1
16	24886	1
7	7641	1
21	9980	-1
43	18915	1
18	26176	-1
43	1353	1
49	1384	-1
37	29876	-1
48	11137	1
40	7846	1
44	21973	1
29	1990	-1
39	30578	-1
43	26457	-1
37	23788	1
43	6299	1
13	4764	1
44	11531	-1
44	18776	1
4	17400	1
47	14771	1
26	771	-1
22	12374	-1
48	18294	-1
18	22840	1
9	8137	1
36	19799	1
40	19792	1
8	10738	1
5	19974	-1
21	7664	-1
22	26301	-1
0	16243	1
40	26549	1
48	30311	1
46	1670	1
40	21792	1
48	4424	1
30	20587	1
3	11244	-1
45	8755	1
16	18266	1
48	27817	1
8	25755	-1
9	1668	1
10	7961	-1
32	25064	-1
46	5103	1
4	17605	-1
39	17332	1
17	8154	-1
8	27120	-1
5	6313	1
22	25570	-1
45	23709	-1
45	30146	-1
37	10520	-1
27	19760	-1
9	22662	-1
24	20309	-1
27	19244	-1
8	10514	-1
41	21767	1
32	23375	1
48	18850	1
44	17483	-1
47	26184	-1
4	21258	-1
1	28542	1
38	19710	-1
43	26970	1
40	13669	1
43	9049	1
25	25613	-1
24	29835	1
46	22071	1
16	21547	1
19	13283	-1
28	11949	-1
40	29694	1
13	14167	1
41	22085	-1
12	3469	-1
49	15111	-1
32	29565	-1
4	12181	1
43	22578	1
42	8952	-1
4	26788	1
43	13553	-1
41	6718	-1
28	19120	1
43	5921	1
19	14908	-1
15	9847	-1
25	4616	-1
16	30569	1
7	5948	1
48	29997	1
48	12801	1
7	678	1
40	2915	1
27	12831	-1
4	25875	1
8	13486	1
40	9744	-1
49	724	-1
2	27957	-1
32	10895	-1
24	30027	-1
48	30223	1
12	19862	-1
16	12682	1
18	6579	1
6	21930	-1
35	5237	-1
32	13472	-1
14	3098	1
13	6503	1
18	10564	1
8	22083	1
48	12596	1
10	26221	-1
43	6033	1
7	7700	-1
21	2516	1
37	28794	-1
6	1095	1
21	9097	-1
43	3679	-1
6	29610	1
22	26902	-1
31	24179	-1
3	16474	-1
14	21613	1
8	18194	1
43	14038	1
41	23654	-1
31	29245	-1
0	7788	-1
8	27541	1
6	6982	1
25	12255	-1
29	19760	-1
43	18065	1
23	20902	1
25	29181	-1
11	20369	-1
20	28085	1
7	24668	1
13	10076	1
46	15481	1
1	20781	1
34	22487	1
4	20505	1
15	3473	-1
35	2657	1
10	11934	-1
4	17826	1
46	17334	1
36	30606	1
41	12976	-1
1	28061	-1
46	8394	1
44	17033	-1
17	20282	1
22	20180	-1
25	28042	1
39	1364	1
49	22825	1
32	3146	-1
22	18998	-1
42	15891	1
19	25426	-1
40	19767	-1
45	14271	-1
31	23416	-1
49	1954	-1
5	18901	1
21	13886	-1
7	11543	1
9	27432	-1
34	10961	-1
40	7057	1
5	22515	-1
19	20085	-1
21	27979	1
16	4668	1
13	19438	1
45	11409	1
28	11705	-1
43	19933	-1
38	13720	-1
43	20019	1
45	6807	-1
42	24647	1
39	11449	-1
26	26861	1
2	25336	-1
11	27716	-1
43	26842	1
35	13495	-1
33	24582	-1
44	26938	-1
46	17940	1
43	10137	1
1	27120	1
28	9064	-1
24	9350	-1
23	9432	-1
20	12592	1
33	24966	-1
13	11575	1
29	10948	1
6	29544	-1
46	18728	1
9	9710	-1
33	20642	-1
31	10647	-1
43	10466	1
5	26365	1
35	29697	1
21	2994	-1
16	5092	1
43	14949	1
10	13533	1
40	4632	1
1	28324	-1
11	24129	-1
2	22028	-1
48	24877	1
8	6891	-1
35	29199	1
22	22072	-1
35	11230	1
34	23854	-1
4	10846	-1
11	26004	-1
16	7289	-1
25	529	-1
13	7503	1
12	307	-1
32	15067	1
1	1627	1
10	30202	1
4	17520	1
8	2775	-1
48	22542	1
1	5918	1
19	7206	-1
11	10686	-1
17	15814	1
32	12159	-1
10	8169	-1
40	11232	1
27	9356	-1
37	1287	-1
11	18593	-1
27	10596	-1
41	14955	1
14	19009	1
9	6334	-1
48	916	1
36	15503	1
6	26458	1
48	4468	-1
1	17151	-1
8	17396	1
15	10762	-1
31	22588	-1
2	30479	1
5	21493	1
48	30742	1
26	10198	-1
18	18963	1
1	14079	1
8	13301	1
24	25978	-1
40	26217	1
28	5894	1
21	19658	1
22	30235	-1
8	239	1
3	3722	-1
11	26007	-1
2	7331	1
40	10304	-1
16	14097	-1
38	16199	1
25	27626	1
35	11336	-1
46	21343	1
26	19718	-1
15	24642	-1
48	12057	1
36	11452	-1
16	26086	-1
29	20382	-1
12	18098	-1
16	21358	1
5	15077	-1
44	21443	-1
43	7247	1
31	14048	-1
35	3402	1
46	4161	1
38	28788	-1
32	29045	-1
37	24592	-1
10	24281	-1
46	16489	-1
42	20125	1
2	5004	-1
48	12983	1
36	6380	-1
23	30530	-1
16	25469	1
43	12100	1
29	7103	1
46	1770	1
13	28870	1
46	30127	1
10	20666	-1
21	26897	-1
42	13763	1
14	2877	-1
9	26618	-1
8	17762	1
42	29831	1
4	16221	-1
46	682	1
48	11598	1
32	15159	-1
6	20456	-1
18	5700	-1
33	3722	-1
5	8066	1
16	30632	1
20	12706	-1
42	10759	1
44	2051	1
40	14413	-1
43	16223	1
42	19978	1
26	14914	1
32	5516	-1
46	2415	1
5	23646	-1
41	681	1
12	18424	-1
45	11214	1
44	2466	-1
4	28683	1
29	12657	1
40	5049	1
45	13744	-1
35	5306	-1
4	9789	1
46	29640	1
21	16697	-1
40	11999	1
49	22859	-1
0	17459	-1
40	22213	1
32	8725	1
28	4430	-1
46	22988	1
44	22566	1
47	8516	-1
45	27852	-1
13	7781	1
20	2307	1
17	729	1
40	13074	1
35	11005	1
1	1468	-1
39	12922	-1
28	76	-1
3	3347	-1
30	24201	1
38	9301	-1
39	16815	1
30	11344	-1
6	14947	1
40	28370	1
33	3810	-1
44	29831	1
41	5112	-1
48	2303	-1
25	20259	-1
44	22891	1
7	23780	-1
20	27075	-1
5	8742	1
37	13015	-1
6	15584	-1
17	25388	1
9	22452	1
32	13513	-1
36	23092	-1
13	26370	1
33	7297	-1
14	24459	1
7	23319	-1
7	8015	1
31	7727	-1
33	13667	-1
38	14309	-1
9	19967	-1
29	14441	-1
6	27685	1
20	22329	1
47	6191	-1
37	13727	1
47	11479	1
8	28518	1
20	18739	-1
4	14214	-1
43	10234	1
46	5365	-1
32	26361	-1
26	2746	-1
44	15478	1
44	21445	-1
48	15400	1
0	20352	1
47	1502	1
37	13041	1
0	11328	1
8	28710	1
28	30868	1
43	8472	1
23	28969	1
43	24848	1
43	30466	1
40	5633	-1
8	26880	1
6	17833	-1
4	8276	1
24	3706	-1
43	29531	1
6	5136	1
28	30878	1
21	3951	-1
17	19067	1
17	6873	-1
39	8152	1
28	4625	1
6	5365	1
47	20965	-1
46	21416	1
25	25130	-1
40	3655	1
7	22191	1
13	9855	1
28	17423	1
29	29316	1
6	10529	1
40	23872	1
30	15110	1
30	22613	1
34	14542	-1
35	1684	1
1	19407	1
5	18634	1
43	18316	1
13	2514	1
48	24439	1
25	5935	-1
45	13479	1
48	10796	-1
20	29712	-1
0	2687	-1
30	13661	-1
21	14541	-1
45	555	1
40	1060	-1
43	27886	1
46	19296	1
9	5287	-1
33	3067	-1
46	22366	1
43	157	-1
43	20641	1
20	6553	-1
42	3341	-1
11	25468	-1
36	18448	-1
2	15788	-1
17	16012	-1
33	2747	-1
9	17309	-1
21	19519	-1
8	13587	1
18	7730	-1
48	21702	1
10	27776	1
21	7573	-1
12	7973	-1
43	8715	-1
38	8707	-1
37	26375	1
6	5449	1
46	23133	-1
37	7895	1
16	8941	1
27	28791	-1
46	3544	1
8	24890	1
48	20304	1
48	28215	1
4	4653	1
32	8990	-1
30	7009	-1
28	2844	1
42	25991	1
46	558	1
17	8023	-1
45	18887	-1
22	25573	-1
38	2861	-1
7	12900	-1
9	801	-1
37	18882	1
34	6039	1
2	28831	-1
5	4868	1
35	22710	-1
8	10768	1
13	23196	1
27	5917	-1
35	10805	1
42	14040	1
8	27809	1
23	10811	1
16	11681	-1
47	21414	-1
16	5058	-1
0	1027	-1
30	2631	1
45	4655	-1
48	1675	1
17	20963	1
49	18074	-1
23	11004	1
39	12061	-1
36	9511	-1
27	20744	-1
43	3185	1
42	17167	1
22	24974	-1
49	10584	1
42	13992	-1
15	11411	-1
23	27417	-1
35	14688	-1
16	21423	1
31	18088	1
1	15224	-1
9	7827	1
43	22	-1
18	24216	-1
36	456	-1
8	12579	-1
5	4767	1
13	26809	1
44	5454	-1
42	8015	-1
5	15794	-1
29	8442	-1
13	15095	1
1	8835	1
4	25828	1
14	19144	-1
13	6021	1
6	22422	1
23	26499	-1
8	10169	1
32	11517	1
37	28991	1
29	8625	-1
24	13523	-1
16	30766	-1
48	24731	1
43	15634	1
8	26334	1
37	18081	-1
43	25133	1
31	6298	-1
29	30057	1
32	27944	1
6	19401	1
21	8675	-1
0	9267	1
18	25177	-1
8	18905	1
16	19208	-1
40	19366	1
48	5885	1
23	2414	1
6	19231	1
3	12587	-1
13	1827	1
38	20827	-1
40	14327	-1
10	12117	1
5	1550	1
27	6047	-1
30	16515	-1
32	4900	1
42	20860	1
6	1756	-1
29	4142	-1
31	28562	-1
15	3893	1
43	18696	1
26	25240	-1
31	17821	-1
46	9075	1
1	27003	1
21	4234	-1
7	4179	1
13	14564	-1
23	27885	1
5	15705	1
37	13234	-1
5	27281	1
29	6221	-1
28	22484	1
45	2067	1
5	17109	1
6	8740	1
49	14357	1
31	25365	-1
8	8366	-1
3	13541	-1
35	24081	1
17	21502	1
18	30377	-1
29	26329	-1
6	3625	1
48	12690	1
12	17619	-1
23	2228	-1
4	13543	1
10	9947	-1
48	23	-1
48	31019	1
18	8225	-1
47	17431	-1
48	30297	1
34	23439	-1
37	30813	1
43	6625	1
40	27630	1
45	30737	1
16	9395	1
25	24449	-1
32	754	1
46	18138	1
39	26532	1
1	22666	1
49	27957	-1
24	14121	-1
13	14859	1
2	19163	1
31	8537	1
35	23108	1
48	21095	1
46	3486	1
6	8335	1
8	17959	1
48	17074	1
8	28122	1
46	11514	1
46	10209	-1
14	12416	-1
18	15130	1
46	27806	1
42	13615	1
16	15657	1
42	11163	1
40	30610	1
7	13759	1
5	20496	-1
43	23349	1
37	792	1
1	23273	-1
8	30402	1
25	1140	-1
25	8228	1
3	27591	1
37	24366	-1
18	17198	-1
31	4545	1
28	18536	-1
10	26633	-1
13	8388	-1
49	10853	1
5	6852	-1
47	13615	1
37	17623	1
4	14181	1
8	29580	-1
20	9805	-1
3	18785	-1
17	4287	1
23	3740	-1
39	523	1
17	19560	-1
11	4735	-1
33	6049	1
14	1727	1
16	30728	1
39	22502	-1
17	28108	1
6	22626	-1
18	9035	-1
43	166	1
34	701	-1
16	391	-1
23	29943	1
24	12390	-1
28	22800	-1
17	29850	-1
43	29403	1
34	3240	-1
36	30382	-1
21	13154	-1
43	18939	1
42	9828	-1
24	22982	-1
36	16180	-1
39	14527	-1
46	18456	1
1	30864	-1
1	3849	-1
46	20946	1
19	7219	-1
40	1862	1
12	13545	1
34	27759	-1
10	9265	1
43	456	1
26	21912	-1
8	15496	1
32	12281	1
6	6466	1
35	30522	1
33	17144	-1
19	346	-1
35	23727	1
42	3991	-1
28	6643	1
8	9814	1
32	17378	-1
21	27355	1
48	23451	1
37	26710	-1
43	14554	-1
30	29869	-1
38	9420	-1
5	5515	-1
40	6475	1
48	21729	1
14	3346	-1
15	1260	-1
49	14268	-1
17	8880	1
36	8658	-1
15	9028	-1
40	18418	1
38	4156	1
27	6524	1
20	21616	-1
9	20967	1
17	26259	1
2	28081	1
49	29468	1
16	25467	-1
8	17656	-1
42	28352	-1
39	11727	1
29	12441	-1
16	18302	1
27	13764	1
44	26856	1
14	1861	-1
46	17524	1
34	18243	-1
4	17452	1
20	6966	-1
46	20206	1
13	30184	1
43	17854	1
1	7375	-1
36	17530	1
21	7973	-1
46	17293	1
28	26005	1
42	11892	1
1	28540	-1
4	21175	-1
46	18847	1
3	923	-1
47	25279	-1
21	10092	1
43	15659	1
46	1616	1
9	5593	-1
7	3500	1
12	741	1
35	9740	-1
47	16559	-1
46	6652	1
45	26357	-1
42	11636	-1
49	17315	1
45	14286	-1
43	18489	1
28	30970	1
27	23311	-1
12	12802	-1
47	11693	-1
13	29483	1
4	30841	1
32	9043	-1
25	16406	-1
4	14706	1
25	27279	-1
45	12334	-1
8	23737	1
39	27270	-1
39	10173	1
44	13869	1
30	6867	1
42	17420	1
32	10376	-1
31	6620	-1
5	21940	1
5	12728	1
9	21144	-1
33	22521	-1
5	13998	1
8	29894	-1
6	26852	1
0	28320	1
48	2011	1
27	13465	-1
35	4644	1
30	28960	-1
23	12174	-1
13	28202	1
43	16612	1
13	30852	1
13	13327	-1
28	11509	-1
10	16465	-1
32	29073	-1
46	29040	1
12	10437	-1
23	693	-1
40	3511	1
47	30274	1
18	10851	-1
10	16177	-1
21	16689	-1
7	16287	-1
47	18929	1
45	21806	-1
46	19724	1
23	12243	1
11	12841	-1
33	10482	-1
33	16510	-1
49	14220	-1
34	1506	-1
15	27992	-1
35	6724	1
8	86	1
39	10267	1
10	28433	-1
43	29561	1
43	29169	1
16	360	-1
25	18668	-1
1	10684	1
32	11727	1
43	6935	1
27	15002	-1
44	21951	-1
35	8808	1
26	27046	1
42	14833	1
42	30519	-1
6	12601	1
8	6266	1
20	30693	-1
12	27301	-1
46	18486	1
20	5783	-1
32	12511	-1
17	13969	1
35	26649	1
13	19134	-1
42	9738	-1
10	21257	-1
25	22869	-1
24	26437	-1
37	5226	1
37	3872	1
21	17210	-1
23	6954	1
47	3361	-1
3	16260	-1
31	2632	-1
37	12605	-1
47	26179	-1
48	5440	1
27	10941	-1
48	26978	1
40	17459	1
45	5271	-1
39	9682	1
13	16605	1
6	8640	1
38	7163	-1
26	3249	-1
10	7684	1
27	17073	1
32	8630	-1
48	20332	1
47	1056	-1
35	5024	-1
5	16889	1
11	2196	-1
41	20068	-1
5	16675	-1
8	19695	1
41	7231	1
18	6648	1
6	16797	1
48	9415	1
38	5293	-1
29	25816	-1
2	8418	-1
49	7403	-1
4	13560	-1
28	1338	1
32	11917	1
43	23561	1
13	653	1
7	13849	1
27	6499	-1
6	20374	1
42	12998	-1
43	5168	1
7	6990	-1
8	9798	1
49	6328	1
29	10173	-1
6	18714	-1
14	1532	-1
24	1297	-1
8	28415	1
4	4414	1
21	23226	-1
6	23396	1
7	22706	-1
39	22324	1
21	27749	1
43	15032	-1
48	21815	1
9	29745	-1
4	23710	-1
10	20519	-1
43	24059	1
1	26206	1
49	2225	1
43	1296	1
49	2667	-1
8	1931	-1
2	23133	-1
33	7927	-1
18	29055	-1
13	13074	1
17	9448	-1
20	17689	-1
20	1172	-1
29	6204	-1
31	27473	-1
47	4594	-1
39	13885	-1
18	30702	-1
48	18385	1
0	10646	1
45	23807	-1
27	17788	1
24	8505	-1
42	7498	-1
18	20265	1
46	27028	-1
10	15238	1
43	538	1
30	22406	1
16	19570	1
46	4317	-1
11	10505	-1
3	6713	-1
48	21326	1
7	6177	1
8	7732	1
13	6191	-1
8	3429	1
10	18041	-1
48	11581	1
32	31083	-1
21	16632	-1
5	8305	1
13	2681	1
34	10858	-1
42	25713	1
14	30310	1
8	22506	1
23	5796	-1
24	26368	-1
24	7210	-1
15	12850	-1
49	12377	-1
23	15474	1
46	26849	-1
43	17062	1
48	17433	1
45	27064	-1
40	27783	1
17	19646	-1
46	9566	1
12	25719	-1
1	605	-1
35	26241	1
19	24580	-1
42	13217	-1
18	4050	-1
7	18426	-1
4	12393	-1
42	21117	-1
43	29258	1
5	11829	-1
47	27560	1
43	5927	-1
8	5392	-1
8	21956	1
7	7190	1
20	9380	-1
3	15270	-1
0	19016	-1
3	5494	1
10	14590	-1
48	2417	1
46	9256	-1
22	3332	-1
46	3623	-1
7	9322	-1
40	15419	-1
29	18652	-1
8	30099	-1
11	26225	-1
49	14089	-1
13	15175	1
16	25631	1
42	13273	-1
0	20249	1
26	17064	1
40	27684	1
26	18324	-1
49	27787	-1
29	19629	-1
43	4947	1
18	6644	1
42	11662	1
18	25212	1
35	9204	1
34	10966	-1
49	14844	-1
38	10730	-1
43	1475	1
26	25203	1
7	13015	1
29	25568	1
33	28403	-1
39	7775	-1
14	6198	-1
42	10219	-1
31	18853	-1
49	5745	-1
40	9100	1
6	14143	-1
43	23848	1
39	1747	1
22	2050	-1
46	18046	1
32	5436	-1
16	12819	1
45	8488	1
43	9706	1
48	9821	-1
16	10283	1
18	10011	-1
5	16161	1
1	17454	-1
29	16377	-1
23	13748	1
40	5979	1
34	21930	-1
13	22477	1
40	29531	1
32	27219	1
5	27539	1
20	27866	-1
17	763	1
37	28281	-1
21	704	-1
45	1722	1
15	27682	1
22	11501	-1
18	23071	1
13	9052	1
44	5584	1
8	9298	1
49	9601	-1
36	12378	-1
49	3407	-1
49	28544	-1
21	2572	-1
1	12776	1
35	26687	1
45	1278	1
28	7118	1
31	10787	-1
48	25504	1
41	17881	-1
24	11713	-1
41	14903	-1
6	7957	-1
22	28203	-1
36	4874	-1
46	3933	1
48	21344	1
43	5248	-1
36	15505	1
6	15044	1
4	9909	1
8	3224	-1
9	12285	-1
43	8785	1
16	3460	1
42	29205	1
16	9361	1
43	23811	-1
21	9500	1
44	5294	1
0	26891	-1
42	27590	1
26	2571	-1
8	26375	1
0	28158	-1
15	19222	1
13	27522	-1
47	17824	-1
37	6047	-1
28	4478	-1
48	23471	1
18	30743	-1
24	20815	-1
5	10980	1
4	7311	1
16	13167	1
14	5254	-1
7	13383	1
33	28374	-1
44	6859	1
13	1993	1
48	21956	1
49	10753	-1
4	19169	1
46	22076	1
1	6068	1
6	16156	1
8	2249	-1
31	10412	-1
6	21	-1
26	15576	-1
43	12146	-1
44	1934	1
38	9704	1
6	29812	1
4	25070	1
27	17540	-1
44	18035	1
23	18934	1
40	23261	1
13	12270	1
2	10275	-1
46	18709	-1
6	27299	1
26	5576	-1
26	24152	-1
8	13225	-1
8	26462	-1
43	29405	-1
27	19914	-1
20	17006	1
38	10281	-1
39	10619	-1
20	8654	1
6	16737	-1
28	8673	-1
4	24416	-1
37	21534	-1
45	30009	-1
43	20603	-1
43	17424	1
41	11136	1
45	4137	1
1	10280	-1
4	18518	1
41	23141	1
34	16922	1
44	10301	-1
48	20594	-1
19	25599	-1
15	10113	1
4	27397	1
6	18065	1
4	4703	1
37	13959	-1
6	4123	1
46	16797	1
13	13277	1
32	18444	1
39	25718	-1
9	25448	1
10	4079	1
43	28810	1
43	26923	1
6	25604	-1
7	3727	1
8	25762	1
5	22392	-1
31	13617	-1
5	1712	1
19	18812	-1
32	3533	1
28	1136	1
10	28390	1
41	22482	1
7	592	1
23	23291	1
20	29286	-1
20	6509	1
17	2677	1
48	11070	1
1	7277	1
30	11866	-1
40	4251	1
33	12195	-1
45	15210	1
15	23327	-1
16	24145	1
5	23383	1
48	27103	1
49	17106	-1
37	13833	-1
6	14002	1
7	19385	1
44	8451	1
35	28549	-1
6	30069	1
35	29900	-1
1	6280	-1
20	14503	1
28	5932	1
8	10590	1
20	19541	-1
41	6695	1
8	8949	1
42	3704	-1
44	29612	-1
24	11794	-1
35	22196	1
49	7590	-1
1	30930	1
5	15608	1
23	20516	1
8	2053	1
5	19184	1
40	30710	1
12	27487	-1
20	7239	-1
8	2999	1
16	4937	-1
6	2648	-1
10	25448	1
18	10148	1
37	24117	-1
39	25364	-1
5	22472	1
20	22568	-1
6	17798	-1
15	25758	-1
17	23466	1
45	26301	-1
8	25876	1
32	31003	-1
48	25398	1
33	24457	-1
13	27039	1
48	30499	1
1	12253	-1
10	29424	-1
8	21475	1
39	1108	1
20	6354	1
43	26294	-1
28	16020	1
5	7571	-1
36	27220	-1
48	14808	1
48	23214	1
12	26440	-1
43	14800	1
48	25915	1
6	10751	-1
47	22652	1
30	28985	-1
37	16749	-1
29	24496	-1
21	2113	-1
35	15803	1
44	3999	1
7	6825	-1
35	19103	-1
35	5729	1
30	29295	-1
41	22018	-1
20	23614	-1
43	21316	1
19	938	-1
7	14335	1
9	24944	-1
13	30115	1
1	6547	1
14	15608	-1
28	18982	-1
36	17279	1
17	23875	1
36	8567	-1
20	17813	-1
49	17019	-1
11	23142	-1
21	16805	-1
21	19180	-1
48	5384	1
25	10685	-1
49	2053	1
43	9507	-1
10	11572	-1
39	28488	-1
21	7124	-1
41	5646	-1
43	18072	1
12	25371	-1
39	25709	1
12	23253	1
37	26842	-1
0	15082	-1
43	10498	1
42	14607	1
41	15539	-1
46	4346	1
17	7139	1
1	13813	-1
24	60	-1
9	15232	-1
40	16054	1
12	14746	-1
39	17852	1
43	16538	-1
49	27231	-1
6	30314	-1
40	16442	-1
6	21315	1
43	27685	1
31	5572	-1
43	23942	1
23	9725	1
47	16326	-1
40	25119	1
20	28526	-1
13	4779	1
17	30789	1
4	24303	1
9	7579	1
43	21596	-1
9	19492	-1
6	10417	1
5	6170	-1
48	30268	1
43	6257	1
23	28312	-1
48	13632	1
36	17378	1
16	14052	1
0	2112	1
43	9530	1
32	5252	-1
21	10857	-1
43	7325	-1
42	21031	1
3	21468	-1
17	10450	1
46	22733	1
48	13855	1
13	2696	1
38	11984	-1
42	4682	1
6	12613	-1
17	30854	1
6	855	1
1	16620	1
8	16900	1
19	7604	-1
36	14788	-1
42	13875	1
43	10122	1
35	26337	1
36	12338	1
43	4495	-1
6	16391	1
48	25404	1
43	12433	-1
48	27297	-1
13	27572	1
23	12506	1
17	21557	-1
46	18829	1
39	12187	1
43	19602	1
29	30116	-1
34	26973	-1
10	2498	1
4	15873	1
13	14705	1
46	21368	1
46	9127	-1
39	26312	-1
33	4855	-1
5	23669	1
48	14203	1
17	19963	1
5	16960	1
18	8502	1
31	7424	-1
7	3921	1
4	4187	1
18	26551	-1
43	3590	1
44	30526	-1
13	24921	-1
18	3719	-1
48	12536	1
43	5773	1
39	2392	-1
46	16040	-1
40	1661	1
32	8408	-1
4	21610	1
46	10619	-1
5	7709	1
36	24597	1
29	8227	-1
46	24689	1
4	29812	-1
40	26057	1
37	19827	1
13	16349	1
32	24256	-1
40	11285	1
28	16163	1
36	30404	1
44	654	-1
31	11513	-1
24	4948	-1
49	640	1
13	7886	1
39	25534	-1
32	9036	-1
5	7439	1
10	20430	1
6	3696	-1
1	19195	-1
5	23875	-1
19	24697	-1
18	16462	-1
8	23714	1
6	13721	-1
25	20197	-1
44	29148	1
24	1740	-1
20	3826	1
36	22958	1
41	16915	-1
46	12605	1
48	5776	1
49	15268	1
28	28430	1
23	28462	1
40	18081	1
11	29467	-1
15	1581	-1
8	7889	1
1	16829	1
42	3793	1
33	7544	-1
17	14923	1
5	18945	1
47	2788	1
0	28531	-1
16	16035	1
23	16213	1
39	2579	-1
6	24537	1
2	17189	-1
48	29283	-1
4	6859	1
46	4194	1
44	23339	-1
6	13722	-1
4	12480	-1
43	7904	1
46	12886	1
13	28931	1
43	21988	1
35	12411	-1
24	5091	-1
19	15711	-1
2	11281	1
42	28912	1
49	18693	-1
31	9571	-1
12	13527	-1
16	12724	1
31	17720	-1
38	17607	1
17	15586	1
36	10978	1
28	295	1
28	24836	-1
23	19636	1
7	22775	-1
26	4628	-1
46	16080	1
16	2164	1
7	18974	-1
25	6812	-1
39	12414	-1
39	20037	1
35	21291	1
29	26891	-1
25	21718	-1
23	21966	-1
42	23688	1
38	10480	-1
3	21819	-1
18	30882	1
36	6454	-1
14	26135	1
1	11903	-1
10	13731	-1
48	2397	1
0	11883	-1
40	6366	1
23	23940	1
29	25640	1
44	30868	-1
9	13524	1
25	23648	-1
23	28935	-1
38	26761	-1
37	1002	-1
36	28789	-1
23	6853	1
24	17765	-1
1	23377	1
19	4574	-1
48	311	1
46	8321	1
10	9064	-1
35	20482	-1
48	21871	-1
44	16752	-1
40	22734	1
35	12052	1
6	29206	1
28	27066	-1
16	17762	-1
6	8043	1
46	26731	1
36	30432	-1
29	10124	1
46	16448	1
43	27671	1
24	11490	-1
23	10462	1
46	25395	1
7	9543	-1
37	24383	-1
8	25079	-1
43	14579	1
6	1214	-1
21	9262	-1
9	13131	1
5	25682	1
28	26791	1
1	23878	1
10	9420	1
28	28911	-1
13	3333	1
25	8563	1
5	7396	1
13	26473	1
18	1296	-1
40	22753	1
5	3639	1
5	30978	-1
42	401	1
24	26163	-1
43	16092	1
48	12420	1
42	16526	1
15	1070	1
37	2009	-1
11	11894	-1
48	8868	1
7	24953	-1
43	18552	1
40	23951	1
29	1789	-1
32	3450	-1
7	14802	-1
11	25894	-1
31	30806	-1
41	12291	-1
8	9935	1
28	11779	-1
2	3437	-1
6	27504	1
23	3950	1
49	16623	-1
12	5616	-1
46	11435	1
13	9858	1
5	25127	1
11	4360	-1
21	246	-1
37	7544	-1
8	30666	1
15	14467	-1
35	18743	1
35	27425	-1
13	21717	1
33	5874	-1
6	24732	-1
10	25842	1
43	5662	1
21	22360	-1
21	16637	-1
8	18718	1
15	19146	-1
25	13290	1
30	15558	-1
31	6563	-1
6	19692	1
40	28001	1
43	857	1
29	8575	1
6	5590	1
6	1982	1
33	19760	-1
21	19726	-1
18	7577	-1
35	29564	1
10	28029	-1
48	30867	1
38	23179	1
30	11650	1
6	9033	1
33	9670	-1
49	14965	-1
43	23890	-1
5	11231	1
22	26726	-1
43	10702	1
42	9470	1
16	30862	1
45	2193	1
43	9066	1
3	11981	-1
42	6958	-1
16	25420	1
16	25987	1
20	19990	-1
46	25972	1
40	239	-1
21	2362	1
36	29409	-1
2	13302	-1
16	17979	1
25	5439	-1
16	1453	-1
0	29366	-1
21	27235	-1
48	4958	1
44	19870	-1
42	25598	1
5	13310	1
17	18477	1
7	386	-1
46	1666	1
5	5225	1
7	8453	1
9	14633	-1
36	21260	-1
24	31083	1
43	29126	1
7	3468	-1
43	23234	1
13	22984	-1
24	30047	-1
33	25900	1
25	3369	1
28	28727	1
8	14040	1
48	15396	-1
4	10595	-1
29	17522	-1
0	24068	1
3	12736	-1
20	5721	-1
5	5916	-1
29	15406	-1
4	4840	1
21	1579	1
43	14223	1
3	28670	-1
1	23930	-1
45	17160	-1
48	21769	1
0	5312	-1
43	28626	1
19	23767	-1
11	9735	-1
16	20188	1
46	5114	-1
39	19578	1
5	11083	-1
21	29848	-1
3	6169	-1
23	25807	1
23	7189	-1
29	15827	1
28	12356	-1
49	17622	-1
15	4918	1
46	12348	1
20	21119	-1
39	62	1
26	25472	-1
28	20431	-1
46	18134	1
45	23772	-1
40	24191	1
40	21797	1
23	11114	-1
21	16997	-1
27	7048	-1
10	21169	-1
39	1668	1
10	2134	-1
6	1894	1
38	20995	-1
43	23754	1
31	5282	-1
46	8926	-1
25	1106	-1
29	30467	-1
22	13952	-1
36	1703	1
29	20838	-1
1	7133	1
45	519	1
6	25301	1
7	31068	1
27	9480	-1
23	23147	1
40	13725	-1
32	3900	1
34	2477	-1
46	23039	1
38	28087	1
40	28643	-1
48	7915	1
1	8634	-1
25	20955	-1
1	280	-1
38	8866	-1
30	11409	-1
39	12611	-1
30	21422	1
46	2400	1
37	29181	1
17	6420	-1
7	29096	-1
45	11823	-1
46	1815	1
34	13478	-1
5	12457	1
40	29768	1
48	8918	1
46	8990	1
27	20577	-1
41	23986	-1
45	17022	-1
46	24641	1
25	4815	-1
19	26011	-1
48	5220	1
41	18077	-1
13	1967	1
7	6550	-1
34	10680	-1
14	14457	1
22	27472	-1
49	2935	1
37	23193	1
40	11170	1
6	3565	1
13	19885	1
13	19611	1
43	6932	1
34	17672	-1
26	18274	-1
28	2104	-1
16	3317	-1
32	25721	1
44	8780	1
8	6658	1
14	13960	1
17	11675	-1
13	18836	-1
48	36	1
43	23946	1
4	26451	1
40	6426	-1
5	20078	1
42	19750	1
4	27306	-1
42	2054	1
8	12306	1
34	8207	-1
45	26453	-1
16	1936	1
13	2284	1
42	14717	1
33	19464	-1
2	13493	-1
38	24586	-1
46	13832	1
16	7545	1
16	5085	1
4	23749	-1
48	7266	1
18	30008	-1
5	23196	-1
41	18902	-1
23	17999	-1
0	19462	1
43	13566	1
23	14171	-1
0	16079	1
32	15432	-1
43	8463	1
23	20223	1
25	2749	-1
24	21984	-1
24	27426	-1
2	14908	-1
20	14986	-1
23	4134	1
43	23410	1
6	13622	1
8	30559	1
30	2366	-1
47	1961	-1
19	21049	-1
13	6692	1
5	28603	1
38	4220	1
8	30932	1
36	29046	1
43	12884	-1
40	14343	1
14	9773	-1
23	30089	-1
5	7148	1
13	17912	-1
35	13519	1
20	22023	-1
22	24888	-1
27	13965	-1
6	654	1
32	3868	-1
42	3523	1
18	27815	1
17	9912	1
33	7227	-1
23	4283	1
46	18836	1
43	29850	1
8	28126	1
5	15912	1
13	12001	1
24	14798	-1
47	26462	-1
17	6745	-1
34	27971	-1
48	5025	1
40	28662	-1
45	25121	-1
5	13400	1
33	28196	-1
45	635	1
6	18888	-1
42	13624	-1
16	28384	1
49	24540	1
35	20192	-1
1	22497	1
8	25100	1
48	8595	1
30	147	1
5	19958	1
9	16368	-1
40	25097	-1
15	25953	-1
8	8639	-1
0	13643	1
42	26430	1
11	2121	-1
9	19637	-1
8	5956	-1
2	27264	-1
40	9922	1
44	21200	1
13	3209	1
43	27603	1
41	20643	-1
13	16113	1
6	7088	-1
48	1137	1
23	19921	1
6	16238	-1
9	16409	1
44	17449	-1
40	16172	1
27	13500	-1
7	328	-1
43	27259	1
13	9093	1
5	30647	-1
15	937	-1
36	20729	1
11	27126	-1
27	27539	-1
43	7993	-1
16	21520	-1
40	20186	1
8	18835	-1
46	25722	1
11	7824	-1
40	13366	1
16	22233	-1
26	23886	-1
8	12272	1
13	1151	1
42	15606	-1
18	21136	-1
44	16238	-1
4	29458	1
4	6727	1
10	2887	1
18	7989	1
37	23866	1
35	22434	-1
22	16972	-1
1	15219	1
0	22422	1
46	17884	1
8	11630	-1
8	296	-1
49	7916	-1
4	12838	-1
48	31027	1
11	30062	-1
43	13496	-1
43	1055	1
22	29770	-1
42	10126	1
32	12355	-1
4	19339	-1
45	31040	1
13	30686	1
43	25196	1
48	30450	1
5	24024	1
6	22512	1
1	8122	1
33	28539	-1
4	974	1
45	1016	1
32	30954	-1
46	1392	1
35	1371	-1
10	13851	1
46	19574	1
43	15749	1
43	7208	1
44	22630	-1
5	14661	-1
39	19569	-1
7	16517	-1
41	18580	1
18	49	1
43	3868	-1
43	1880	1
38	3461	-1
42	24938	-1
39	6950	-1
26	29424	1
29	23887	1
35	28517	-1
8	1592	1
5	30575	1
1	2414	1
8	22123	1
0	14210	-1
44	7045	-1
38	9054	-1
40	18886	1
1	21028	-1
20	15458	-1
21	6615	1
6	3267	-1
35	27209	1
8	8283	1
28	12415	-1
13	300	1
0	3038	-1
48	26145	1
35	9652	-1
48	16897	1
8	14578	1
8	5752	1
13	7051	-1
1	3051	-1
42	20502	1
3	30486	-1
12	19567	-1
16	11434	1
48	21530	1
29	28930	-1
23	10078	-1
16	27248	-1
13	18734	1
48	21866	-1
25	3867	-1
4	7719	-1
14	7589	-1
9	12310	-1
28	26411	-1
40	21902	-1
2	17148	1
16	26455	1
46	20640	1
6	28702	1
43	16902	1
44	25974	1
47	14960	-1
44	25259	-1
16	2731	1
43	6376	1
46	13663	1
46	9098	1
3	9372	-1
13	11747	1
18	4284	-1
48	24174	-1
18	5434	-1
8	13989	1
25	8516	1
43	13018	1
47	675	1
42	6920	1
47	14654	1
24	4026	-1
48	10941	1
17	372	-1
49	11147	1
23	30964	1
6	3563	1
18	6333	-1
27	3736	1
23	22861	1
23	9888	-1
13	18730	-1
46	20656	-1
17	12220	-1
37	21896	-1
16	29482	1
48	15100	1
28	15623	-1
4	21972	1
13	4679	1
3	13763	-1
47	12333	-1
16	8502	-1
9	30174	1
7	9728	1
36	2534	-1
17	23669	1
0	19268	-1
40	27039	1
45	5675	1
43	12773	1
8	26858	1
18	28906	1
21	21345	1
18	19698	-1
9	25782	1
36	23084	1
31	4613	-1
43	29532	1
39	18056	-1
10	27531	1
33	16153	-1
44	907	1
12	4181	-1
8	1863	-1
40	9921	1
38	14299	-1
49	27919	1
46	20091	1
18	4512	-1
8	29679	1
36	29107	-1
0	20455	-1
4	7851	-1
41	28022	-1
28	4823	1
17	26257	1
30	1189	1
48	8240	1
8	1925	1
2	20056	-1
35	11187	1
5	26811	1
35	8294	1
42	28209	1
43	21131	1
1	19817	-1
6	21455	-1
1	24223	-1
48	18272	1
17	11631	-1
1	27904	1
45	13461	1
13	23081	1
17	17522	-1
43	7200	-1
49	26496	1
40	17261	1
47	19286	1
19	9577	1
4	15966	1
3	12441	-1
47	9486	1
24	20391	-1
22	15870	-1
46	14133	1
29	17248	-1
37	25507	-1
46	21683	1
37	3603	-1
38	10690	-1
20	5652	-1
15	14289	-1
10	15904	-1
8	21184	1
38	28538	-1
6	17982	-1
5	12415	1
39	13689	1
35	13347	-1
6	30606	-1
46	7927	-1
7	13714	1
42	10483	-1
10	14271	-1
10	1810	-1
43	26810	1
48	7117	1
17	12243	1
27	13922	-1
21	6885	1
4	7406	1
23	13258	1
36	24273	-1
46	15515	1
48	1545	-1
20	22759	-1
31	2565	-1
0	601	1
18	16267	1
23	1264	-1
5	16607	1
13	25654	-1
8	20856	1
29	30570	-1
28	20436	1
26	29196	-1
49	14347	-1
43	11754	1
27	4425	-1
17	25022	1
49	29590	-1
6	5795	1
9	2354	-1
1	30748	-1
22	8143	-1
43	28851	1
23	16610	1
49	3943	-1
12	29669	-1
35	9483	1
36	17373	-1
31	28827	-1
45	27316	1
38	25420	-1
39	26686	1
14	15787	-1
4	20174	1
1	9878	1
12	5485	-1
12	10024	-1
20	13509	-1
5	2702	1
14	12860	1
42	28392	1
49	1564	1
23	14071	-1
11	53	-1
4	24255	1
13	28539	1
18	25345	-1
16	5993	1
8	29152	-1
16	23488	1
27	2631	-1
6	29814	1
41	27946	-1
10	9054	1
32	21026	1
32	20317	-1
40	18620	-1
13	22150	-1
44	16580	-1
36	7332	1
17	18015	-1
26	11656	-1
13	7211	1
43	12806	-1
37	30350	1
38	5574	-1
33	9453	-1
4	19416	-1
16	22797	1
32	284	1
40	24498	-1
26	73	1
16	13363	1
14	29728	1
8	9339	-1
46	12515	-1
33	8820	1
15	29981	-1
42	7654	1
44	22761	-1
29	2045	-1
45	28292	1
9	30266	1
8	12097	1
21	28310	-1
48	13146	1
23	277	-1
39	28346	1
41	16639	1
9	21178	1
48	1242	1
36	16467	1
43	13466	1
39	1948	-1
0	26216	-1
40	29080	1
29	11849	-1
46	26152	1
17	14270	1
27	12806	-1
1	1102	-1
17	1083	1
4	129	-1
16	13265	1
8	27835	1
17	6093	1
14	28050	-1
36	4589	-1
23	28682	-1
29	8687	-1
32	16848	-1
13	17788	1
32	16169	1
21	18523	-1
46	2957	1
31	15169	1
44	9546	1
45	16804	-1
42	17145	-1
13	24985	-1
31	18612	-1
5	3987	1
43	28074	-1
6	20623	1
6	26021	1
42	22359	1
36	23157	-1
6	21999	-1
40	28498	1
13	6715	1
17	24648	1
23	20386	1
26	19918	-1
3	15346	-1
10	489	-1
13	14149	1
41	25217	-1
40	25867	1
33	22410	-1
40	30785	1
36	11319	1
7	12654	-1
38	5375	1
19	27607	-1
30	2664	-1
8	16210	1
35	24096	1
23	23836	-1
3	2642	-1
4	20638	-1
11	7408	-1
12	16248	-1
27	29013	-1
10	19954	1
41	23359	-1
35	18983	1
31	11416	-1
40	29099	-1
49	13571	-1
46	2172	1
7	3298	-1
6	2004	1
49	25700	-1
4	1409	1
18	13884	-1
47	5067	-1
14	27508	-1
42	7809	1
8	7746	1
18	6824	-1
6	13507	1
46	26650	1
22	21213	-1
8	30934	1
20	22847	-1
28	8415	1
5	31031	-1
15	30611	-1
42	7024	1
46	25100	1
46	5311	1
38	11775	1
48	23194	1
5	11695	1
40	30804	-1
14	15710	1
48	25762	1
21	24218	-1
10	30028	-1
43	14848	1
8	66	1
22	26455	-1
5	27365	1
5	7918	-1
31	27310	-1
1	11251	-1
11	30483	-1
48	29280	-1
32	23701	-1
37	25154	-1
2	16773	-1
22	25653	-1
13	22145	-1
26	10614	1
43	12487	1
47	23402	-1
9	9411	1
29	13801	1
43	4029	-1
6	11786	1
8	18686	-1
46	4704	1
25	4294	-1
23	14034	1
25	27462	-1
46	12067	1
23	24388	-1
49	29689	-1
7	12658	-1
24	29055	-1
28	29166	1
34	25996	-1
1	20376	1
48	6593	1
19	29036	-1
14	10123	1
49	883	1
13	23678	1
48	7228	1
33	12316	-1
40	9572	1
3	17887	-1
37	13770	1
9	22837	1
36	12228	-1
48	13265	-1
26	750	-1
1	5455	1
43	27606	-1
48	26586	-1
2	27336	-1
37	21658	1
5	1737	-1
43	926	-1
44	22789	1
43	26131	1
1	30517	1
19	15016	-1
45	22928	-1
28	22058	-1
13	24796	1
46	17582	1
25	22251	-1
32	23591	1
43	28226	1
44	26828	-1
15	13809	-1
46	11414	1
19	26349	-1
11	28455	-1
42	864	-1
43	9234	1
13	16026	1
26	14374	-1
22	6751	-1
8	3949	1
4	30291	1
30	29921	-1
4	16151	-1
30	4308	1
48	7544	-1
6	26899	1
21	16232	1
8	26979	1
8	2770	1
36	19377	-1
39	21369	-1
44	12662	1
15	9158	-1
31	7451	-1
1	8306	1
18	27370	1
23	22303	1
6	19661	-1
48	2570	1
42	11427	1
40	19473	1
7	10355	-1
2	28260	1
27	8660	-1
4	30155	1
6	23674	1
43	14063	-1
48	4213	-1
19	8050	-1
10	23798	1
1	27408	1
3	27618	-1
43	20955	1
14	6910	-1
42	15293	-1
37	21422	1
6	24293	-1
4	22518	-1
7	14782	-1
0	4825	1
8	7060	1
21	25923	-1
48	5823	1
49	1376	-1
0	1192	-1
16	4502	1
42	23754	-1
13	19462	1
48	30718	1
49	25020	-1
22	14799	-1
5	22046	1
1	13079	-1
46	3986	-1
42	5273	-1
9	6705	-1
8	21431	1
6	46	1
23	6306	-1
5	1856	1
13	8862	1
8	993	1
49	7561	-1
13	30612	1
48	29186	1
1	9283	-1
45	14451	-1
48	29113	-1
37	27595	-1
31	7422	1
28	606	-1
20	3641	-1
46	19029	1
32	11623	-1
14	10173	-1
43	13543	-1
18	6924	1
36	20879	1
48	4699	1
42	12791	1
4	4808	1
22	24922	-1
38	13971	-1
26	16133	-1
48	251	1
40	7635	-1
10	25706	1
38	17910	-1
37	2444	-1
13	3887	-1
6	2771	1
32	1951	-1
37	6303	-1
3	14982	1
28	19615	-1
10	16407	1
47	24013	-1
4	20539	1
48	24593	1
30	6017	1
4	16216	-1
47	8817	-1
31	20626	1
28	27246	-1
36	16656	-1
4	897	1
12	29118	-1
10	24404	1
25	5114	1
6	11496	-1
47	22316	-1
5	30758	1
43	29036	-1
43	6604	-1
30	25543	1
18	27744	-1
9	12334	1
32	23812	1
28	18657	1
7	12720	-1
10	17100	-1
46	1380	1
40	11732	-1
41	17979	1
19	17615	-1
11	11309	-1
43	3681	-1
7	10891	1
34	2587	-1
20	20484	-1
26	4530	1
23	4042	-1
43	24614	1
46	15114	1
32	20951	1
36	26138	-1
0	8291	-1
42	4278	-1
8	25394	-1
4	12326	1
20	29913	-1
46	17616	1
8	2200	1
6	10940	1
17	27267	1
29	5346	1
5	19035	1
1	7054	1
8	17166	-1
3	29664	-1
17	6665	-1
30	27243	-1
48	18899	1
17	1573	-1
7	29950	1
13	31001	1
10	19497	-1
42	1843	1
13	9812	-1
31	28359	-1
23	8874	1
3	27068	-1
8	22875	-1
1	12169	-1
1	17571	1
43	12906	1
42	17488	1
42	6977	1
39	9320	-1
1	5634	1
8	21798	1
33	21423	-1
7	11961	1
11	12922	-1
9	8525	1
44	12392	1
29	23223	1
46	10181	1
5	17851	-1
8	27232	1
48	25032	1
41	28275	1
33	30948	1
32	9949	1
8	5929	1
18	26266	-1
43	20594	1
13	4411	1
44	696	1
11	18756	-1
39	6177	1
48	8948	-1
13	25268	-1
38	7003	-1
32	11356	-1
23	14425	-1
18	16658	1
43	12261	1
18	27713	-1
32	21623	-1
18	17610	-1
43	28918	1
36	8710	-1
48	29228	1
5	8455	-1
8	6054	-1
48	24945	1
43	20884	1
43	17112	-1
41	3157	1
13	29200	1
7	898	1
29	15091	-1
31	25675	1
14	25766	-1
5	13269	-1
34	3543	-1
38	3082	-1
47	29821	-1
37	23202	1
47	22360	-1
2	14459	1
7	20626	1
4	29241	1
28	5006	1
10	27033	-1
12	1140	-1
43	14713	1
7	10488	-1
42	5267	-1
36	21543	1
24	19689	-1
4	3748	1
47	23481	-1
28	9934	-1
10	23099	1
10	20788	1
28	19154	-1
48	10590	1
49	19987	-1
3	26044	-1
29	22243	-1
8	7802	1
8	9810	1
43	24224	1
9	27428	-1
27	11048	-1
28	17614	-1
49	13254	-1
41	12667	-1
38	2099	1
14	10858	-1
18	479	-1
17	3317	1
17	21976	1
34	13348	-1
45	16004	-1
38	14079	-1
18	11442	-1
6	18135	1
46	24542	1
34	27331	1
35	13592	-1
6	3511	1
8	17545	1
42	4274	1
43	9930	1
48	9652	1
48	25100	1
8	1975	-1
24	28247	-1
20	12328	-1
19	13102	-1
47	16432	-1
6	30825	1
10	23317	1
21	2990	-1
44	13889	1
48	17040	1
35	3850	1
15	10719	-1
48	12622	1
16	2227	-1
28	30131	1
43	7557	1
8	22167	1
10	13086	-1
37	15853	1
15	18617	-1
38	21574	-1
24	27324	-1
8	26899	1
7	1236	1
4	14446	1
11	15705	-1
7	1505	1
11	13384	-1
16	2271	1
46	17195	1
48	2465	1
36	13089	1
13	2538	1
17	18800	1
2	16997	-1
11	13839	-1
44	4347	1
44	11850	-1
35	140	1
32	21893	-1
19	28326	-1
40	16690	1
1	3511	1
4	8775	1
23	6114	1
23	7536	-1
0	3597	-1
6	26028	1
5	17491	1
16	15698	1
6	9686	1
40	14307	-1
29	28536	-1
13	2785	1
46	12553	1
26	8057	-1
39	30894	1
48	7380	1
27	3706	-1
44	12584	-1
1	18344	-1
40	11353	-1
43	9369	1
32	2559	-1
42	18040	1
20	8226	1
8	29665	1
19	13690	-1
36	191	1
34	394	-1
4	16633	-1
48	28734	1
7	20159	-1
43	16825	1
47	25663	1
36	25754	1
20	10396	-1
6	5291	1
48	20697	-1
41	30799	1
23	27952	1
30	5079	1
5	19103	1
30	6746	-1
46	14795	1
46	22903	1
36	21732	1
32	9868	1
43	24714	-1
19	3024	1
21	20111	-1
43	24496	1
42	18187	-1
10	29989	1
44	18014	-1
12	21249	-1
43	138	1
11	5283	-1
3	23928	1
34	26702	-1
36	29483	-1
20	9675	-1
23	17746	1
22	203	-1
16	18457	1
49	21881	-1
13	3990	1
38	24730	-1
13	12413	1
36	5780	1
36	12175	1
42	16389	1
44	16568	1
4	6664	1
8	6439	1
44	1100	1
27	23501	-1
40	12895	1
21	28372	-1
13	28337	1
23	1122	-1
7	20644	1
1	5782	1
32	28236	1
32	13621	1
4	3244	1
13	10067	1
46	16919	-1
43	1981	1
48	15204	1
7	30238	-1
20	16087	-1
10	22296	-1
34	24686	1
48	2557	1
6	12340	1
35	10817	-1
18	7683	1
6	12499	1
19	23623	-1
1	16953	-1
42	10226	-1
23	9137	-1
43	18378	1
40	14431	1
10	2204	1
5	24929	1
26	29766	1
47	8385	-1
43	8869	1
35	26053	-1
44	3695	-1
43	9019	-1
7	28371	1
40	20032	1
39	11080	-1
14	8685	-1
31	28561	1
35	25988	1
28	6411	1
7	14188	1
41	14286	-1
48	27354	1
21	25674	1
15	989	-1
26	3837	1
35	7992	1
17	28994	-1
43	23296	1
48	22302	-1
12	22140	-1
19	3770	-1
46	21363	1
5	2746	1
5	15542	1
2	18645	-1
9	5387	-1
45	7089	1
18	2997	1
22	10450	-1
42	13472	1
20	30450	-1
40	4183	1
48	27969	1
5	3530	1
36	19551	-1
28	7750	-1
37	20478	1
32	1863	1
30	26318	1
43	18494	1
35	3085	1
6	7038	1
6	2527	1
45	23371	1
16	27640	-1
9	23961	1
48	29573	-1
40	14458	1
40	23025	1
28	1725	-1
31	13507	1
2	11202	-1
26	17546	1
15	807	-1
42	3906	-1
13	10885	1
41	1671	1
29	23262	-1
26	6895	-1
44	29462	-1
49	26394	1
38	9065	-1
47	26887	1
10	16677	-1
0	30509	1
13	30503	1
46	16354	1
24	30905	-1
9	23852	-1
1	25388	1
30	24015	1
4	11104	1
40	5999	1
46	24934	1
11	27334	-1
34	171	-1
17	4048	-1
40	10151	-1
6	2276	1
9	26344	1
19	17156	-1
26	5121	-1
23	11812	1
37	19966	1
43	25269	1
33	29754	-1
20	29414	1
49	21307	1
4	11448	1
43	26760	1
43	24007	1
49	3032	-1
20	17871	-1
8	19147	-1
38	17548	-1
26	19980	1
26	9857	1
4	15514	-1
35	22445	-1
8	13209	1
29	9663	-1
46	692	1
29	24199	-1
14	8359	-1
41	21369	-1
10	8027	-1
13	10553	1
7	28494	-1
30	17828	-1
5	6507	-1
21	18925	-1
35	451	1
44	24488	-1
22	2248	-1
43	23038	1
26	9833	-1
10	1171	-1
29	22143	1
23	13169	1
34	18348	-1
4	20956	1
6	30625	-1
49	1403	-1
6	8754	1
28	4010	-1
17	12642	-1
23	316	-1
1	22260	1
12	15665	-1
17	2872	-1
5	8808	1
43	9899	-1
47	7082	-1
44	8968	1
22	7848	-1
42	19302	-1
7	15395	-1
43	30573	1
40	24197	-1
29	16752	1
28	14785	1
6	28433	-1
48	26364	-1
16	28889	1
16	7970	-1
35	5386	-1
20	1026	1
32	5934	-1
13	24572	1
31	3719	-1
17	21479	1
44	27452	-1
0	28222	-1
26	5161	-1
19	23673	1
1	28783	-1
14	12965	-1
5	29923	-1
32	19412	1
16	9951	-1
43	11853	1
46	7920	1
39	30944	-1
40	24685	1
6	19588	1
8	1110	1
34	16175	1
40	3825	1
1	17167	-1
13	23793	-1
24	15643	-1
9	6878	-1
18	26389	1
9	28513	-1
22	21470	-1
21	12080	-1
42	5556	-1
25	3101	-1
1	5756	-1
12	18355	-1
2	5277	-1
46	19315	1
7	25280	-1
2	15231	-1
30	23631	1
0	25775	-1
7	2444	1
43	5314	1
43	8630	1
48	21063	-1
32	15109	-1
14	16611	-1
5	19712	1
49	30464	-1
42	15659	-1
41	21782	-1
11	2768	-1
36	28107	1
16	12898	1
7	4608	1
16	20898	1
44	7429	1
24	13905	-1
23	10892	-1
46	20391	1
36	26126	-1
37	12715	-1
38	18871	1
10	15627	-1
40	13508	-1
12	28169	-1
8	22980	1
27	14911	-1
15	20576	-1
13	21879	1
19	11512	-1
13	21429	-1
7	16516	-1
46	5965	-1
3	6389	1
36	15298	1
2	21392	-1
45	18095	1
23	13623	1
3	19148	-1
6	9712	1
44	16486	1
25	22622	1
36	3545	1
20	7585	-1
43	19660	1
13	603	-1
15	13043	1
22	21870	-1
28	9858	-1
5	28243	1
48	28380	1
12	7109	1
11	15164	-1
16	10183	1
44	21769	1
21	738	1
13	12119	1
44	20701	1
0	17626	-1
26	105	1
31	4251	-1
6	22969	1
49	6539	-1
48	5561	1
36	19148	-1
6	21174	1
47	711	-1
10	27024	-1
44	14411	1
49	24674	1
49	21527	-1
40	8070	1
41	10014	-1
42	5543	-1
17	14529	1
22	22007	-1
6	24295	-1
16	5796	-1
10	26746	1
17	13893	1
48	14593	1
35	12337	1
24	23324	1
48	5888	1
23	4305	1
27	5855	-1
10	5917	1
21	26430	-1
5	5766	1
1	10586	-1
23	22422	1
46	28279	-1
43	27755	-1
13	20837	-1
46	15401	1
35	16211	1
44	11424	-1
35	17387	-1
21	5581	1
27	24347	-1
46	8657	1
24	4938	-1
34	27472	-1
43	1944	-1
20	28034	-1
32	17362	-1
1	3991	-1
8	6543	1
45	11235	1
25	19026	-1
13	27336	1
13	28536	1
19	1376	-1
47	7565	-1
39	27410	1
6	29844	-1
26	27943	-1
47	16172	-1
32	24813	1
37	24357	-1
43	19547	1
16	21153	-1
46	26318	1
36	4373	-1
41	24376	1
24	30545	-1
18	20226	-1
35	6979	-1
30	27841	-1
46	17542	1
4	7918	1
9	8890	-1
8	27579	-1
7	25448	1
47	14374	1
8	6894	1
8	13959	1
0	30615	1
18	3586	1
10	14919	-1
40	9770	1
37	7432	-1
8	7425	1
49	23196	-1
17	15712	1
42	14612	1
47	10077	-1
0	3957	-1
5	2105	-1
42	1932	1
8	7998	1
17	11820	1
43	28361	1
13	21848	1
28	3196	1
44	11801	-1
21	12591	-1
29	15981	1
5	322	1
12	1480	-1
40	15063	1
44	24114	-1
36	13729	-1
48	23647	1
46	15727	1
7	26484	1
44	1778	-1
39	9522	-1
7	19482	1
46	29125	1
42	17137	-1
12	18346	-1
40	8206	1
40	11048	-1
14	27312	-1
36	4686	1
1	3775	-1
32	10434	1
6	14705	-1
1	30532	1
35	17242	-1
5	6220	1
18	14301	1
13	22234	-1
16	16220	1
7	24006	1
16	21226	1
27	21369	-1
17	5162	1
44	12744	-1
49	23203	-1
1	19625	-1
31	15245	1
37	7550	1
7	27580	-1
6	18409	1
42	25191	-1
28	3651	-1
20	13312	-1
8	4676	1
38	3801	-1
24	30451	-1
8	8960	1
3	24767	-1
8	12673	1
48	27685	1
42	19884	1
44	30547	-1
8	8396	-1
43	25795	1
7	15787	1
28	16648	1
44	6278	-1
40	28105	1
43	2538	1
9	815	-1
46	21811	1
40	23269	1
44	24039	1
35	2433	1
13	2019	1
42	23629	1
34	21714	-1
35	22621	1
33	18946	-1
42	20069	-1
5	29253	1
48	15433	-1
28	22224	-1
10	9517	-1
42	5207	1
21	26507	-1
35	23105	1
13	29929	1
6	8691	1
46	19514	1
21	27684	1
2	10889	-1
14	14416	-1
7	17406	-1
23	17487	-1
6	27470	1
34	408	-1
0	29833	1
40	792	1
31	29328	-1
4	8070	1
46	23691	1
42	3511	1
40	29786	1
45	20506	1
37	23914	-1
47	8323	-1
37	21986	-1
30	14536	-1
45	15332	-1
2	12032	1
13	8548	-1
12	27280	1
6	18454	-1
28	21618	-1
33	22402	-1
38	11432	-1
45	29531	1
13	5378	-1
16	8780	-1
43	25513	1
7	7662	1
39	10965	-1
13	13418	1
1	20101	1
18	30878	-1
23	18506	-1
47	9361	-1
46	27412	1
8	16065	1
10	4412	-1
37	28002	1
35	6388	1
36	9004	-1
5	13541	-1
35	17132	1
28	13883	-1
17	9819	1
4	19439	1
44	7584	1
42	19565	-1
37	23977	1
28	4546	-1
39	3354	-1
29	9671	-1
5	20126	-1
22	20815	-1
18	4465	1
43	13155	1
39	21629	-1
49	16532	1
1	5945	-1
29	30815	1
18	148	-1
42	20846	1
35	11255	-1
0	25300	1
14	10237	-1
26	27717	-1
0	15088	1
47	7422	1
38	8014	-1
48	9158	1
43	4699	1
15	22883	-1
33	30847	-1
48	11655	1
37	12490	-1
43	10728	1
46	2426	1
24	14954	-1
28	1362	-1
6	11744	1
5	9545	1
8	22335	1
44	26824	-1
44	7751	-1
46	14055	1
21	2465	1
48	29939	1
47	8274	-1
49	7349	-1
35	13688	-1
27	27807	-1
38	13807	1
7	345	1
13	8345	1
6	13159	1
32	477	1
46	11370	1
43	30618	1
6	14584	1
44	8982	-1
27	1438	-1
3	18209	-1
42	2380	1
43	11356	1
48	26366	1
46	238	1
46	26610	1
25	26253	-1
6	28506	-1
22	7350	-1
4	10008	1
39	18871	-1
17	19589	-1
37	30483	-1
36	22373	-1
32	6142	-1
12	6145	-1
20	21711	-1
10	7033	-1
5	25905	1
38	1935	-1
43	18884	1
44	9978	-1
10	21592	1
10	24972	-1
8	26722	1
43	18830	1
14	7496	-1
15	28787	1
31	8791	1
37	10114	-1
5	660	-1
45	26543	1
8	6486	1
8	23380	1
5	12469	1
4	6483	1
1	13412	1
43	15866	1
48	23267	1
33	18295	-1
40	5607	1
9	11620	1
6	22170	1
18	11735	1
24	8414	1
40	27253	-1
3	19436	-1
43	30316	1
10	155	-1
27	8924	1
40	25341	1
8	27244	-1
15	15861	-1
4	8481	-1
16	25010	-1
23	10153	1
40	11165	-1
25	2368	1
13	23999	1
6	8187	1
31	16186	-1
42	3965	-1
25	3213	-1
10	17731	-1
42	22608	1
35	9992	1
43	24794	-1
37	14530	1
32	7744	-1
43	16742	1
13	23525	1
16	4773	1
43	7939	1
13	30902	1
8	25197	1
47	15655	-1
16	7092	-1
49	14269	1
0	2679	-1
49	11064	-1
41	6929	-1
17	22295	1
44	15894	-1
20	17467	-1
42	642	-1
46	19730	1
36	29165	1
8	8369	-1
43	28698	-1
31	26657	-1
42	12840	1
16	24583	1
13	19888	-1
42	21904	-1
23	22699	1
10	29623	-1
46	17027	-1
5	19266	-1
12	9958	1
3	25275	-1
30	25991	1
35	26295	-1
10	12302	1
18	22407	-1
36	26738	1
17	5928	1
18	17475	-1
15	25647	1
23	26407	1
42	3770	1
5	2691	1
19	9108	-1
42	6405	1
45	12596	1
40	21295	1
28	11957	1
16	25874	1
48	5110	1
38	12577	1
36	23564	1
18	6224	-1
20	15867	-1
12	22908	-1
17	19793	1
27	10345	-1
13	10642	1
44	7752	1
5	830	-1
1	5394	-1
23	11228	-1
42	16402	-1
8	14850	1
6	21605	1
43	7712	1
37	23724	1
42	18385	-1
21	20995	1
17	19194	-1
35	23044	1
48	6782	1
10	23232	1
25	25904	1
44	5450	-1
42	22804	-1
42	19326	1
4	8444	1
4	13199	1
3	12356	-1
40	7696	1
34	368	-1
5	18383	1
46	23682	1
40	17279	-1
48	18419	-1
49	5755	-1
36	15133	-1
13	14715	1
10	12171	-1
46	13495	1
40	568	1
37	2304	-1
46	29287	1
48	15807	1
37	21867	-1
6	10141	1
27	19322	-1
8	1475	1
47	1557	-1
37	5941	1
6	24986	1
4	28409	-1
48	28158	1
22	12591	-1
30	30155	1
18	25328	1
45	9205	-1
25	28699	-1
18	25964	-1
14	11498	-1
4	17300	1
7	18378	-1
42	3879	1
26	20754	1
1	18000	1
10	18698	-1
13	14979	1
18	27634	1
12	29255	-1
23	28342	1
25	2689	-1
14	6458	-1
21	15552	-1
34	9827	-1
43	21820	1
18	7249	-1
21	10061	-1
20	18467	-1
21	11616	1
4	7420	-1
45	930	1
1	11477	1
33	23181	-1
5	15725	1
27	4240	1
41	13729	1
21	21691	-1
2	18226	-1
17	2987	-1
24	11650	-1
13	20611	1
6	21925	-1
48	16678	1
33	11129	-1
49	10377	-1
39	2566	-1
45	30412	-1
39	352	-1
3	1718	-1
13	8218	1
27	11401	-1
38	23598	-1
32	2621	-1
46	22216	1
18	24312	-1
49	1239	-1
35	9247	1
17	10457	1
17	1494	1
32	25649	-1
32	7114	1
10	14439	-1
40	12636	-1
17	15792	-1
44	29890	-1
2	6022	-1
9	1863	1
31	30303	-1
16	17822	1
6	30003	1
29	13258	-1
29	22604	-1
8	23353	1
29	27244	-1
14	1333	1
48	21090	1
43	24057	1
43	13104	1
44	22083	1
19	17666	-1
32	185	-1
9	21458	-1
43	27	1
5	14461	1
43	24353	1
36	30583	-1
15	2470	-1
14	19491	-1
17	21143	1
15	5981	1
18	4448	1
16	22361	1
22	29778	-1
47	29988	-1
15	28470	-1
38	1193	-1
46	26122	1
32	2471	-1
37	3885	-1
42	293	1
9	22979	1
8	19929	1
35	28969	1
18	30439	1
8	30295	1
32	12081	-1
32	8537	1
4	26164	1
37	20278	-1
0	1627	-1
6	20554	1
25	11338	1
47	7089	-1
13	19631	1
13	12445	1
43	29812	-1
48	4631	1
48	5400	1
48	1780	1
9	16079	-1
48	8519	1
46	20619	-1
46	16289	1
8	16675	1
43	17827	-1
45	30059	-1
37	28591	-1
5	27090	1
6	510	-1
32	24518	-1
16	547	1
1	21207	-1
29	28143	1
21	12422	1
8	6993	1
17	4499	-1
4	22016	-1
41	15965	-1
40	21619	1
26	28997	-1
46	7481	1
7	6876	-1
9	14582	-1
43	10252	1
9	18520	1
11	24303	-1
28	25909	1
31	3120	-1
7	23141	1
48	24440	-1
17	6704	-1
15	14828	-1
47	352	1
35	23186	1
48	19251	1
43	2531	-1
44	15143	-1
15	24138	1
43	29512	1
21	14457	1
43	23648	-1
39	7348	1
3	14714	-1
45	18977	-1
42	16621	1
4	4977	-1
33	13135	-1
32	28822	-1
35	24778	1
21	2674	-1
20	8165	1
48	20568	1
1	19004	-1
40	26809	1
37	6282	-1
43	7532	1
30	9870	1
47	27025	-1
42	7320	1
9	1496	1
40	2052	1
6	14672	-1
12	29064	1
44	5360	-1
12	30445	-1
48	12223	1
8	7772	-1
28	1588	-1
38	27798	-1
44	25584	-1
31	22890	-1
40	21029	1
44	30820	1
16	4951	-1
5	21947	1
14	5852	-1
36	27475	-1
47	17525	1
22	13853	-1
24	8999	-1
13	6797	1
19	13112	-1
46	20465	1
13	23354	-1
7	13269	1
15	2743	-1
40	8862	1
32	5352	1
6	5120	-1
42	11465	1
40	29258	1
40	9706	1
12	30611	-1
31	8453	1
35	17625	1
22	5384	-1
39	14705	-1
16	22019	-1
7	7170	1
46	13404	1
5	11973	-1
48	24672	1
48	14650	1
36	7940	-1
27	26273	-1
45	22294	-1
43	4230	1
32	24413	1
39	14271	1
23	18025	-1
8	7869	1
23	108	-1
30	15889	1
42	26330	1
36	14705	-1
48	15987	1
28	15381	-1
17	11281	-1
8	1097	1
7	95	-1
21	3148	-1
4	17519	1
40	19994	1
4	11114	1
31	28708	-1
7	27255	1
39	5555	-1
43	29427	1
12	14004	-1
25	23704	-1
42	13663	1
43	4467	1
20	12998	-1
33	16955	-1
48	1390	1
4	226	-1
48	20929	1
16	18125	1
6	3478	1
10	23062	1
49	9708	1
25	10697	-1
38	4053	1
48	26046	1
5	27207	1
48	18245	-1
5	30860	1
21	21823	-1
16	24089	-1
46	24147	1
42	21765	1
4	8317	1
11	5432	-1
16	3103	1
9	4937	-1
17	16833	-1
41	24016	-1
34	2915	-1
1	9921	-1
20	22168	1
8	16703	1
46	15380	-1
8	11492	1
6	18680	-1
36	2526	1
48	26598	1
37	30598	-1
4	21118	-1
48	25147	1
10	28208	1
47	15735	-1
14	28781	-1
0	16702	-1
23	6328	1
4	20851	1
31	7109	-1
17	13704	1
40	24501	1
7	30233	1
46	18286	-1
43	5978	1
15	27528	-1
18	1642	1
35	25860	1
36	24188	-1
28	2303	-1
24	7350	-1
12	7287	-1
31	4616	1
20	17999	-1
43	8824	-1
9	21230	-1
39	15966	-1
35	21141	1
44	12842	-1
2	2888	-1
16	1606	1
44	2206	1
34	14902	-1
7	220	-1
28	21570	-1
34	18335	-1
18	1975	-1
32	23389	1
39	19702	1
10	16398	1
42	30782	1
24	6790	-1
43	7213	1
36	27747	-1
43	8445	1
49	24471	-1
13	19623	-1
45	27325	1
0	24990	-1
45	6226	-1
46	24246	-1
28	5166	-1
13	21689	1
13	8411	-1
40	21736	1
0	13254	1
5	20880	-1
30	12704	-1
8	24247	1
7	20297	-1
35	8967	-1
22	29281	-1
2	3407	-1
45	19450	1
41	19491	-1
13	7511	1
42	21620	1
17	3610	-1
11	1744	-1
43	28132	1
18	26613	-1
1	2992	1
15	13749	-1
42	15012	1
47	25975	-1
23	26183	1
28	28109	-1
31	3681	-1
8	25580	1
8	11390	-1
19	20553	-1
7	11156	1
24	6345	-1
25	2709	-1
10	438	-1
42	1754	1
46	24599	1
42	14615	1
43	4225	1
8	24574	1
18	21517	1
28	7630	-1
23	4978	1
42	8643	1
31	10788	-1
32	27774	1
13	434	-1
8	9645	1
8	14383	1
23	894	-1
22	18211	-1
15	3420	-1
8	20747	1
20	16933	1
17	3160	1
26	13402	-1
25	25306	-1
13	30879	1
40	944	1
23	24789	1
28	26387	-1
40	9299	1
46	26069	-1
26	2899	-1
9	21334	-1
20	23555	-1
30	1043	1
19	3529	-1
23	2639	1
48	24018	1
9	23079	-1
36	23677	1
36	7715	-1
44	10125	-1
47	9652	-1
18	26740	-1
13	25123	1
43	18500	1
16	25699	-1
10	21063	-1
32	27425	1
43	2509	1
34	23597	1
48	20610	-1
5	4746	-1
36	5571	-1
15	28795	1
28	21819	1
18	2084	1
8	4954	-1
29	25903	-1
15	6934	1
21	19796	-1
48	406	-1
17	8369	-1
48	12373	1
42	8102	1
43	20358	1
48	15978	1
13	26877	1
6	794	1
44	1609	-1
17	18523	1
37	25881	-1
37	17705	-1
36	2241	-1
37	13882	-1
42	18102	-1
48	27222	1
9	15635	1
35	21488	-1
34	9245	-1
34	11184	-1
32	11449	-1
24	23154	-1
35	10429	1
20	13756	-1
12	2401	1
30	28226	1
12	25905	-1
16	30513	-1
40	23893	1
25	21971	-1
29	15382	-1
6	23946	1
3	18283	-1
47	19166	-1
29	24680	1
39	15649	-1
46	538	1
14	13891	-1
7	19041	1
21	26586	1
48	516	1
35	19758	1
23	2564	-1
48	27486	1
18	11426	1
13	18063	1
13	13877	1
25	6331	-1
37	23778	-1
24	13169	-1
2	17333	-1
23	27118	1
42	10153	-1
39	28250	-1
41	29432	-1
18	11189	-1
4	6374	-1
31	4344	-1
18	22369	1
48	16762	-1
21	7504	-1
48	5917	1
4	28270	-1
4	6937	1
23	25359	1
46	15889	1
9	13115	-1
32	2607	1
4	10674	1
40	1215	1
8	11164	1
6	28916	1
7	19279	-1
28	21317	-1
27	19100	-1
48	17900	1
46	19065	-1
4	21709	1
28	21325	-1
45	24736	1
45	7824	-1
37	11055	1
15	26858	1
19	865	-1
36	10889	1
4	29333	1
6	12276	-1
44	11543	-1
43	26375	1
17	29276	-1
43	7980	1
8	5562	1
48	13803	1
7	7969	1
48	7063	-1
21	4771	-1
43	26031	1
10	30922	-1
8	19452	1
13	26008	1
4	4802	-1
47	5592	-1
0	6511	-1
6	16939	1
17	6378	1
20	30575	-1
3	9914	-1
45	5183	-1
14	25874	-1
25	13733	-1
27	29280	-1
4	12341	1
32	14266	1
48	4009	1
31	20388	-1
21	30444	-1
2	29213	1
8	19775	1
32	27154	-1
17	27843	-1
26	3671	-1
22	3647	-1
18	5875	1
37	27229	-1
17	26778	1
4	10423	1
43	6436	1
40	16154	1
6	7998	1
5	19529	1
46	19927	-1
18	16180	1
46	26422	1
23	9586	-1
20	16612	-1
36	17411	1
24	17807	-1
27	19604	1
43	27567	1
34	10332	-1
26	20187	-1
8	17240	1
28	23737	-1
40	12087	1
41	17651	-1
46	10816	-1
14	13863	-1
45	30248	1
19	1806	-1
23	16235	1
6	17500	1
34	16494	-1
16	12775	-1
42	26938	1
35	19319	1
40	3231	1
49	17568	-1
39	20517	-1
17	5766	1
16	6671	1
13	11412	1
10	27124	1
11	29283	-1
1	7038	-1
41	11748	-1
12	4782	-1
13	183	1
13	24279	-1
32	15871	1
33	6661	1
0	5216	-1
23	25924	-1
44	15132	-1
15	22413	-1
46	12900	1
13	3763	-1
42	20363	1
6	13981	1
26	27074	-1
10	2111	1
34	28367	-1
7	1498	1
5	28000	1
43	22572	1
43	10956	1
49	27979	-1
44	25092	1
1	28523	1
28	20582	-1
21	30032	-1
47	21545	-1
49	26675	-1
46	22011	1
25	4862	-1
37	27323	-1
6	20707	-1
6	27085	1
34	30813	1
16	21230	1
23	16377	1
13	31000	1
46	9339	1
26	26702	-1
48	26585	1
17	12318	1
30	7614	-1
36	8534	1
5	5487	-1
46	27649	1
43	10473	1
44	16883	-1
13	5978	1
18	17959	1
17	27042	1
22	23808	-1
5	25317	-1
16	19087	1
2	10983	-1
21	29705	-1
6	23388	1
8	13952	-1
49	10876	1
37	8444	-1
46	28664	-1
3	21150	-1
19	9261	-1
26	15228	-1
0	20964	1
9	4587	-1
26	293	-1
5	4789	-1
4	11597	1
43	2530	1
22	19612	-1
33	28612	-1
33	7086	-1
13	6685	1
13	9611	-1
44	1546	-1
46	22199	1
13	17671	1
44	19208	1
32	19557	-1
6	9574	-1
0	6244	-1
8	28251	1
36	14536	-1
30	12514	1
33	7847	-1
42	28191	1
33	4343	-1
30	19408	-1
42	4049	-1
42	10850	-1
39	834	-1
40	30226	-1
8	13398	1
19	11738	-1
34	21095	-1
6	21361	1
47	11923	1
42	7259	-1
42	7731	1
17	2011	-1
46	3767	1
43	15613	1
48	8590	-1
13	24454	1
48	26543	1
4	1615	1
45	29401	1
19	12549	1
13	17187	-1
11	23816	-1
49	29635	-1
0	17009	-1
19	30686	-1
13	7176	1
43	14420	1
25	7628	1
21	22500	-1
2	26201	-1
4	102	1
42	21065	1
22	8935	-1
35	1408	1
41	18069	-1
42	17493	-1
11	31016	-1
48	24159	1
30	552	-1
43	5293	1
49	23278	-1
48	19491	1
35	29032	1
42	18885	1
12	995	-1
46	19530	1
23	24543	1
4	30568	-1
14	8226	-1
4	3111	-1
8	16797	1
43	30194	-1
30	29507	-1
23	29591	-1
35	4243	-1
43	3531	-1
43	15529	1
40	24311	1
5	13767	1
15	29620	1
48	19363	-1
48	21062	1
1	7056	-1
19	999	-1
42	2203	1
3	14588	-1
19	3153	-1
48	6176	1
34	7612	-1
19	11818	1
35	2804	-1
13	16293	1
17	10284	-1
40	2619	1
48	14169	1
44	13487	-1
26	11666	1
29	26973	1
46	23495	1
8	11890	1
47	21120	-1
49	22814	1
12	12566	-1
44	29301	1
43	5432	1
6	19914	1
8	19393	-1
3	432	1
4	1397	1
29	21579	-1
17	2252	1
48	11728	-1
41	11204	-1
45	19891	-1
23	15950	-1
42	8594	1
18	17847	1
23	15158	1
1	26444	1
26	25682	-1
6	10601	-1
1	10158	1
2	1912	-1
25	1852	-1
48	29083	1
32	18650	-1
5	8040	1
13	27489	1
39	24952	-1
8	2646	-1
46	19513	1
13	18813	1
45	14704	1
35	21639	-1
10	20836	-1
0	8971	1
23	3606	-1
13	9307	1
6	3859	1
14	1119	1
16	7359	1
4	9888	-1
46	3596	1
36	3336	-1
35	16389	-1
11	13241	-1
2	13185	-1
20	25515	-1
1	12817	-1
8	26165	-1
7	30810	-1
8	10835	1
43	2944	1
16	23829	1
16	13357	1
13	25416	1
4	11845	1
44	3473	1
44	12601	-1
42	8509	-1
16	5886	1
37	24893	-1
49	30169	1
0	3573	-1
1	10197	-1
42	12241	1
48	24056	1
33	21770	-1
10	14201	1
48	6684	1
31	15225	-1
20	27772	-1
45	27907	-1
39	8179	1
4	24755	1
39	18335	1
1	17895	1
40	20473	1
45	4406	1
40	25155	1
43	13824	1
46	24655	-1
44	8686	1
2	22288	1
6	9214	-1
38	30314	-1
36	16966	-1
17	1005	-1
9	1263	-1
43	25175	1
6	23357	1
13	11995	1
31	28557	-1
33	28080	-1
23	22151	-1
4	17395	-1
1	26733	1
47	16143	-1
17	18582	1
16	18034	1
21	7209	-1
30	25931	-1
35	20577	1
10	4452	1
5	22549	1
39	682	-1
16	669	-1
38	5001	-1
37	2578	-1
28	4469	1
8	14754	1
5	24683	-1
38	3881	-1
5	8228	-1
21	16146	1
8	17546	1
27	12272	-1
34	6850	-1
9	7311	-1
4	4169	1
13	23480	-1
20	13875	1
43	8720	1
26	8029	1
2	19694	-1
48	2462	1
17	18201	1
9	917	-1
20	9155	1
18	19186	-1
17	7999	1
1	16705	1
9	4540	-1
11	5852	-1
17	6508	-1
40	3459	-1
16	11081	1
0	13550	-1
28	29717	-1
14	12588	-1
6	22083	1
48	1943	1
20	2264	-1
9	15952	-1
7	23913	1
16	11019	-1
21	30659	1
4	17121	1
18	23977	1
46	13778	1
40	15157	-1
42	11563	-1
29	7912	-1
26	3420	1
9	4641	1
49	10931	-1
29	27013	-1
43	7491	1
8	14627	1
13	17276	-1
46	12489	1
16	10147	-1
43	30442	1
15	13081	-1
13	15034	-1
10	21113	1
25	6799	-1
20	9764	-1
36	21398	-1
40	20086	-1
5	20498	-1
49	27127	-1
49	7203	-1
36	1292	1
4	4809	1
46	3708	1
26	639	-1
8	3559	-1
14	9424	-1
9	31073	1
24	12222	-1
28	15879	-1
7	12557	-1
46	559	1
42	29233	1
13	14558	1
36	16502	-1
39	13513	1
42	20534	1
8	14537	1
6	6638	-1
4	9866	1
5	2077	1
18	3138	-1
31	15699	1
3	1234	-1
15	15383	-1
13	18670	1
42	265	1
1	14794	-1
31	19814	-1
6	12167	1
0	4199	1
8	16523	1
36	2175	-1
48	22428	1
13	15051	1
42	24988	-1
23	16631	1
33	8998	-1
16	24023	1
38	3373	1
43	11164	1
16	2401	-1
32	364	-1
20	23833	-1
33	2097	-1
39	9648	-1
13	13067	1
1	12564	-1
6	5582	1
27	16952	-1
13	2214	1
16	5559	1
29	4386	-1
46	2105	1
42	17263	-1
23	13302	-1
5	27211	1
40	9300	1
23	712	-1
16	12530	-1
20	30827	1
31	20022	1
16	1664	1
10	13510	-1
24	13827	-1
16	6113	1
18	11030	-1
42	19357	1
36	26986	-1
37	7963	1
16	5364	1
37	6193	-1
7	10281	1
27	13345	1
46	27073	1
8	11348	1
4	7883	1
48	14612	1
48	22439	1
49	26483	-1
15	14288	-1
1	6886	1
45	24413	-1
43	16833	1
15	7575	1
42	17229	1
46	14216	1
1	6533	1
48	12969	1
35	1256	1
2	1895	-1
19	6205	-1
16	15215	-1
14	8800	-1
35	19318	-1
35	26463	1
28	18331	1
20	6516	-1
8	4145	1
33	2899	-1
36	16882	1
48	25183	1
48	4629	1
4	7490	1
11	27521	-1
2	22664	1
8	15749	1
44	18581	-1
11	1064	-1
39	6918	-1
38	29993	1
34	15024	-1
41	26849	-1
43	17026	1
39	25986	1
17	19330	-1
3	19843	-1
45	22241	-1
20	28535	1
34	17392	-1
15	30640	-1
6	1265	1
6	18174	-1
0	29563	-1
2	13554	-1
1	22351	1
42	1424	1
8	18050	-1
18	10226	1
41	13666	-1
26	19578	-1
2	13374	-1
16	23165	1
8	25872	1
48	24200	1
35	947	1
16	8669	-1
36	3906	-1
34	6125	-1
1	10380	-1
24	13342	-1
48	28234	1
28	8212	-1
37	19568	-1
40	18599	1
9	24881	-1
8	4040	1
0	431	-1
6	16300	-1
32	6991	1
42	24883	-1
40	30174	1
48	29427	1
11	5978	-1
16	11258	-1
12	12920	-1
26	22421	-1
38	4611	1
13	29309	1
12	15632	-1
43	30435	1
43	4341	1
38	29612	1
8	495	1
48	8067	1
0	1294	-1
31	29490	1
28	21404	1
4	7571	1
19	6788	-1
45	27121	-1
34	28253	-1
37	6792	1
28	18554	-1
18	15460	1
47	998	1
36	25405	1
26	11354	1
43	183	1
35	30102	1
8	14885	1
49	9490	-1
40	17946	1
5	20134	-1
43	23584	1
37	5953	1
36	24673	-1
16	19698	1
42	30604	-1
16	5171	1
7	13115	-1
45	12127	1
42	30257	1
6	19284	1
43	6733	1
4	207	1
13	5418	1
8	31053	1
9	9085	-1
19	3145	-1
2	13261	-1
10	8128	-1
2	6879	-1
43	9796	-1
39	3096	1
21	6367	1
3	4805	-1
24	22418	-1
11	27382	-1
22	575	-1
8	7397	1
25	11390	-1
8	10405	1
5	4740	-1
29	17214	1
42	17266	-1
8	8132	1
48	10264	1
48	577	1
43	14768	1
48	22695	-1
25	16	-1
33	8523	-1
26	15960	1
6	29520	-1
28	26370	-1
10	28040	1
3	20663	-1
20	13376	-1
37	12468	-1
36	25540	-1
21	8397	-1
43	8879	1
38	1754	-1
44	17100	-1
12	1321	-1
46	25322	1
17	15879	1
0	23864	1
40	5674	1
8	9458	1
45	15136	-1
27	10623	-1
24	19650	-1
22	6808	-1
44	12054	-1
30	15046	1
45	20494	-1
11	16545	-1
21	23814	-1
43	2084	1
11	10200	-1
45	26335	-1
0	30742	1
13	24539	1
43	30503	1
9	15810	1
14	10148	-1
41	8533	-1
43	30398	1
32	22093	-1
35	11781	1
29	28529	-1
25	6115	-1
11	25994	-1
47	27341	-1
4	18437	-1
7	29478	1
32	8305	-1
15	18162	1
35	27899	-1
3	1432	-1
10	29579	-1
38	17296	-1
46	532	1
44	16758	1
22	26973	-1
27	16111	-1
6	27996	1
47	19115	1
48	25774	1
35	9574	1
15	14635	-1
43	4313	-1
32	2619	1
49	29288	1
34	9476	-1
38	8460	-1
9	29846	-1
1	26038	1
36	28979	1
19	12564	-1
21	9829	-1
13	11658	1
40	27904	1
30	31042	-1
6	17124	-1
1	6051	-1
12	22950	-1
10	2545	-1
13	19651	1
31	22277	-1
43	12437	1
13	29758	1
10	24296	-1
13	7852	1
10	27998	1
43	27336	1
18	14269	1
43	28521	1
18	680	1
40	10738	-1
9	24942	-1
40	2601	-1
31	20574	1
22	3478	-1
7	9521	1
30	405	-1
28	13243	-1
32	633	1
25	11328	1
35	2328	-1
16	25308	1
40	27999	1
6	8536	-1
31	22210	-1
20	24361	-1
43	3097	1
0	11269	1
5	9064	1
1	27855	-1
8	19700	1
4	9312	1
18	11371	1
28	22771	1
1	20435	1
42	29075	1
20	13543	-1
46	3016	-1
42	2027	-1
38	22257	-1
27	21940	-1
26	20740	-1
42	147	1
8	24906	1
45	27176	1
26	24347	-1
46	7754	-1
4	10409	1
40	9138	1
12	16660	-1
10	27973	-1
4	907	1
5	25240	1
29	2108	1
21	13376	1
29	21701	-1
28	13936	1
49	4897	-1
25	5741	1
38	15139	-1
29	698	1
37	2512	1
31	1133	-1
13	11195	-1
38	2442	-1
17	12828	-1
9	19718	1
10	14118	1
20	8609	-1
13	12560	1
48	12811	1
28	3867	1
43	16376	-1
11	21747	-1
23	20885	-1
38	8624	-1
33	19404	-1
14	29731	-1
46	17433	1
15	18272	1
45	2613	1
4	25821	-1
23	572	-1
26	10252	1
42	17438	-1
13	21306	1
28	16844	1
17	4245	1
18	27424	1
43	3888	-1
42	15675	1
46	14647	1
24	10249	-1
39	24284	-1
6	29058	1
47	33	1
35	28995	1
17	8765	1
27	30147	1
18	27957	1
7	15017	-1
10	1580	-1
18	20235	1
28	765	1
46	29655	1
30	7020	1
28	24830	-1
4	4184	1
12	3568	-1
6	13259	1
40	24538	1
40	3762	1
7	15480	1
15	21985	-1
4	19393	1
31	16748	-1
41	11101	-1
22	7533	-1
33	29867	-1
49	18032	-1
30	30929	-1
16	2991	1
4	27006	-1
8	5027	1
46	5230	-1
46	10464	1
13	17557	-1
32	27075	1
48	23731	1
23	23271	-1
6	27804	1
47	2127	-1
18	9417	1
21	28359	1
40	6210	-1
46	22755	1
46	26347	1
9	10821	-1
0	30489	-1
42	12263	1
36	27560	-1
27	22819	1
11	1924	-1
1	4370	-1
1	4950	-1
30	4066	1
43	11867	1
48	13479	1
9	2465	-1
25	29265	-1
42	25879	1
22	254	1
39	28189	-1
46	24948	-1
18	17916	-1
12	15040	-1
48	29475	1
17	24789	1
48	3767	1
40	18824	-1
46	15830	1
16	19164	-1
39	16184	-1
48	2118	1
17	5647	1
43	15130	1
46	12000	1
40	23962	1
21	30590	1
5	21712	-1
21	15873	1
20	5267	-1
35	1791	-1
6	2053	1
30	3020	1
21	30874	1
16	14193	-1
44	19425	1
44	4190	-1
14	11813	-1
34	1464	-1
49	23466	1
26	10862	-1
38	29080	1
0	7206	-1
35	4315	-1
24	22896	-1
39	22378	-1
8	22623	1
17	27017	1
27	12048	-1
46	3274	1
24	14626	1
17	25763	1
48	13266	1
1	24751	-1
35	5596	1
36	16014	-1
32	17691	-1
43	4953	-1
45	26959	-1
10	12270	-1
2	18158	-1
43	773	1
31	22466	-1
36	3169	1
0	23957	-1
43	953	1
6	8568	1
32	29357	-1
20	30103	-1
8	27338	1
43	21353	1
0	824	-1
9	21281	1
14	20165	-1
37	7317	-1
45	7316	-1
42	3681	1
29	22614	-1
13	117	-1
39	24637	1
46	278	1
1	19706	1
43	15518	1
17	21631	1
26	20264	-1
43	18054	1
38	18517	-1
1	23280	1
6	24546	-1
46	24083	-1
13	880	1
7	10208	-1
30	16625	-1
3	11486	-1
29	6011	1
37	2857	-1
2	486	-1
49	26037	1
10	5101	1
14	5964	-1
43	13277	1
22	412	-1
48	15784	1
29	16744	-1
4	22949	1
42	1160	1
6	13544	-1
34	28357	-1
16	8745	1
2	20553	-1
18	8151	-1
22	20086	1
28	12661	1
15	20858	-1
14	19193	-1
42	5772	-1
2	4618	1
48	5862	1
26	28324	-1
19	29339	-1
43	8481	1
17	22804	-1
49	19751	1
23	17203	1
43	23342	1
39	8503	-1
32	18079	-1
35	24183	-1
10	26862	-1
46	18148	1
43	6814	1
9	21909	1
18	28460	-1
34	7332	-1
48	7517	1
15	20815	-1
17	16472	1
43	27997	1
29	9840	-1
16	10011	-1
21	9539	-1
32	28618	-1
16	1679	1
40	2367	-1
36	5578	-1
27	12747	-1
17	28161	1
43	18421	1
33	17837	-1
16	18515	1
8	17560	1
19	26801	-1
40	23968	1
35	24782	-1
1	20350	-1
17	11251	-1
38	6673	-1
37	17610	-1
4	4003	1
49	22204	1
27	1831	-1
45	6004	-1
18	17333	-1
12	4682	-1
0	28781	-1
48	3666	1
14	8095	-1
49	161	1
22	5023	-1
4	20175	1
43	2301	1
43	15295	1
43	12676	1
38	5760	-1
17	2151	-1
48	27798	1
8	493	1
27	7539	-1
28	15699	1
7	14545	1
8	1192	-1
32	1682	1
4	10579	1
40	13405	-1
42	17299	1
35	13221	1
46	724	1
16	11215	1
37	14330	1
23	7737	1
10	5467	-1
3	27258	1
39	17153	-1
46	2008	1
8	21085	1
27	13059	1
36	30017	1
36	24766	1
39	13684	1
29	6934	-1
9	3033	-1
5	22343	1
36	22856	-1
21	17058	-1
6	20474	-1
13	20654	-1
6	21087	-1
6	14699	1
11	19508	-1
4	3924	1
41	7786	1
49	6678	-1
23	31063	1
4	7172	1
0	27318	1
47	16719	1
43	18374	1
28	2965	1
11	9533	-1
10	2924	1
48	23625	1
8	25922	1
43	25503	1
28	8243	1
16	26078	1
49	2905	-1
8	14566	1
34	11573	-1
11	18850	-1
13	25984	1
5	3648	1
11	22737	-1
39	28197	1
32	5149	-1
35	7609	1
39	4654	1
39	30604	-1
5	29465	-1
8	20981	-1
47	1123	1
37	15678	-1
44	824	-1
43	27509	1
7	23102	1
35	11131	1
32	3065	-1
47	22258	-1
29	20008	1
40	25685	-1
49	30707	-1
45	15929	1
48	1087	-1
42	11040	1
48	30397	1
48	14778	1
30	19854	-1
49	28814	-1
21	11037	-1
13	4718	1
43	5198	1
1	24761	1
4	884	1
3	17889	1
16	9730	1
18	5079	1
10	30164	1
22	10939	-1
20	2134	-1
38	13497	-1
13	16742	1
9	13367	1
41	22051	-1
27	22482	-1
8	2619	1
0	11243	1
6	26667	1
43	19614	-1
49	30255	-1
16	29866	1
12	19646	-1
3	10806	-1
8	2354	-1
22	20877	-1
20	18730	-1
5	3760	1
37	22	-1
40	20263	-1
23	12682	-1
1	20633	-1
37	6763	1
6	6591	1
6	14990	1
37	2327	-1
16	22972	-1
42	10769	1
13	8330	-1
33	20528	-1
43	4430	1
7	12578	1
7	14517	-1
6	2088	-1
13	18842	1
5	28192	1
36	14872	1
18	22537	1
28	5538	-1
8	20262	1
13	8665	1
0	28180	1
26	29488	-1
18	18571	-1
3	15764	-1
45	19154	1
47	1925	-1
19	12546	-1
43	8209	-1
2	11538	-1
5	9912	1
9	13463	1
5	4254	1
9	21378	-1
4	12505	1
17	5882	1
6	15798	1
8	21402	1
3	17718	-1
42	3713	-1
39	1416	-1
39	14983	1
35	10327	1
0	11038	-1
12	1922	-1
19	26264	-1
39	14499	1
21	24907	-1
6	16855	1
8	5398	1
13	11559	1
43	5184	1
13	19058	1
7	3756	1
5	23949	-1
39	15070	1
45	19162	-1
46	13796	-1
5	14944	1
1	2045	1
36	25767	-1
40	24381	1
14	12704	-1
17	14330	-1
39	16921	-1
40	7228	1
42	29213	1
26	15098	-1
9	25149	1
46	22537	-1
46	14973	1
6	17567	-1
28	23670	1
43	21650	1
4	8470	-1
8	24299	1
47	6704	-1
28	24495	1
1	26627	1
14	3529	1
8	27013	1
34	28447	-1
0	13174	1
22	25418	-1
5	16371	1
1	1628	-1
46	20847	1
36	3399	1
2	17776	-1
45	26519	-1
48	24718	1
22	26960	-1
42	2659	1
8	15516	-1
33	29136	-1
14	11777	1
15	9812	-1
16	28151	-1
4	17104	1
13	20218	-1
2	9212	1
43	15553	1
22	29298	-1
10	8784	1
13	280	1
8	21026	1
30	3171	-1
2	29831	-1
8	6631	1
8	4625	1
29	19840	-1
22	27313	-1
48	25654	-1
41	1154	-1
39	24788	-1
30	8122	-1
46	9343	1
27	4915	1
44	4018	-1
47	1914	-1
5	23478	1
33	22706	-1
23	2562	-1
4	20668	1
31	14975	-1
10	25748	-1
43	23203	1
13	5744	1
13	10249	1
30	420	-1
2	29156	1
0	22418	-1
15	22676	-1
37	15751	-1
41	11908	-1
44	17386	-1
38	1381	-1
44	20812	-1
21	26843	-1
6	29020	-1
4	19913	1
12	7037	-1
22	20051	-1
27	11738	-1
9	11873	1
5	16880	1
4	4344	-1
40	27985	1
26	28731	1
5	22878	1
16	6099	1
40	28210	1
43	10759	1
43	22715	1
46	17945	-1
13	5360	-1
44	9692	-1
17	2384	1
13	20908	-1
48	18968	-1
1	21368	1
12	15315	-1
5	28276	1
5	17141	1
2	16676	-1
28	20404	1
47	24234	-1
23	13566	-1
16	22877	-1
25	26701	1
40	11284	1
18	23586	1
12	23939	-1
32	9677	-1
13	18856	1
41	21638	-1
4	29728	1
30	7356	1
18	2301	-1
48	744	1
19	743	1
42	15995	1
29	24053	1
43	9238	1
39	29246	1
34	23845	-1
47	27426	-1
16	21876	1
39	10217	-1
26	16719	1
3	16903	-1
48	27764	1
19	2250	-1
21	21842	1
42	24510	-1
28	17504	-1
39	7297	-1
40	30021	1
49	6203	-1
42	15740	1
34	14570	-1
23	25209	-1
42	13360	1
16	10010	1
16	17615	1
13	15153	-1
20	28341	1
14	7303	-1
43	30865	1
48	10566	1
29	4080	-1
28	26622	1
32	19974	1
10	22002	-1
20	464	1
43	22456	1
11	2698	-1
1	26143	-1
16	15446	-1
21	22879	-1
45	23645	-1
13	29946	-1
24	12305	-1
16	13105	1
44	14559	-1
46	13710	1
1	30742	1
37	1013	-1
49	22650	1
8	15946	1
48	16714	1
40	9357	-1
18	28138	-1
17	12815	1
43	17837	1
35	20485	1
23	586	-1
18	10546	1
13	6639	-1
4	29629	1
17	17871	-1
44	25567	-1
26	11223	-1
31	18738	-1
17	4244	1
3	24892	-1
5	16378	-1
47	15472	-1
37	25687	1
34	25836	-1
30	2536	-1
42	68	1
30	25877	1
1	21108	1
9	23792	-1
8	12258	1
17	21818	1
43	6106	-1
2	25444	1
10	13271	-1
47	22671	-1
36	21714	-1
28	9974	1
7	24988	1
43	1658	1
1	17319	1
8	26053	1
46	17160	-1
32	20484	-1
7	2823	-1
10	22148	-1
2	30542	-1
45	29662	1
21	25311	1
8	24375	1
12	18357	-1
42	4844	1
28	2504	-1
4	29717	1
13	23602	1
27	21644	-1
15	25347	-1
38	11488	-1
35	10053	-1
8	28146	1
33	4687	1
6	27286	1
28	3043	-1
14	16060	-1
39	17364	-1
40	18408	-1
4	24245	1
16	30243	1
46	17420	1
21	4943	-1
32	14188	-1
46	15046	1
43	15995	-1
8	9855	1
1	18655	1
46	30313	-1
33	28616	-1
10	29317	1
8	10474	1
34	26158	-1
13	16703	1
30	26464	-1
11	21264	-1
17	5985	1
39	7499	1
9	2284	1
35	1074	-1
6	9721	-1
23	13722	-1
14	24525	-1
13	30558	-1
37	23795	-1
6	24266	1
41	28539	-1
24	18846	-1
7	27338	-1
45	17661	1
14	17651	-1
36	23265	-1
43	5561	1
33	18123	-1
49	25174	-1
27	5544	-1
18	26659	1
48	23968	-1
6	31007	-1
20	30970	-1
28	3996	1
29	12431	-1
39	15805	-1
13	26042	1
28	22184	1
24	668	-1
28	1326	1
16	2703	1
16	16801	1
13	30766	-1
8	16875	-1
8	8274	-1
28	27774	1
48	12308	1
26	1013	-1
47	8958	-1
5	20231	1
43	18075	1
47	1063	-1
0	9434	-1
43	15624	1
34	5115	-1
42	21378	1
43	5110	1
8	8299	-1
10	13348	1
48	7178	1
41	23292	1
35	26435	-1
16	832	1
44	18469	-1
11	1778	-1
14	5669	-1
2	16614	-1
8	13350	1
6	28893	1
15	20614	1
41	7868	-1
13	11518	1
39	1316	1
42	18606	-1
3	24837	-1
46	11972	1
17	14294	-1
23	12091	-1
25	15904	1
23	24804	-1
2	8440	1
32	28321	1
46	22830	-1
13	15501	1
45	8732	-1
44	5760	1
37	27838	-1
29	29018	1
29	17884	-1
24	25751	-1
1	22983	-1
13	8161	1
35	21822	1
37	3730	-1
17	9780	-1
39	23467	1
45	13469	1
28	20850	1
34	19635	-1
38	5075	-1
28	21433	1
18	10689	1
48	11703	1
48	6837	-1
27	13626	1
48	13191	1
46	24698	-1
45	26285	-1
46	25928	-1
17	6290	1
37	3511	1
10	5200	-1
4	315	1
48	7102	1
46	761	1
1	5857	1
34	11559	-1
17	4660	1
34	25412	-1
6	8815	1
6	24200	-1
41	21943	-1
0	22427	-1
47	10872	-1
18	12812	1
38	20645	-1
20	11452	-1
42	5520	1
15	1373	-1
29	25542	-1
48	27065	1
35	30743	1
17	19245	-1
43	11260	1
43	7326	-1
24	4367	-1
7	23219	1
6	17689	1
46	9573	1
35	7824	1
12	16223	-1
10	27639	1
16	4490	1
6	5290	1
39	16868	-1
7	30409	1
7	22767	1
39	398	1
9	829	1
46	8530	1
46	18309	1
16	4582	1
8	6822	-1
16	19875	1
30	5220	1
16	18083	1
48	256	1
12	11725	-1
7	20266	-1
23	22275	-1
27	11428	-1
10	22431	-1
44	9440	-1
1	22583	-1
32	22307	-1
31	13450	-1
4	13838	1
37	17146	-1
44	1600	-1
41	15241	1
8	28907	1
13	15364	-1
5	22266	-1
44	21042	1
27	18684	1
8	18338	1
39	14184	-1
5	3312	-1
6	30258	1
43	17243	1
41	16788	-1
9	27579	-1
12	5397	-1
16	2604	-1
47	13821	1
46	21418	1
11	8610	-1
6	2696	1
40	16703	1
49	20058	-1
22	9929	-1
49	30228	1
9	15380	-1
47	18198	-1
23	19101	1
49	13070	-1
5	9107	1
18	9639	1
41	13937	1
43	25584	1
47	3884	-1
37	17196	1
13	12271	1
40	9241	1
36	8930	1
6	513	1
28	7463	-1
39	18753	-1
48	6619	1
46	732	1
1	22104	-1
7	16657	1
36	28849	-1
46	10460	-1
5	8402	1
23	2794	1
6	16917	-1
23	19793	1
39	14798	1
16	23290	-1
45	13564	-1
48	14575	1
39	8655	-1
38	6675	1
43	27800	-1
48	25839	-1
24	18884	-1
49	7273	1
26	28147	-1
32	810	-1
47	26163	-1
43	3362	1
46	28974	1
30	14874	-1
43	5170	1
48	2533	1
27	23057	-1
0	26923	1
48	9671	-1
35	15279	-1
5	2634	1
21	7026	-1
46	16175	1
4	15831	1
29	22929	1
47	5807	1
16	12738	1
49	11654	-1
6	18371	1
49	4654	-1
44	11928	1
16	13890	-1
25	28038	-1
9	8123	1
11	5739	-1
43	8108	1
1	1084	1
13	6239	1
43	12940	1
36	2341	-1
40	22077	1
7	12230	1
42	17171	-1
18	2718	1
10	4396	1
23	26844	-1
41	22067	1
37	13753	-1
18	16920	1
30	2447	1
24	30598	-1
8	18591	-1
9	10769	-1
46	29854	-1
40	20316	-1
29	18182	1
49	23671	-1
40	29998	-1
2	19451	-1
28	10636	-1
47	26253	-1
8	27260	1
23	23820	1
43	26071	1
40	1360	-1
48	5901	-1
6	1116	1
22	17735	-1
9	9096	-1
14	11155	1
6	73	-1
40	1766	1
29	9497	-1
16	5409	-1
8	14860	-1
3	4714	-1
36	9695	1
6	11877	-1
6	122	-1
16	23457	-1
11	21740	-1
48	23503	1
42	9480	1
26	29680	-1
13	22410	1
47	4231	-1
47	4681	-1
43	13626	1
43	28764	-1
38	24009	-1
42	29727	1
14	25012	-1
41	27535	-1
11	8469	-1
28	12417	-1
8	29156	1
16	28449	-1
43	30630	1
10	13003	-1
28	21114	1
12	7991	1
46	28128	1
25	28828	-1
33	15974	-1
2	16577	1
8	8618	1
44	7888	1
42	8119	1
27	26466	1
13	3036	1
27	18819	-1
41	21061	1
36	13545	-1
4	20116	1
43	18805	-1
16	22208	-1
46	28803	1
29	585	1
8	446	1
1	19062	-1
48	8970	1
8	2350	1
13	12490	1
43	20142	1
25	26933	-1
9	25047	-1
10	5085	-1
3	29480	-1
5	292	1
20	28133	1
46	13966	1
44	29431	-1
31	17276	-1
30	28260	1
2	13919	-1
0	11498	1
2	15971	-1
8	6609	-1
6	29557	-1
7	1606	-1
4	11792	1
17	12241	-1
42	25616	1
46	25278	1
13	46	1
8	24301	1
43	11678	1
29	272	1
10	4202	-1
12	20451	-1
19	27640	-1
48	11262	1
26	12159	-1
4	11941	1
23	1715	1
43	29395	1
13	15877	1
13	13971	1
20	1311	-1
35	4861	-1
13	29468	1
43	28012	1
7	26926	1
29	23757	1
5	30284	1
42	4723	-1
6	30687	1
31	19210	-1
13	26205	1
10	1707	1
23	5639	1
19	16770	-1
46	27945	1
13	4309	-1
21	25571	-1
31	14397	-1
47	6680	-1
6	15740	1
43	14718	-1
1	1680	1
2	30775	-1
0	17206	1
46	975	1
18	25026	1
35	13839	-1
40	12616	-1
9	30843	1
11	12813	-1
43	27885	1
21	16241	-1
37	1416	1
1	22858	-1
41	20227	-1
31	10104	-1
4	5285	1
48	16888	-1
23	22454	1
39	14576	1
37	4565	-1
38	5889	-1
49	15482	-1
42	24256	1
0	3970	1
19	3952	-1
46	28625	1
43	12708	1
46	14303	1
44	12441	-1
36	27511	-1
12	22084	-1
22	12620	-1
36	7930	-1
17	13668	-1
45	23682	-1
27	14370	1
45	27313	1
28	2114	-1
18	4012	1
8	12783	1
4	21945	-1
8	658	1
18	28777	-1
12	28358	-1
40	23071	1
24	23664	-1
7	19446	-1
6	18793	1
10	20200	-1
18	29000	-1
25	24957	-1
10	12859	1
26	27403	-1
26	29943	-1
4	23265	1
2	14785	-1
15	1107	-1
6	28956	-1
9	25540	-1
3	7601	1
37	18205	-1
48	17102	1
49	15685	-1
9	25925	1
28	29821	1
43	607	1
32	28733	-1
17	2056	1
30	30781	-1
19	3202	-1
8	14497	-1
21	18308	-1
49	29075	-1
17	17421	1
42	31023	-1
37	560	-1
46	11184	1
8	19378	1
2	17737	-1
8	25824	1
8	12014	1
17	10388	-1
41	15282	1
26	21859	-1
30	16178	-1
48	508	1
46	29176	1
16	22340	-1
12	28180	-1
3	11946	-1
39	6467	-1
47	28375	1
48	23719	-1
3	13391	-1
8	23151	-1
43	18323	1
43	7298	1
4	3731	1
15	12536	-1
43	6492	1
5	10793	-1
48	27311	1
12	15510	-1
4	11825	1
8	11422	1
8	15586	-1
34	21787	-1
37	30621	1
4	25844	1
0	28930	-1
48	8903	1
49	22562	-1
44	463	1
46	21100	1
34	12931	-1
23	19472	1
4	5311	1
46	27579	1
17	18122	-1
14	5910	-1
48	26163	-1
41	11910	-1
15	14838	-1
13	5884	1
23	597	-1
4	11682	1
4	3473	1
21	10879	-1
48	15118	1
10	2454	1
47	22456	-1
24	7474	1
30	16538	1
5	10624	-1
25	27177	-1
38	5563	-1
22	6867	-1
1	3696	1
9	4301	1
42	25832	1
0	138	-1
28	30194	1
40	3364	1
15	12777	-1
20	24106	-1
32	23792	-1
38	28582	-1
21	27747	-1
47	17382	1
8	24128	1
37	25036	-1
32	29852	-1
8	2328	1
10	24946	1
2	7095	-1
28	21245	-1
46	23321	1
48	15992	1
43	22300	1
4	4948	-1
3	6155	-1
48	6371	-1
21	23711	-1
26	9193	-1
46	25444	-1
44	24841	-1
38	27324	-1
3	23129	-1
24	10988	-1
41	12140	-1
30	28716	1
30	1320	1
18	453	1
11	17864	-1
16	13158	1
35	56	1
44	2450	-1
20	20563	-1
21	17512	1
10	23897	1
21	7700	1
8	29435	1
36	6859	-1
29	2166	1
15	13595	-1
46	4999	1
13	4221	1
10	29455	1
46	9151	-1
11	13951	-1
33	7938	1
16	23624	-1
37	10793	-1
4	21564	1
47	304	-1
15	3017	-1
34	22273	-1
38	23667	1
3	22106	-1
41	6454	1
8	13026	1
16	11840	1
27	10574	-1
8	16837	1
14	14168	-1
13	11146	1
49	20335	-1
43	9596	1
40	21535	-1
21	8452	-1
35	6608	1
43	19599	-1
10	7713	1
8	20803	1
46	9721	-1
9	25249	1
22	5091	-1
23	28742	1
38	12454	-1
18	29099	1
19	8232	-1
43	7059	-1
8	19502	-1
8	20807	1
41	12467	-1
21	14012	1
4	19097	1
16	2184	1
9	30517	-1
22	4314	-1
18	10767	-1
8	7003	1
30	15901	-1
27	6055	-1
41	30155	-1
38	6215	-1
14	28586	-1
14	17465	1
16	9433	-1
30	25070	1
46	2475	1
48	13777	1
34	4647	-1
28	3241	1
46	8478	1
14	23094	1
17	7042	1
34	9972	1
39	29399	-1
4	20827	1
43	3777	1
30	28303	-1
13	18839	1
40	24941	1
42	21260	1
48	26025	1
7	861	-1
46	6570	-1
5	27787	1
9	23989	-1
43	27855	1
6	25208	1
20	20891	1
41	4523	1
14	24982	-1
41	15342	-1
25	1639	-1
9	28943	1
46	28226	1
17	20583	-1
17	2579	1
41	28385	-1
46	24098	-1
23	1252	1
13	20142	1
6	7753	1
47	17937	-1
46	24860	-1
21	11417	1
43	3455	-1
21	5924	1
48	6544	1
12	13363	1
37	5675	1
15	20400	-1
40	2047	-1
14	836	1
10	16712	-1
13	3316	1
26	7755	1
3	28899	-1
9	26625	1
17	3	-1
5	30957	1
6	21947	-1
43	19764	1
15	15061	-1
43	25140	1
26	26123	1
46	8320	-1
6	13087	-1
28	21301	-1
14	5737	1
33	22815	-1
15	1031	-1
42	2593	1
39	10277	-1
37	7989	1
16	22055	1
12	21219	-1
0	12107	1
46	21930	1
6	9330	1
41	18044	-1
34	14989	-1
1	27491	1
17	13162	-1
22	9388	-1
14	6842	-1
33	8785	-1
0	849	-1
38	17514	1
41	9960	-1
7	27120	-1
16	8431	1
35	21632	-1
48	4978	1
47	19037	-1
48	4448	1
17	20015	1
17	7498	-1
8	29972	-1
34	16900	1
42	7645	-1
43	15509	1
37	14207	-1
5	21984	1
5	30838	1
9	15479	-1
43	17675	1
7	29697	-1
9	26840	1
35	15068	-1
24	244	-1
8	6473	1
38	6532	-1
9	11464	-1
15	18443	-1
37	12470	-1
28	13346	-1
8	7417	1
8	22239	1
8	22462	-1
42	18991	-1
26	19750	-1
41	11525	1
9	10975	-1
7	13284	-1
29	7050	-1
27	28943	-1
40	2348	1
12	276	-1
14	29198	1
23	12828	-1
48	4425	1
32	23966	1
0	6428	-1
7	19752	-1
18	9788	1
49	22414	-1
10	25550	1
34	542	-1
27	16164	-1
25	12132	-1
43	9841	1
11	7815	-1
10	30975	1
6	2353	1
43	5988	1
11	5468	-1
6	9484	-1
4	29071	1
36	17402	-1
14	16929	-1
29	11158	-1
16	5518	1
21	9621	1
40	30138	1
8	11517	1
11	25230	-1
12	9696	-1
43	25536	1
6	4758	1
32	9651	-1
24	12623	-1
24	4783	-1
4	26298	1
29	26641	-1
13	21711	1
2	17036	-1
6	3595	1
4	18757	1
1	20689	-1
18	5187	1
29	12098	-1
25	12982	1
24	17551	-1
13	30952	-1
28	23653	-1
17	4259	1
40	25229	1
40	19920	1
26	24940	1
1	877	1
36	12026	1
15	11676	1
27	18724	-1
10	26681	-1
30	3050	-1
21	12658	-1
6	17238	1
38	21095	-1
4	21010	-1
34	26447	-1
36	285	1
10	11637	-1
0	2995	1
44	18077	-1
35	5350	1
43	17769	-1
0	19279	-1
12	30949	-1
8	23047	1
5	12175	1
39	30667	1
37	1552	-1
43	9027	1
38	21576	1
4	16668	1
46	500	1
46	12470	-1
49	29252	-1
0	20307	-1
15	22695	1
1	3469	1
21	11793	-1
48	21235	1
1	15891	-1
31	15822	-1
46	1780	1
2	20377	-1
43	7695	1
8	26918	1
43	3208	1
35	21389	1
32	23982	1
13	5337	1
46	256	1
17	30637	1
4	28529	1
48	15561	1
43	22037	1
48	24748	1
47	10283	-1
22	27571	-1
18	5123	1
24	25613	-1
37	28391	1
37	15556	-1
9	16994	-1
8	26058	1
31	26804	-1
46	14575	1
30	30264	1
21	6953	-1
11	16840	-1
10	5717	-1
31	5373	-1
47	19475	-1
10	27694	-1
14	6699	-1
7	29382	-1
19	16683	-1
46	6763	1
18	21764	1
28	8228	-1
30	10126	1
39	275	-1
3	1561	-1
4	10935	-1
40	8480	-1
48	10669	1
33	24048	-1
41	20086	-1
9	19119	1
13	899	1
40	14713	-1
28	22227	1
41	20829	-1
44	2655	-1
23	1853	-1
8	17540	1
41	5269	-1
5	17623	-1
28	6785	1
33	16673	-1
46	14706	1
43	19874	1
21	4125	-1
37	13331	-1
23	19319	1
2	498	-1
16	9855	1
12	8308	1
8	201	-1
46	27592	1
48	22631	1
1	28606	-1
30	16743	-1
42	27528	1
20	16542	-1
8	20194	1
43	3210	1
3	10050	-1
48	21955	1
30	8862	-1
42	24525	-1
13	27261	1
13	15804	1
21	21649	-1
48	9132	1
49	22788	1
9	10972	-1
48	7452	-1
5	11427	-1
47	30389	1
29	17787	-1
48	21724	1
13	22973	1
1	7526	-1
43	18144	-1
8	19870	-1
47	7238	-1
32	2752	-1
13	8691	-1
26	25389	1
1	107	1
42	514	-1
27	276	-1
35	4727	1
5	26625	-1
21	24558	1
5	25836	1
19	27084	-1
16	28953	1
41	18512	1
16	19504	1
43	1908	1
16	5657	1
36	22424	-1
25	11038	-1
41	30931	1
44	7773	1
42	3497	1
40	14954	1
24	6828	-1
10	13527	-1
40	15740	1
18	20789	1
10	8339	1
13	25659	1
30	8973	-1
8	27425	1
1	7465	1
46	17775	1
28	14560	-1
8	13212	1
4	21468	1
5	29790	1
0	8538	1
21	257	-1
33	27202	-1
1	7478	1
47	7675	-1
8	8708	1
18	14423	1
43	13116	1
18	20246	-1
1	28400	-1
21	15280	-1
35	21388	1
46	10697	1
44	4633	-1
3	26417	-1
27	16270	1
1	24287	-1
20	24450	1
35	3623	1
35	12303	-1
37	18900	-1
44	6122	-1
11	10203	-1
21	21594	1
6	11495	1
22	1310	1
14	30899	-1
23	18108	1
24	23885	-1
42	26990	-1
28	26228	1
32	12274	1
8	9744	1
19	18289	-1
40	20125	1
38	17029	1
16	19323	-1
48	15015	1
34	19328	-1
8	12682	1
15	4521	-1
48	22395	1
8	25013	-1
46	3781	1
46	124	1
46	4335	1
13	14472	1
39	26414	-1
46	4215	1
8	8012	1
15	29633	-1
44	25604	-1
12	21599	1
16	28276	-1
5	8654	-1
16	19420	-1
29	25288	1
30	458	-1
18	16247	1
38	3412	-1
28	24839	1
8	17658	1
35	30963	1
48	23967	1
48	29074	1
17	5132	-1
30	10712	1
19	19939	-1
32	21648	-1
25	27242	-1
40	24509	1
0	12836	-1
25	1526	1
48	24175	-1
23	10233	1
37	25247	-1
13	22908	1
1	7218	1
40	10017	-1
17	2870	-1
12	1716	-1
33	13366	-1
21	804	-1
40	8540	1
1	17206	1
8	5274	1
8	2444	1
42	8502	1
46	25576	1
1	3268	1
15	23859	1
36	17254	1
47	5561	-1
30	29312	-1
30	23728	1
48	24101	1
17	8498	-1
35	18612	1
46	22246	1
43	26550	1
34	708	1
13	13505	1
13	1212	1
8	24842	1
2	9808	-1
40	27236	-1
35	9346	1
14	17882	1
29	570	-1
4	21552	1
5	22232	-1
46	30939	1
42	440	1
23	5057	-1
15	20343	-1
7	23000	1
27	25042	-1
46	30929	1
1	29591	1
13	268	1
15	27673	-1
42	23171	-1
6	18721	-1
1	27118	1
44	11693	1
40	3112	-1
15	15119	-1
5	29907	-1
37	2324	1
14	10021	1
6	17261	-1
26	21878	-1
29	8181	1
6	25475	1
7	26142	1
8	5220	1
6	21657	-1
25	25798	-1
1	28946	1
23	15371	-1
12	27515	1
11	27994	-1
48	26237	1
5	20780	-1
41	4109	-1
43	19569	1
37	4446	1
4	29218	1
48	10195	1
17	19960	-1
7	13744	1
4	23631	1
40	12068	1
30	13649	-1
1	24803	1
17	15869	-1
43	23767	1
11	30200	-1
0	678	-1
13	5429	1
38	10643	-1
32	27594	-1
13	8706	-1
18	9566	1
0	6150	1
29	7588	-1
28	27786	1
32	21481	1
13	19371	1
48	18952	1
17	11854	1
46	22456	1
22	26195	-1
9	20834	-1
16	6869	1
12	22322	-1
33	5839	-1
6	19011	1
18	1274	-1
27	6941	-1
5	30778	1
15	26965	-1
13	1987	-1
40	16150	1
33	18581	-1
41	9381	1
43	19281	1
26	5445	1
0	14947	-1
20	23868	-1
37	26274	-1
41	14635	-1
7	9522	1
43	6983	1
44	17279	-1
48	851	1
2	30767	-1
30	27380	-1
40	6732	1
47	366	-1
8	23978	1
45	1924	1
29	28663	-1
8	24367	1
11	28598	-1
40	9340	-1
6	26124	1
11	22156	-1
7	18730	-1
30	23944	1
24	5115	-1
30	15711	1
26	648	-1
13	23920	1
32	16025	-1
35	30318	1
40	17711	1
36	25862	1
40	8554	1
13	3789	1
0	548	-1
7	30313	1
38	16295	1
46	7170	-1
28	8509	-1
13	22443	1
3	29099	-1
19	28878	-1
30	28318	-1
8	16257	1
4	523	-1
42	21216	-1
20	15744	-1
43	26943	-1
37	19540	-1
46	4560	1
9	22435	-1
9	28270	-1
40	21598	-1
4	30283	1
8	2559	1
43	29955	1
47	18288	-1
3	7018	-1
20	27199	-1
24	6434	-1
17	7411	1
26	7828	-1
18	23640	1
36	4428	-1
10	20219	-1
7	18653	-1
13	22654	1
10	26445	-1
5	23575	-1
43	27282	-1
27	18374	-1
43	25037	1
44	12028	-1
15	2089	-1
45	649	-1
17	22469	-1
3	20431	-1
42	25042	1
34	5229	-1
2	20398	-1
42	435	1
25	18739	1
45	9603	1
4	2834	1
34	25736	-1
37	17619	-1
36	11488	1
43	5471	1
4	22429	1
39	11737	1
48	28701	1
22	3096	-1
31	26142	1
27	7204	-1
23	9669	1
0	1637	-1
17	26963	1
12	9675	-1
43	4041	1
23	20780	-1
42	8416	-1
29	8995	-1
40	21574	-1
40	23020	1
10	13311	-1
47	8298	-1
17	21464	1
17	2353	-1
2	16459	-1
38	9264	-1
7	1987	1
8	21166	1
22	6220	-1
39	30761	1
43	11358	1
3	13954	-1
25	25590	-1
27	15513	-1
27	6072	-1
5	11041	-1
28	29823	-1
23	10617	-1
5	23589	-1
36	18691	-1
35	5628	-1
13	21451	1
8	1041	-1
9	19423	-1
49	23885	-1
13	15747	1
41	24484	-1
32	16963	-1
46	5862	1
3	8761	-1
29	9873	-1
29	24729	-1
11	20502	-1
33	6611	-1
31	12055	-1
5	30403	-1
43	22787	-1
29	9446	-1
9	29476	1
3	7343	-1
40	1126	1
4	1121	1
6	28983	1
4	6921	1
16	21548	1
8	13648	1
24	21656	-1
13	25059	1
23	1916	1
10	13565	1
15	26122	-1
44	8245	1
18	19631	1
19	27725	-1
15	2539	-1
4	2431	1
12	18811	-1
3	13515	-1
8	16192	1
0	28646	-1
36	24165	-1
40	4953	-1
9	24033	1
33	12432	-1
33	21739	-1
15	23565	-1
8	28561	1
24	14760	-1
30	19745	-1
28	27500	-1
49	28663	1
43	11791	1
18	38	-1
0	9445	-1
41	29631	-1
4	22482	-1
22	421	1
14	20205	-1
15	11712	-1
42	14051	-1
46	30738	1
31	1812	-1
1	18317	-1
28	9008	-1
43	5673	-1
46	10952	1
42	20166	1
18	2548	1
28	18200	1
8	11332	1
9	29924	-1
5	21642	1
48	20742	1
23	25240	1
4	18760	1
41	21885	-1
42	25172	1
4	2393	1
13	20557	1
13	23193	1
18	22218	1
38	9505	-1
8	4307	-1
4	21747	-1
25	5806	-1
7	1142	-1
40	11994	-1
21	19092	-1
37	27882	-1
4	3577	1
46	5559	-1
17	3331	1
43	23855	1
38	10351	1
1	18594	1
46	4841	1
30	18320	-1
9	16545	-1
48	29651	1
28	28980	1
10	14960	1
43	21494	1
8	21661	1
33	25312	-1
35	25673	-1
47	2569	-1
41	8325	-1
29	483	-1
13	2409	1
48	17701	-1
44	6984	-1
21	8828	1
44	30545	1
17	19098	-1
13	105	1
8	15764	1
43	24397	1
48	4218	1
40	5841	1
43	19008	1
43	735	1
43	22800	1
18	2408	1
17	3281	1
33	29717	-1
42	22663	1
23	28174	-1
13	12125	1
21	7368	-1
32	11936	-1
13	18554	1
19	28183	-1
14	4329	-1
45	608	-1
8	22842	-1
35	2301	-1
44	11273	1
28	12253	-1
27	12591	-1
18	30363	-1
49	22807	-1
40	17788	1
25	19854	1
20	91	-1
48	12190	1
40	13101	1
8	11732	1
5	22958	1
48	27084	1
16	22129	1
36	19638	-1
48	28182	1
6	11814	1
10	4626	1
28	13663	-1
37	29278	-1
3	2791	-1
11	17573	-1
30	16330	-1
20	20706	-1
7	18679	1
16	8506	-1
5	15172	-1
38	6095	1
16	20583	1
1	15076	1
46	18281	-1
11	7844	-1
8	29899	-1
9	4623	-1
49	19062	-1
23	29656	-1
3	3320	-1
23	28564	1
8	1171	1
1	9052	-1
13	19779	1
8	16941	-1
13	16773	-1
9	4156	1
26	17729	1
23	6590	-1
5	8776	-1
19	28730	-1
27	30944	-1
43	21863	1
13	14394	1
15	13348	-1
46	23685	-1
3	16077	-1
48	5117	-1
48	3523	-1
43	14478	-1
18	20408	-1
8	10399	1
14	1808	1
24	16889	-1
8	19043	-1
29	16423	-1
2	10993	1
27	2861	-1
8	71	-1
37	12447	-1
23	18601	-1
13	5862	1
22	20464	-1
42	18366	1
23	26939	-1
16	25564	1
43	1284	-1
6	13570	1
6	25382	-1
41	4100	1
10	7383	1
13	20044	1
44	16167	1
49	17638	1
0	13835	-1
16	5272	1
17	5775	-1
34	28645	-1
14	7691	-1
35	8906	-1
42	9415	1
38	17492	1
16	23791	1
21	2542	1
14	7190	-1
1	9114	1
48	6712	1
4	4527	1
47	18088	-1
19	13542	1
1	1137	1
20	29750	-1
24	16017	-1
30	11721	-1
26	22784	-1
7	20553	1
1	19797	-1
1	5862	1
21	16860	1
27	13365	-1
36	8519	1
46	23335	1
7	21510	-1
7	11742	-1
32	22692	-1
21	19356	1
7	17178	1
16	24256	-1
17	5333	1
13	24551	1
10	27780	-1
48	30083	1
42	574	-1
46	8070	1
43	19001	-1
44	2199	1
5	30946	1
35	4163	1
43	28557	-1
42	30920	1
44	7136	1
8	5111	-1
21	20792	-1
10	20664	1
18	7860	-1
46	16323	-1
1	16555	-1
7	9313	1
29	22223	-1
25	16472	-1
12	12319	-1
42	8070	1
43	21106	1
0	21638	-1
11	26994	-1
43	4340	1
4	26906	1
5	22869	1
44	7562	-1
36	10403	-1
28	18406	1
11	25650	-1
40	7304	1
3	11881	-1
35	10040	-1
37	28961	-1
5	4938	1
15	2524	-1
21	17585	1
48	14354	-1
6	7097	-1
1	619	1
13	3143	1
1	13056	-1
6	4968	-1
12	13197	-1
23	24554	1
28	6215	-1
31	5047	-1
1	20382	1
5	13776	1
8	4091	1
7	10771	1
16	19747	1
16	7121	-1
18	6245	-1
43	23118	1
43	10253	1
21	17250	1
36	23921	-1
34	8432	1
27	2172	-1
7	16473	1
5	20516	1
11	14233	-1
13	28559	1
26	23240	1
6	3983	-1
28	30906	-1
28	25122	-1
13	11063	1
45	19347	1
4	18413	1
13	2348	1
42	29630	-1
6	28856	1
23	17213	1
33	18065	1
44	11652	-1
45	28987	-1
8	3939	1
42	24792	-1
35	2992	1
11	8003	-1
3	9537	-1
8	18231	1
28	12435	1
10	29480	-1
10	23364	1
24	13754	-1
46	21117	1
32	2229	-1
4	20678	-1
39	15137	1
43	30249	1
49	11999	-1
44	9443	1
11	7983	-1
18	10582	-1
15	12289	-1
9	7448	1
33	6445	-1
16	17630	-1
8	8032	1
5	12391	1
25	6618	-1
27	16873	1
27	16573	-1
20	22116	-1
8	14771	1
37	29757	-1
44	14226	1
17	13091	-1
28	1347	-1
32	29736	-1
36	913	-1
37	3548	-1
29	28679	1
38	26480	-1
48	21951	1
21	24550	-1
3	30620	-1
4	8911	-1
18	20926	1
0	20943	-1
46	6105	-1
26	12747	-1
27	6627	-1
0	23720	-1
46	30406	1
46	18150	1
13	3552	1
34	5467	-1
6	16362	-1
6	12778	-1
25	14949	-1
42	1934	1
46	28901	1
30	11249	1
46	13154	1
41	6209	-1
13	17430	1
27	11297	-1
6	29541	-1
3	20062	-1
46	5071	1
40	14426	1
32	8356	-1
12	29902	-1
46	5565	-1
40	8916	1
7	6801	1
6	6345	1
7	28868	1
32	7751	1
21	12501	-1
13	20399	-1
8	21084	1
30	28934	1
10	24079	-1
13	16057	1
16	29014	1
0	17461	-1
40	2282	-1
43	27249	1
19	14043	-1
41	7631	-1
31	5403	-1
31	2472	-1
8	29618	1
17	16519	-1
5	8422	-1
40	812	-1
43	8218	1
11	15897	-1
13	23220	1
31	11176	-1
29	18331	1
32	14918	1
22	27347	1
14	24945	-1
38	7692	-1
44	6851	-1
28	2625	1
36	29224	-1
13	919	1
22	21918	-1
49	10742	1
38	23276	1
30	29245	-1
10	19784	1
4	10886	1
15	3763	-1
14	29896	-1
46	2205	1
3	11739	-1
49	22535	1
25	12182	-1
49	23045	-1
4	14468	1
41	15994	-1
36	20934	1
15	4582	1
42	10705	1
35	12422	1
20	29197	1
32	28372	1
37	18477	-1
18	5454	-1
21	23491	1
40	11116	1
27	4373	-1
34	12000	1
9	20610	-1
37	6958	-1
26	25893	1
45	7776	-1
34	23918	-1
42	16430	-1
39	27542	1
7	12570	1
6	25004	1
46	7947	1
42	31039	1
41	30352	1
23	16545	-1
44	5656	1
40	18731	1
46	9834	1
22	19486	-1
17	22824	1
46	13675	-1
42	6043	-1
6	16755	1
28	27740	-1
41	4734	-1
7	30064	-1
40	10027	1
1	29991	-1
4	4338	-1
32	8931	1
46	26349	1
17	1564	1
8	15487	1
13	227	-1
46	24479	1
11	26748	-1
27	13065	-1
43	13226	1
12	15534	-1
43	28448	1
10	2922	1
47	9804	1
44	15001	-1
32	25712	1
13	21807	-1
40	25247	-1
7	25068	1
22	27071	-1
26	15542	-1
25	13891	-1
14	30978	-1
43	6873	1
28	5723	1
18	20616	-1
44	15295	-1
48	16238	-1
39	14070	-1
1	8082	-1
33	17919	-1
20	26296	-1
44	19036	-1
18	11424	-1
16	12028	-1
34	10479	1
13	20599	1
5	20598	-1
48	20215	1
1	24846	-1
8	19263	-1
32	12810	1
44	1678	-1
39	28123	-1
25	9215	-1
13	21034	1
37	28608	-1
6	25773	1
47	24028	1
32	28781	-1
18	25383	1
44	15384	1
31	2385	-1
48	23409	1
45	25374	1
1	9507	-1
8	16714	-1
2	16616	-1
14	4083	-1
29	7111	-1
0	30907	1
29	9650	1
9	25824	1
41	5156	-1
23	1115	-1
30	3612	-1
9	125	-1
43	8900	1
16	8688	-1
0	4603	1
43	16582	-1
8	20035	1
10	23679	1
48	6763	1
38	26745	1
13	11896	1
24	11801	1
13	16509	-1
35	14500	1
0	10184	1
30	10272	1
36	27262	1
6	3695	-1
6	24910	1
44	426	1
17	969	-1
30	30733	-1
0	12857	-1
37	3359	-1
46	14587	1
36	21438	-1
6	8053	1
17	7332	1
8	10541	-1
43	29497	1
37	215	-1
4	16364	-1
4	19463	1
6	17146	-1
7	28222	1
13	6953	1
17	10070	1
44	3968	-1
5	12779	1
48	6953	1
4	3726	1
25	10774	-1
7	4544	-1
37	22778	-1
43	4968	-1
10	197	-1
38	7684	-1
22	15597	-1
16	7898	1
1	11788	-1
19	28997	1
7	22602	1
34	26485	-1
6	28720	1
46	25557	1
20	18143	-1
34	10982	1
3	21260	-1
46	26188	1
42	3401	1
18	3580	1
0	10254	-1
4	30965	1
5	14494	-1
40	16986	1
28	23692	1
48	17281	1
7	11304	1
4	24095	1
36	1444	-1
19	27657	-1
48	471	-1
39	3951	1
11	30851	-1
4	15121	1
46	13359	1
37	154	-1
43	7828	1
16	11452	-1
33	12739	-1
10	5362	-1
32	5226	-1
39	29462	-1
45	21600	-1
43	3674	1
37	30580	1
3	13510	-1
24	2505	-1
11	12982	-1
21	18631	-1
0	19597	-1
47	8009	-1
48	18513	1
45	27719	1
46	25072	1
13	19111	1
39	12442	-1
46	5280	1
44	26079	-1
23	10769	1
48	21316	1
2	5177	-1
43	28535	1
48	4290	1
13	29263	1
48	8348	1
12	23386	-1
28	16984	-1
6	22923	-1
11	8267	-1
36	9653	1
36	16535	1
48	19067	-1
13	9439	1
13	1861	1
10	11357	-1
23	4668	-1
30	19812	-1
39	15864	-1
46	10302	1
19	7464	-1
18	3712	1
16	23363	1
4	7886	-1
16	28112	1
13	13453	1
28	25149	1
22	24286	1
48	27442	1
39	26408	1
0	18333	1
45	1752	1
42	11524	1
39	18033	1
1	19811	1
37	11111	1
19	5583	-1
48	24906	1
3	10384	-1
43	25812	1
15	3088	-1
14	11139	-1
39	19937	1
8	635	1
0	28418	-1
39	650	-1
12	17615	-1
5	9053	1
27	29361	-1
13	20745	1
5	3485	-1
49	93	-1
43	14002	1
27	15522	-1
6	7933	-1
3	30028	-1
17	8028	1
46	17022	1
33	22604	-1
32	22520	-1
16	4488	-1
43	13586	1
46	23514	1
8	26519	1
35	20646	-1
9	8332	1
0	23278	-1
48	3201	1
17	4055	1
5	44	-1
40	5396	1
46	14222	1
15	30819	-1
46	21661	-1
6	3645	1
36	28911	1
46	1583	1
0	10867	-1
5	24543	1
43	29548	1
13	7991	1
40	834	1
48	7785	1
1	5196	1
29	546	1
4	11837	-1
48	15633	1
13	2197	1
35	22313	-1
8	3887	1
13	19015	-1
13	13578	1
6	12272	-1
37	20257	1
35	21939	1
13	8772	1
8	26627	-1
23	16579	1
14	19553	-1
48	12521	1
20	18637	-1
4	2039	-1
5	7005	1
32	15864	-1
27	547	-1
11	11602	-1
43	27842	-1
22	10928	-1
46	29977	-1
13	20005	1
28	28675	1
10	22014	-1
36	15611	-1
47	4652	-1
13	30474	1
24	29232	-1
38	8170	-1
4	26302	1
37	20499	1
27	13583	-1
5	24096	1
41	22301	1
8	5645	1
44	21486	-1
48	8212	1
46	7616	1
20	19723	1
24	28112	-1
12	25914	-1
5	24431	1
45	21342	-1
48	20674	1
15	9113	-1
23	30171	-1
45	24452	-1
19	23572	-1
2	15772	1
21	30204	-1
47	17652	-1
0	7077	-1
28	3504	-1
39	15827	-1
25	24834	-1
46	11915	1
11	14347	-1
43	8243	1
8	9728	1
41	1200	-1
36	5959	-1
4	25309	1
16	20085	1
18	17102	-1
0	24312	-1
30	5826	-1
15	11696	-1
33	10383	-1
34	19777	-1
46	15555	1
45	7651	1
27	4814	-1
15	754	1
7	2762	1
14	21518	-1
30	29622	-1
43	20098	1
9	28515	1
38	7577	-1
16	21419	-1
41	22703	-1
46	16698	1
46	24837	-1
35	31052	-1
4	30452	1
29	630	1
38	3199	-1
8	9641	1
43	17191	-1
42	30161	1
33	23830	-1
30	22601	-1
23	21264	-1
46	21709	1
17	14872	1
39	20229	-1
48	22828	1
0	11741	-1
45	22689	-1
18	1960	-1
34	19625	-1
3	17043	-1
49	77	1
19	30521	-1
41	9951	-1
18	12767	1
0	21380	-1
41	16063	1
8	29521	1
37	4891	1
2	11874	1
12	29213	-1
46	7605	1
39	19443	1
34	30446	-1
17	3980	-1
1	17932	-1
5	26399	-1
7	5893	1
30	13903	1
16	19844	-1
40	2567	1
22	14404	-1
49	1565	-1
45	16988	-1
48	26816	1
49	14974	1
31	30834	-1
5	6251	-1
48	7776	-1
43	6982	1
31	2838	-1
48	3241	1
1	3022	1
25	23531	1
40	30845	1
25	18713	-1
44	239	-1
29	27019	-1
36	1590	-1
48	7262	1
2	2090	-1
22	27638	-1
8	22961	1
48	24504	1
3	10454	-1
26	11889	-1
26	23818	1
26	22583	1
5	29732	1
18	22814	1
38	21251	-1
46	11445	1
46	246	1
13	1136	1
4	21104	1
49	29391	-1
29	26905	-1
10	7513	1
14	9644	-1
47	12056	-1
13	24284	1
39	23210	-1
4	26136	-1
36	1256	1
28	24815	-1
14	18133	-1
14	1116	-1
6	6571	-1
14	7166	-1
9	12123	-1
18	20784	1
43	25124	1
48	11334	1
46	14558	1
39	8460	-1
41	26488	1
36	15711	-1
40	22303	-1
23	7566	-1
41	9323	-1
33	3185	-1
0	12232	1
20	26864	1
30	7964	1
17	29517	1
0	14118	-1
21	9508	1
22	18233	-1
15	14900	1
15	16515	-1
44	8302	-1
5	3124	1
8	7627	1
16	28742	-1
13	4180	1
5	9692	1
46	24341	1
11	10542	-1
19	30870	-1
43	14691	1
47	92	1
22	14047	-1
1	11747	-1
16	2670	1
8	13671	1
13	13100	1
43	22986	1
33	11058	-1
42	1123	1
12	15527	-1
17	30062	1
41	2612	1
13	5660	-1
35	28821	-1
17	3787	1
12	1987	-1
44	18712	1
41	11464	-1
43	7037	1
17	26463	1
20	20846	-1
42	1392	1
27	310	-1
48	19830	1
40	3219	1
14	7749	-1
37	22606	1
8	6418	1
48	1027	1
17	13567	1
4	20498	1
9	17710	-1
27	19520	1
45	29344	-1
23	8418	-1
13	24644	1
43	3178	1
22	9584	1
29	5141	-1
14	6441	-1
46	16991	1
43	21109	1
13	10802	1
46	8936	1
24	30781	-1
17	1191	1
16	6832	1
21	19673	-1
12	28765	-1
40	26740	1
42	6620	1
6	12479	1
6	24589	1
8	23875	-1
8	15223	-1
16	12590	1
4	19131	1
8	17582	1
26	26935	-1
36	13190	-1
8	6560	1
13	23475	-1
25	12208	1
49	27866	-1
4	10057	-1
42	27829	1
5	15820	1
49	11628	-1
45	10456	-1
48	30195	1
48	25296	1
28	29181	-1
12	29301	-1
38	9584	-1
40	14779	1
16	1652	1
22	7985	-1
25	9140	1
35	4242	-1
45	12638	-1
10	14570	1
32	8748	-1
46	3300	-1
44	22784	1
21	1995	1
44	6594	1
39	23043	1
15	14610	-1
44	27821	1
27	26428	-1
26	27796	1
19	28949	-1
47	5938	-1
44	11346	1
4	3432	1
10	10092	1
5	15380	1
10	29852	-1
27	7931	1
8	20113	1
15	17712	-1
36	30814	1
42	14664	1
29	12366	-1
23	30187	-1
41	28429	-1
4	18968	-1
46	17046	1
34	8025	-1
29	14102	-1
29	205	-1
40	17146	-1
36	14001	-1
17	13599	1
6	28556	-1
4	17524	1
2	12053	1
48	29668	1
8	5524	1
40	2642	1
42	17733	-1
21	16696	-1
42	30668	1
8	1536	1
42	6088	1
11	12516	-1
35	6166	1
18	26627	-1
49	19549	1
14	12170	-1
4	11733	1
31	9749	1
18	11688	1
21	25879	-1
48	15418	-1
35	9912	1
5	10860	-1
5	9945	1
42	28516	1
6	29785	-1
16	30158	-1
5	19106	1
6	24562	1
30	24989	-1
13	3970	-1
46	28978	1
38	2806	-1
43	8187	1
40	10353	-1
19	15037	-1
38	28162	-1
43	12382	1
31	18344	-1
21	8155	-1
13	2081	1
42	13934	1
46	16759	1
20	15872	-1
46	26154	1
36	27074	1
23	24106	-1
27	13031	-1
21	1561	-1
26	25650	-1
20	25645	-1
17	11582	1
43	16004	-1
8	21496	1
17	24584	1
30	30350	-1
30	2623	-1
18	4382	-1
44	7907	-1
44	2686	1
23	24737	-1
5	10731	1
40	24439	1
22	944	-1
13	13683	-1
41	606	-1
5	7112	-1
0	25003	-1
42	1237	-1
47	13487	1
10	22962	-1
6	8342	1
25	19810	-1
24	10708	-1
48	18704	1
16	6219	1
4	30784	1
28	8454	1
25	356	-1
34	12388	-1
13	7946	1
11	9969	-1
21	8344	-1
10	11899	-1
13	3372	1
15	27430	1
7	11417	-1
31	14925	-1
14	3142	1
43	15797	1
46	9942	-1
35	12588	-1
43	23046	1
27	9162	-1
45	29596	1
13	26982	-1
29	24285	-1
10	24342	1
23	8660	-1
40	13087	1
48	27460	-1
32	24581	-1
13	5667	1
40	702	1
19	13591	-1
16	22516	-1
46	2223	1
41	4872	-1
28	23572	1
17	20161	1
6	29097	1
0	28979	-1
39	24863	1
32	6855	-1
30	25351	1
39	15155	1
13	8549	-1
42	28146	1
46	25172	1
36	17278	-1
32	8480	-1
34	7433	-1
48	18873	1
23	16997	1
13	4318	1
17	4894	-1
13	30992	1
45	7141	1
46	23873	1
48	24377	1
0	1011	1
45	2814	-1
19	11458	-1
48	10470	1
49	6172	-1
42	1598	1
16	959	1
19	69	-1
10	29203	1
29	28596	-1
28	14450	1
28	3995	1
6	18735	-1
22	22439	-1
6	29269	-1
28	10096	-1
43	13658	1
13	2084	1
23	27858	-1
43	22489	1
26	2917	-1
0	13758	-1
36	2986	1
38	8788	-1
35	26345	-1
40	4665	1
43	30908	1
4	24108	1
40	23033	1
22	1373	-1
1	11792	-1
47	14200	-1
46	1572	1
10	29986	1
18	15572	1
40	9407	1
10	14720	1
23	22877	1
9	17762	-1
48	4215	-1
37	24929	1
2	21410	1
35	4812	1
7	25292	1
28	12103	1
15	28143	-1
16	27066	1
41	3056	1
43	7597	1
22	14228	-1
29	1094	1
42	3498	1
10	15044	-1
12	19285	-1
2	21763	-1
11	10707	-1
0	8737	-1
49	15355	-1
10	7405	-1
9	7111	1
34	23847	-1
28	23089	1
48	12083	1
20	12783	1
17	303	1
43	9737	1
10	4512	-1
23	29964	1
43	28516	1
6	11201	1
46	26914	1
23	29451	1
35	4420	1
46	10986	1
27	25621	-1
8	26932	1
31	21364	-1
5	19697	-1
17	14214	1
46	26713	-1
13	18463	1
46	7320	1
43	11009	1
46	7412	1
20	2560	-1
3	1073	-1
9	3251	-1
17	1486	1
12	15930	-1
31	15354	-1
13	26595	1
46	25698	1
5	6538	1
36	29757	1
13	15504	1
2	10942	-1
0	22041	-1
38	14385	-1
46	21561	1
28	20779	1
27	2358	-1
33	27846	-1
3	10531	-1
40	23438	-1
32	26707	-1
43	25894	1
38	2468	-1
29	4414	-1
5	3177	1
7	13353	-1
20	29287	-1
6	22851	-1
31	12715	-1
35	30238	1
44	19891	-1
47	20815	1
8	392	1
20	7432	-1
46	913	1
40	162	-1
1	28527	1
16	20728	-1
30	26639	1
3	16930	-1
18	29460	1
17	27738	-1
38	13129	-1
18	15397	1
44	20446	1
46	18235	1
21	16739	1
14	29338	-1
4	5475	-1
36	8971	-1
28	15050	-1
13	21419	1
9	3810	1
37	287	-1
5	21525	-1
33	1903	-1
36	8544	-1
46	1784	-1
38	18697	1
27	12760	-1
25	4707	-1
41	30358	1
40	21323	1
19	1537	-1
43	26187	1
43	20480	1
35	26989	-1
24	17019	-1
24	30197	-1
48	2200	1
5	8953	1
40	8629	-1
16	28074	1
26	4951	-1
25	23922	-1
14	11249	-1
45	14860	-1
28	21727	1
3	30151	1
8	2983	-1
1	2348	-1
1	7894	-1
5	25578	-1
30	22498	-1
27	4821	-1
48	7221	1
45	861	1
39	3964	-1
40	20060	1
40	4835	-1
6	5503	-1
12	30725	-1
37	8954	-1
48	13999	1
24	4570	-1
43	40	-1
30	15210	-1
3	2069	-1
6	6946	1
13	26753	1
46	18950	1
38	12697	-1
20	12426	-1
4	23644	1
2	18403	-1
21	8325	1
37	24963	1
9	13674	-1
5	22025	1
20	16625	-1
8	13309	1
45	7607	-1
46	3607	1
45	1007	1
24	28006	-1
42	6171	1
48	19652	-1
45	27258	-1
43	26995	1
8	26457	-1
27	16986	1
22	394	-1
8	13424	-1
7	10601	1
10	2637	1
28	20739	1
7	21518	-1
4	6139	-1
48	7764	1
13	20161	-1
37	25435	1
12	20171	-1
41	9078	1
16	27756	-1
48	7567	-1
17	2604	1
46	9850	1
42	26048	1
10	3106	1
44	20862	1
38	30958	-1
45	6625	-1
37	25233	-1
23	12185	1
20	11914	1
30	23236	1
13	1133	1
5	28478	-1
44	8599	-1
18	12101	-1
20	5911	1
49	4069	1
17	18195	-1
13	25704	1
40	27274	-1
35	737	1
13	21032	-1
39	11794	-1
45	8099	-1
2	14295	-1
40	16554	-1
28	22789	-1
40	16779	1
43	22056	1
40	30913	-1
18	29449	-1
2	6191	1
45	23666	1
32	4270	-1
28	29552	-1
25	22022	-1
6	18554	1
32	21685	-1
4	8773	-1
43	814	1
26	22558	-1
28	6103	-1
23	30444	-1
13	2274	1
20	782	1
10	18863	-1
22	17996	-1
30	25518	-1
33	12355	-1
17	22268	1
1	3283	-1
18	13192	1
6	17770	-1
29	17841	1
8	1577	-1
10	16745	-1
36	13354	1
34	6707	-1
2	23422	-1
46	24130	1
7	22940	1
35	12268	1
28	8210	-1
23	14888	1
38	15758	1
32	25498	-1
40	11590	1
7	30600	-1
34	20485	-1
48	16105	1
4	3044	1
8	15112	1
21	17753	1
8	22647	1
45	6320	1
6	4970	-1
8	22909	-1
46	17222	1
43	18463	1
12	14839	-1
0	25560	-1
0	30631	1
12	19353	-1
5	22574	-1
48	2838	1
48	1940	1
49	17789	-1
13	17086	1
35	1037	-1
16	20556	1
23	21937	1
21	28593	-1
0	25430	-1
23	14400	-1
20	22717	-1
29	28964	1
44	7208	-1
25	207	-1
28	3013	1
2	5594	-1
42	30382	-1
14	10911	-1
39	16358	-1
43	10754	-1
9	30273	1
40	9958	-1
41	8870	-1
12	14820	-1
10	28495	1
43	6560	1
43	6951	1
42	8791	1
9	15863	1
35	9178	-1
43	2684	1
7	25735	1
4	29615	1
17	29784	-1
42	25017	1
39	17260	-1
5	28291	1
29	16288	1
43	22703	1
18	5842	-1
23	13173	-1
23	23916	1
31	7886	-1
31	12924	-1
1	18844	1
19	5635	-1
42	18975	1
40	88	1
10	30770	1
23	17580	1
43	1638	1
40	23357	1
9	13064	1
5	19963	1
46	2365	1
17	16366	-1
13	1519	1
8	25586	-1
43	14561	1
46	30264	1
40	16489	1
17	12633	1
40	2709	1
43	9363	1
6	8587	1
26	7099	1
21	12221	1
13	5789	-1
39	1462	-1
4	723	-1
8	18028	1
8	29698	-1
13	21838	1
22	27771	-1
48	852	-1
25	8447	-1
17	12120	-1
33	12023	-1
28	1088	1
20	23781	-1
0	5652	-1
19	19204	-1
4	21319	1
43	29480	1
36	22596	-1
37	23564	-1
32	14406	-1
13	12866	1
13	20342	1
37	4507	-1
14	18524	-1
6	12487	1
47	11961	-1
9	11640	-1
8	569	1
44	27714	-1
13	3891	1
48	16776	1
8	23029	-1
7	23056	1
21	20505	1
16	15516	1
45	2753	-1
46	9825	1
13	10725	1
13	7278	1
36	1372	1
19	5826	-1
6	18599	1
9	13489	1
45	2358	-1
6	12734	-1
18	7514	1
6	28595	1
8	1352	1
19	18008	-1
47	30295	1
36	14682	1
24	8596	-1
8	3410	-1
38	27630	-1
1	7364	-1
20	25921	-1
43	4092	1
22	16299	-1
44	8055	1
23	1920	-1
2	11858	-1
31	7839	-1
49	7540	-1
33	13269	-1
39	7508	1
6	14869	1
30	14210	-1
1	4108	1
22	10259	-1
48	1731	1
13	8429	-1
12	8805	-1
28	24137	-1
6	20548	-1
46	26489	1
11	22343	-1
41	28445	-1
43	18825	1
9	15511	1
43	29272	-1
22	9435	1
39	18229	-1
39	4674	1
29	22792	-1
19	21375	1
8	19066	1
8	6820	1
7	9575	1
1	7999	-1
12	20064	-1
19	19343	-1
36	16973	-1
18	4924	1
5	9938	-1
16	7897	-1
49	6825	-1
39	10281	-1
1	8901	-1
43	1464	1
9	16513	-1
33	25189	-1
23	14331	-1
6	12536	1
37	22218	1
23	15820	1
42	21060	-1
37	26732	-1
43	4483	1
48	21170	1
36	11045	1
17	22279	1
4	16486	1
28	15620	-1
23	4015	1
36	6552	1
14	9245	-1
5	30023	1
5	607	-1
43	1807	1
14	5939	-1
30	13999	-1
46	18037	1
8	13043	1
46	9951	1
40	21238	1
1	19954	-1
28	4205	-1
16	18349	1
17	3524	1
18	16714	1
43	23304	1
40	18550	1
4	5074	-1
4	29645	1
38	28782	-1
38	1800	-1
30	15373	-1
16	10545	1
19	25401	1
18	28327	1
33	27284	-1
13	5131	1
29	18785	1
44	4367	1
5	6328	1
4	3571	-1
35	4678	-1
39	20589	1
31	106	1
30	9189	1
35	9315	-1
36	10316	1
6	1075	1
23	5202	-1
5	16042	1
33	16445	-1
30	1449	1
31	6747	1
5	25613	-1
46	1358	1
9	15323	-1
3	22501	-1
39	17922	-1
19	20103	-1
4	20897	1
5	14790	1
19	6303	-1
11	27405	-1
38	10411	1
40	28536	1
42	11649	1
48	26899	1
7	4954	-1
21	685	1
34	13846	-1
41	27962	-1
7	4277	-1
43	22460	1
46	22909	1
38	26771	-1
45	5228	-1
6	11720	1
12	26030	-1
31	3061	-1
46	9688	1
21	19941	1
48	17789	1
46	19025	1
36	7775	1
12	7622	-1
30	5540	1
48	21402	1
40	25185	1
7	18674	1
10	26513	1
30	22232	1
25	1350	-1
6	9195	1
13	24401	-1
6	1860	1
48	25867	1
26	28427	-1
19	5684	-1
3	10729	1
23	24364	1
35	13893	1
13	23298	1
21	22114	-1
44	14596	-1
10	28081	1
13	3133	1
8	26945	1
43	25036	-1
46	7571	1
1	27222	1
48	16881	-1
7	9044	1
1	1511	1
0	24723	1
23	30621	1
44	10684	-1
18	24798	1
27	30144	-1
0	5982	-1
5	25609	-1
0	9431	-1
13	4813	1
4	29502	-1
16	14359	1
29	4123	-1
37	28260	1
24	6927	-1
13	11017	-1
21	22274	-1
13	11325	1
27	28366	-1
21	6359	-1
26	14437	1
43	16193	1
4	27669	1
48	23511	-1
46	4792	-1
37	3807	-1
27	18411	1
28	13366	1
18	30548	1
39	7549	-1
23	22890	1
25	30371	-1
13	12417	1
5	2239	-1
4	18994	1
48	24712	-1
0	14850	-1
7	28061	1
36	10811	1
8	12495	1
49	25755	-1
16	24913	1
6	28033	1
10	5189	-1
4	15165	1
20	23599	1
34	977	-1
8	2698	1
4	23112	1
49	1821	-1
48	30943	1
43	18669	1
35	14538	1
13	13597	1
44	25353	1
46	13504	1
13	6680	1
27	30860	-1
18	13177	-1
40	9780	1
42	30407	-1
18	23847	-1
6	4856	1
6	13059	1
35	8493	-1
43	9337	-1
44	19668	-1
33	6045	-1
6	8532	-1
18	20212	-1
35	19086	1
48	17765	1
19	27451	1
49	59	-1
4	27512	1
0	12096	-1
42	16906	1
4	26688	1
35	18949	1
48	30563	1
44	20572	1
45	6974	1
18	2968	1
41	16203	1
39	3965	1
40	269	1
6	18647	1
35	11165	1
2	8516	-1
13	11392	1
1	18735	1
46	20784	1
18	8622	1
38	3279	-1
43	16781	-1
36	7766	1
4	8223	1
12	20132	-1
38	4286	-1
18	24221	1
2	20880	-1
48	29604	1
1	4044	-1
49	2399	1
30	6601	-1
18	26744	1
19	21557	-1
12	10658	-1
32	11423	-1
46	92	1
1	27230	-1
41	1842	-1
13	10563	1
20	19477	1
5	26418	1
45	9645	1
4	23011	1
42	25610	1
6	10386	-1
37	2282	-1
37	16776	1
4	1082	1
36	27359	-1
36	26415	-1
29	8348	-1
30	18547	-1
48	11202	1
21	24392	-1
25	23434	-1
32	22564	1
18	10769	1
16	23907	1
44	17	-1
43	1773	-1
42	23883	1
9	6579	-1
4	16050	1
45	12940	1
40	2247	1
37	25361	-1
26	4607	1
40	13603	1
43	7952	1
43	17194	1
22	12411	-1
32	10937	1
19	30212	-1
0	29116	1
16	17598	1
34	9804	1
17	24011	-1
31	29212	-1
43	3128	1
21	15373	1
35	22224	1
49	29193	-1
13	19747	-1
7	30229	-1
13	16291	1
40	15171	-1
23	16302	-1
37	25275	-1
28	11822	-1
25	783	-1
0	20350	-1
48	27740	1
6	30594	1
44	11288	1
8	6369	-1
11	17077	-1
47	15744	-1
32	4633	-1
37	24505	-1
29	28647	-1
48	1478	1
16	15607	-1
46	2376	1
16	28181	1
11	15368	-1
2	15399	1
13	22903	-1
18	1657	1
40	13582	1
12	3341	1
40	2830	1
48	3026	1
13	9703	1
21	3483	1
27	17785	-1
4	2126	1
35	20902	1
12	26533	-1
18	8221	1
8	7381	-1
38	25089	-1
48	9443	1
14	3749	1
36	657	1
4	16214	1
48	9603	1
44	7590	-1
48	19466	1
8	7367	-1
4	9910	-1
4	26685	1
13	2359	1
12	6043	-1
14	29000	-1
8	13835	1
28	9099	1
8	28681	1
46	17010	1
21	24079	1
9	8358	1
39	14580	1
43	23385	1
4	13092	1
39	23293	-1
15	18290	-1
36	10946	-1
49	30620	1
30	868	-1
25	16087	-1
44	14396	-1
15	19381	1
31	7296	-1
18	11063	-1
34	31005	-1
44	1176	1
4	16921	1
43	4053	1
46	17118	-1
26	3110	-1
48	21296	1
16	21639	-1
6	14617	1
1	16899	1
11	26727	-1
13	27701	1
32	9477	-1
0	11287	-1
2	12135	-1
8	21950	-1
42	12253	1
6	16326	1
46	19670	1
15	18581	1
40	8571	1
8	5764	1
18	12002	-1
40	19734	1
1	2070	-1
40	27698	-1
30	10563	-1
0	9463	1
1	2869	-1
4	28149	1
19	2632	-1
2	1655	1
41	5351	-1
42	15208	1
25	21135	1
44	3225	1
40	24845	1
47	200	-1
3	24871	-1
7	1188	-1
9	5081	-1
30	17721	-1
10	26739	1
0	14687	-1
40	8582	1
16	15539	1
37	19225	-1
4	27583	-1
14	352	-1
6	9680	1
13	10261	1
17	15398	-1
39	14394	-1
20	7422	-1
6	15295	1
40	893	1
26	25912	1
36	7049	-1
38	29091	-1
43	8998	1
7	4172	-1
13	9883	1
20	25207	-1
47	29166	-1
29	8951	1
20	7315	1
17	30591	-1
10	12413	-1
44	9274	1
32	20558	-1
48	18155	1
47	27306	-1
43	18169	1
34	7667	1
7	22444	-1
17	14741	1
46	13996	1
19	12223	-1
13	8379	1
40	16605	-1
29	10375	1
16	5073	1
22	10872	-1
3	347	-1
36	30067	1
49	4147	-1
31	20244	-1
46	26817	1
16	29720	1
4	5032	1
17	12966	-1
47	16214	-1
30	21618	1
43	2119	1
8	19210	-1
44	6270	1
43	11023	1
26	13046	1
42	7873	1
44	2294	-1
43	21664	1
9	25628	-1
2	27545	-1
29	7949	1
3	19807	-1
23	24132	-1
46	2312	1
42	18633	1
19	25502	-1
32	2822	-1
43	8339	1
6	28364	1
36	13756	-1
40	1069	-1
11	11847	-1
27	6396	1
18	16175	1
18	30477	-1
43	29895	1
3	14937	-1
0	22974	-1
36	4036	1
43	29909	1
36	12431	1
9	14816	1
30	11978	1
27	27431	1
43	9794	1
21	19475	1
46	25957	1
27	8410	-1
43	27055	1
4	4717	1
46	21265	-1
35	17139	-1
49	15238	-1
43	7765	1
16	22791	1
7	16107	1
38	30317	-1
10	12673	-1
42	4676	1
20	13628	-1
44	16360	1
49	14544	-1
36	26167	-1
8	25004	1
13	24497	1
5	30157	-1
8	29655	-1
32	10421	-1
7	4618	1
36	10849	-1
46	19164	1
26	9663	1
39	8243	1
4	1060	1
14	16743	-1
5	16946	-1
35	15885	1
24	13558	-1
4	16767	1
43	23508	1
9	15969	-1
40	21419	1
5	9289	1
45	26505	-1
7	9208	1
43	14662	1
22	13158	-1
43	18060	-1
43	30033	1
22	23062	-1
20	443	1
8	16014	1
42	29433	1
7	25392	1
45	10512	-1
19	554	-1
48	6385	-1
16	21799	1
35	7708	1
48	11742	1
8	24916	1
7	28525	1
42	18361	1
48	2312	1
42	29343	1
48	22823	1
11	16906	-1
42	26437	1
43	24980	1
2	26634	-1
29	22059	-1
23	24105	1
46	7389	1
17	19184	1
30	11981	1
14	15613	1
10	17762	1
0	25492	-1
5	18986	-1
9	17412	-1
43	30688	-1
37	12582	-1
8	24302	-1
32	27262	-1
43	3419	1
8	9670	-1
29	20327	1
48	161	1
30	17130	-1
37	4798	-1
38	20598	-1
21	7109	-1
14	7341	1
45	11369	-1
37	7763	1
4	9169	1
34	10655	-1
23	22474	-1
32	16094	1
35	19993	-1
16	2879	-1
37	10975	-1
46	12911	-1
26	15387	1
14	28136	-1
1	3067	-1
17	17262	-1
2	10227	-1
39	15611	1
14	28766	-1
8	20278	1
13	19000	1
6	9380	-1
16	19872	1
6	6655	-1
25	10062	-1
43	23580	1
40	6191	-1
17	28717	1
7	19177	1
18	24801	1
47	22118	-1
20	18204	-1
8	7338	1
35	28092	1
21	12576	-1
46	18952	1
6	6180	1
0	12873	-1
49	28353	-1
46	27007	-1
13	24997	1
43	3628	1
11	20349	-1
21	9679	-1
38	10782	-1
48	24158	-1
45	3684	-1
46	21948	1
43	16566	1
45	3941	-1
46	28299	1
6	3163	-1
31	19750	-1
0	25559	-1
26	24015	-1
33	23816	-1
9	19819	-1
23	4249	-1
47	3250	1
43	30586	1
46	11125	1
20	27183	-1
46	9915	1
1	3508	-1
30	14674	-1
16	26321	1
17	22336	1
0	15716	-1
19	17397	-1
41	25663	-1
4	22088	1
0	18856	-1
48	4101	1
10	18651	1
22	28524	-1
41	17329	-1
6	23709	1
26	11658	-1
37	12533	-1
12	4257	-1
14	1341	-1
40	13113	-1
20	11576	-1
1	2787	1
4	3869	1
30	28688	1
29	22825	-1
7	7221	-1
42	12843	1
30	20267	-1
10	1364	-1
14	19769	1
16	28657	1
43	9397	1
8	12573	1
10	30402	1
25	12783	-1
27	24247	1
24	17711	-1
34	19079	-1
31	30535	-1
45	13147	1
16	11842	1
20	14894	1
35	14788	-1
5	7838	1
43	29202	1
8	23560	1
26	23779	1
7	30419	-1
40	24033	1
1	17378	1
38	27470	1
27	13905	-1
10	701	1
33	7958	-1
35	11958	1
24	1405	-1
43	7584	1
20	29070	-1
24	7564	-1
10	11726	-1
42	30160	1
26	4151	-1
40	21303	-1
36	6076	1
32	18691	1
18	4716	1
1	23525	-1
21	15724	-1
42	29603	1
6	17605	1
3	24660	-1
12	8374	-1
28	27406	-1
42	1125	1
45	13129	-1
13	269	1
11	24961	-1
38	8203	-1
1	22075	-1
0	7173	-1
39	24889	-1
46	16595	-1
29	7119	1
16	5603	-1
31	9647	-1
31	28033	-1
15	1949	1
32	28742	-1
3	24810	1
49	2043	-1
18	3590	-1
19	19710	1
1	1156	1
13	18996	-1
27	14202	-1
11	25168	-1
13	15753	1
42	29927	-1
26	22624	-1
13	3953	1
12	3329	-1
9	11856	1
7	23901	1
49	20478	-1
44	28903	1
36	10107	-1
7	15117	1
14	21446	-1
2	16159	-1
6	27448	-1
3	25025	1
37	12189	1
45	11922	1
23	3087	-1
6	19039	1
46	6595	1
18	13568	-1
49	8963	-1
29	17152	1
16	14046	1
20	12496	1
44	30394	1
35	11814	-1
12	26415	-1
34	13305	-1
28	18222	1
12	13809	1
11	30102	-1
12	9345	-1
19	1775	-1
14	11164	-1
11	25285	-1
48	10423	-1
46	16922	-1
40	30621	1
21	4319	-1
1	28288	1
7	2364	1
46	12703	1
44	29484	1
25	26135	-1
1	24573	1
38	22149	-1
6	8722	-1
47	677	-1
46	4949	1
3	15712	-1
2	4362	1
48	30519	1
35	17009	-1
45	7173	-1
43	30504	1
23	4278	1
6	11214	1
13	22647	-1
12	15203	-1
17	20790	1
33	4261	1
10	6989	-1
8	3705	-1
28	9637	-1
20	6630	-1
43	18027	1
16	21587	1
6	23574	1
41	28242	1
41	12963	-1
36	14755	1
20	1459	-1
43	16755	1
25	5863	-1
41	28902	-1
8	9023	1
7	6778	-1
44	20911	1
6	15977	-1
10	19283	-1
43	8523	1
16	19922	1
41	30175	-1
6	22469	-1
16	25334	1
17	1478	-1
13	5288	1
12	30533	-1
16	25527	-1
6	30205	1
13	30539	1
39	9890	1
16	17775	-1
9	27135	-1
48	19812	1
39	10420	-1
33	26924	-1
41	5958	-1
43	2527	1
48	22880	1
8	16260	1
11	4167	-1
37	20236	-1
46	8801	1
41	85	-1
5	4655	-1
49	2176	1
36	852	1
8	21377	1
38	9746	-1
46	11504	1
12	24677	-1
26	29900	1
17	27245	-1
33	16556	-1
22	5016	-1
14	24066	1
23	9386	1
22	9251	-1
12	7962	-1
24	23033	-1
28	5666	1
7	17987	1
21	17624	1
36	28038	1
17	12873	-1
13	22200	-1
43	27012	-1
48	23437	1
10	6948	1
10	29177	-1
16	4741	1
4	9639	1
13	2053	1
0	29790	-1
40	7895	1
35	22801	-1
46	2717	1
16	15459	-1
8	5811	-1
6	22059	-1
0	4567	1
40	20760	-1
37	21840	-1
15	25728	-1
21	9738	1
17	17176	1
29	1664	1
1	30822	-1
44	15058	1
22	7440	-1
0	17257	-1
15	22164	-1
38	8327	1
16	29926	-1
28	18042	-1
47	5693	-1
1	30612	-1
8	29630	1
8	26299	1
27	10286	1
42	9578	1
35	26992	1
36	22009	-1
48	3856	1
19	20913	-1
35	26556	1
48	18074	1
44	12198	1
13	11784	-1
8	11531	1
21	7899	-1
30	5411	1
26	17387	1
23	3347	-1
44	27912	-1
45	3403	-1
4	439	1
9	13502	-1
20	20417	1
20	1646	1
47	16274	-1
20	6908	-1
28	3765	1
12	10537	1
48	525	1
48	7924	1
25	18019	-1
17	4865	1
13	17316	1
48	26174	1
4	26739	1
25	23474	1
2	23973	-1
5	8352	1
8	3594	1
42	23530	-1
9	30562	1
38	12516	-1
42	7116	1
48	13448	-1
33	28964	-1
19	12443	-1
49	17028	1
48	10552	1
24	8567	-1
43	29342	1
1	29441	-1
23	29886	1
43	3965	1
47	10479	1
13	28701	-1
5	14870	1
20	21522	-1
9	24343	-1
39	19335	-1
39	29055	1
34	14386	-1
43	5861	1
8	6143	1
38	15835	-1
11	5726	-1
5	2971	-1
46	12438	-1
26	9967	-1
5	23711	-1
17	22921	-1
6	8633	1
29	2154	-1
7	9135	1
12	10928	-1
23	1077	1
40	11603	1
43	26617	1
46	19958	-1
13	24033	1
49	27645	1
40	30228	1
27	15120	-1
41	10460	-1
17	26040	-1
13	24605	-1
48	21653	1
14	6856	1
37	22437	1
40	5849	-1
27	28902	-1
29	12662	-1
46	24806	1
31	17866	-1
2	27736	-1
45	30383	-1
17	14020	-1
6	14735	-1
38	24696	-1
25	26991	-1
21	11732	-1
39	16001	1
13	16256	1
35	5684	-1
46	29131	1
34	20738	-1
2	4492	-1
40	2631	-1
20	6930	1
13	22572	1
21	28111	-1
6	9808	1
42	14446	-1
22	3317	-1
10	28492	1
13	1623	-1
27	29753	-1
14	25160	-1
32	13932	-1
28	24154	1
17	11165	1
15	12006	1
38	11276	-1
22	29773	-1
16	30414	1
2	28199	-1
4	8678	1
13	20318	1
30	14728	-1
29	6769	-1
35	9585	1
47	9208	-1
30	28940	-1
35	15845	-1
16	29678	1
0	3828	-1
6	13223	1
5	19890	1
1	27237	-1
43	12070	1
46	3537	1
15	27584	-1
48	9963	1
35	4689	1
14	20193	-1
0	32	-1
4	2317	1
46	5414	1
42	9206	-1
10	18982	-1
1	21686	1
43	24215	1
43	6331	1
43	28762	1
48	20934	1
8	11893	1
6	16710	-1
41	1595	1
5	27082	-1
32	28254	-1
13	25017	-1
34	21073	-1
40	6455	1
42	17983	1
19	3514	-1
23	16243	-1
14	26038	1
6	15008	1
25	28658	-1
16	10425	-1
17	259	-1
46	1536	1
39	28384	-1
10	24766	-1
15	639	-1
19	1056	1
8	12029	1
8	18951	1
32	14466	-1
14	28894	-1
36	23097	1
20	7309	-1
34	8055	-1
12	13175	1
6	10397	-1
14	9146	1
23	10584	1
21	11819	-1
8	1476	1
41	7996	-1
32	22041	1
26	10938	-1
41	20479	1
28	24988	-1
17	28991	-1
5	2498	-1
9	16030	-1
16	5150	-1
19	16661	1
8	27869	-1
33	17674	-1
17	11707	-1
45	15951	-1
48	1761	1
16	30977	1
43	12595	1
43	19234	1
49	26022	1
48	27904	1
9	26793	1
25	2236	1
37	6880	-1
29	16622	-1
13	21431	-1
6	26330	1
35	15184	-1
18	19257	-1
17	14889	-1
17	3501	1
48	4068	-1
48	16967	1
48	8463	1
18	4183	1
21	12872	-1
0	14889	-1
43	24386	1
48	1992	1
0	22621	1
42	5597	1
6	16172	1
16	4155	1
1	24063	1
31	9471	-1
31	18168	-1
43	13474	1
27	15859	-1
7	2812	-1
37	14094	-1
45	1914	-1
4	8486	1
4	3811	1
2	17314	-1
31	9953	-1
43	14105	1
17	7576	1
4	11564	-1
2	3477	-1
42	7728	-1
26	2169	-1
17	8861	-1
8	26777	1
43	13453	1
23	2973	1
17	24062	-1
39	17814	1
3	25534	-1
1	26896	1
15	16109	-1
42	26053	1
14	3465	-1
46	4929	1
43	7751	-1
5	4893	1
43	1835	1
37	14888	-1
1	19477	-1
2	28700	-1
46	12689	-1
10	13581	1
8	29980	1
49	7559	-1
35	8697	1
15	10116	-1
8	29989	1
44	22383	-1
46	21911	-1
11	28672	-1
27	2978	1
34	25139	-1
49	18049	-1
27	8398	-1
42	27092	1
25	27392	-1
28	27659	1
12	9869	1
17	21022	1
10	28345	-1
25	23339	1
48	4884	-1
48	3240	1
8	15275	1
3	13828	-1
1	13821	-1
2	12651	-1
34	22562	-1
9	2394	1
17	11595	1
2	18897	-1
17	20474	1
15	19774	-1
28	3403	1
30	27298	1
14	2598	-1
15	3752	-1
11	30501	-1
43	19479	1
43	10845	1
20	4041	1
17	12082	1
38	750	1
5	12901	-1
4	28731	1
17	6816	-1
18	996	-1
45	11154	1
41	15303	-1
19	25474	1
42	30990	1
46	3034	1
35	7202	-1
47	25735	-1
8	14836	-1
18	13053	-1
42	18947	-1
26	11086	-1
28	5858	1
8	20387	1
49	14085	-1
8	6178	-1
46	28217	-1
26	15612	-1
6	25692	1
39	30001	1
35	30785	-1
35	655	1
46	15022	1
12	12311	-1
23	20212	1
48	25416	1
49	2900	1
46	24487	-1
12	16474	-1
6	13084	-1
30	16835	-1
48	26091	1
43	11027	1
4	18890	-1
40	9750	1
42	28791	1
24	23007	-1
47	26074	-1
48	20506	1
40	17350	1
22	3106	-1
8	3799	1
35	3545	-1
8	9085	-1
45	22821	-1
8	30265	1
15	16548	-1
8	5858	1
24	23786	-1
40	19826	-1
5	23672	1
16	12413	-1
44	12467	-1
36	30319	-1
39	23700	-1
45	8102	1
37	13510	-1
6	16132	1
10	14361	1
43	16348	1
42	27298	1
33	2418	-1
36	20773	-1
17	22	1
23	20506	-1
6	30577	1
7	2670	-1
30	19620	1
43	29624	1
42	6646	1
35	13339	-1
8	10078	1
36	23304	-1
12	8607	-1
28	7796	-1
34	15428	-1
48	1924	1
4	7565	1
3	19188	-1
20	24853	-1
3	17672	-1
46	28308	1
9	25487	1
34	8841	-1
8	15511	1
44	9086	1
22	18073	-1
13	24584	-1
17	19564	-1
42	22425	1
28	28415	1
8	7688	1
6	21104	1
14	11071	1
27	23051	-1
34	21281	-1
49	19084	1
48	29070	1
19	19107	-1
45	29177	-1
48	4924	1
36	3807	1
32	6514	-1
1	4057	-1
11	657	-1
21	29990	-1
5	12915	-1
9	18088	1
46	7014	1
43	7611	-1
13	4282	1
13	10333	1
38	25271	1
19	8294	-1
46	25466	1
6	30056	-1
49	16409	-1
49	14311	1
43	752	1
1	6360	-1
45	29346	-1
38	21973	-1
20	20746	-1
7	16148	1
28	6306	-1
23	12242	-1
21	29375	-1
8	284	1
16	22099	1
43	25881	1
6	9634	1
2	18830	-1
28	4092	1
13	22335	-1
0	21675	-1
5	28969	1
4	7652	1
42	3880	1
40	28160	-1
8	30497	1
2	27641	-1
5	25657	-1
2	12409	-1
1	13200	-1
26	3903	-1
47	24458	-1
4	23932	-1
47	24455	-1
5	4166	1
18	12247	-1
42	26716	-1
13	6365	-1
21	25405	1
44	21509	-1
29	22938	-1
48	10294	-1
3	12994	-1
6	2986	-1
6	9501	-1
36	19874	-1
40	30938	1
39	7902	1
3	7129	-1
16	12023	1
11	9585	-1
39	85	-1
13	16081	1
43	21041	1
1	542	1
48	12473	1
27	1908	1
26	30014	-1
43	27348	1
28	7852	1
13	24136	1
9	27594	1
40	11143	-1
16	21253	-1
44	7457	1
44	15102	1
4	7173	-1
46	17240	1
17	1090	1
44	9452	1
8	20773	1
36	6696	1
11	20572	-1
43	6657	1
5	22657	-1
13	915	-1
47	28493	-1
4	18876	-1
23	23254	1
46	27913	1
43	9758	1
48	20766	1
9	24517	1
35	6595	-1
44	7957	1
13	19740	1
24	21721	-1
14	15310	1
43	27629	-1
9	25870	1
16	9594	1
31	24917	-1
8	27944	1
26	28207	-1
42	29274	1
42	13482	-1
1	19331	1
48	26638	1
5	23462	-1
0	5434	-1
10	3537	1
42	15546	1
1	27673	-1
7	2151	-1
2	21341	1
49	19049	-1
7	29724	-1
25	27955	-1
37	25063	-1
7	5720	1
29	6989	-1
5	24080	1
35	26753	1
24	1558	-1
46	6928	1
2	20073	-1
6	6994	1
13	19366	1
22	28080	-1
49	18744	-1
42	10323	-1
49	26753	1
21	8488	-1
40	22098	1
33	15651	1
48	12797	1
44	12965	1
43	24092	1
6	9000	1
31	20071	-1
41	17347	-1
26	5808	-1
22	2425	-1
22	23597	-1
2	23237	-1
15	25725	-1
2	16448	-1
29	26457	-1
29	27677	-1
48	7480	1
35	19556	-1
8	4038	1
8	26949	1
43	2905	-1
48	1916	1
42	5593	1
42	14392	1
10	29428	-1
35	20063	1
26	650	-1
8	27776	1
46	22060	1
2	26254	-1
39	5151	1
17	657	-1
4	27015	1
22	19600	-1
49	7358	-1
25	3123	1
16	6139	1
16	26272	1
28	12093	-1
46	13259	1
9	12361	-1
18	1627	1
10	25440	-1
19	27013	-1
32	18481	-1
35	10689	1
46	18704	1
7	7289	-1
29	11511	-1
13	15031	1
5	27074	1
43	16757	1
42	171	1
45	792	1
31	21851	1
13	13906	-1
44	9326	-1
4	13845	1
46	23864	1
9	15907	1
45	24849	-1
28	9034	-1
13	4304	1
28	19198	-1
0	19174	1
42	933	1
47	3326	-1
16	12374	-1
48	17357	1
38	8323	1
40	27706	1
40	20522	-1
26	17007	1
32	11842	-1
28	4605	1
38	13125	-1
32	27724	1
40	20001	1
18	10258	-1
13	26093	1
17	27555	1
43	10636	1
5	9729	1
43	22669	-1
49	1621	-1
9	29496	-1
2	2365	-1
1	40	-1
13	21633	1
32	14850	-1
20	15997	-1
18	18680	1
43	18175	1
40	8820	-1
10	11246	1
42	2884	1
11	3930	-1
30	22054	-1
18	14760	1
27	10614	-1
42	6390	1
36	7485	-1
17	4388	-1
43	1265	1
16	19970	1
15	30030	-1
24	6577	-1
22	16539	-1
7	24307	1
5	18965	-1
8	30228	1
47	27049	1
45	526	-1
24	23753	-1
33	3963	-1
4	17232	1
37	21386	-1
6	2667	1
40	16027	1
21	28610	-1
22	14116	-1
39	14275	-1
20	1912	-1
37	13810	1
34	1503	1
44	21957	1
17	4846	-1
21	20185	1
45	28755	-1
24	7313	-1
32	23951	1
16	9564	1
13	26821	1
45	7688	-1
23	19678	-1
44	40	-1
29	24915	-1
39	28275	1
49	16823	1
38	12521	-1
12	16839	1
16	17239	1
43	20743	1
43	23240	1
30	22315	1
1	19878	1
8	11427	1
46	15840	-1
33	18963	-1
39	13328	-1
16	21760	-1
6	9683	1
39	7447	-1
28	641	1
42	9140	-1
13	20210	1
35	19793	1
37	18199	-1
7	10703	1
26	21636	1
45	8793	1
30	13491	-1
23	17704	1
6	6562	-1
34	29369	-1
43	30932	1
47	1658	-1
27	14649	-1
43	30614	1
5	25345	1
24	25846	-1
36	14924	-1
6	23573	1
48	17181	-1
7	23834	1
17	22413	1
8	29957	1
13	3368	1
4	19157	-1
9	13105	-1
43	25219	1
3	11676	1
44	18381	-1
14	15034	1
43	23378	-1
30	14833	-1
0	2052	-1
32	27907	1
32	19425	-1
18	10519	-1
38	30004	-1
20	30842	1
7	11755	-1
20	21747	-1
9	10958	1
17	4103	1
5	27578	-1
35	14081	-1
6	2553	1
4	19349	1
10	16432	-1
12	11632	1
2	30651	-1
37	2136	-1
10	10503	-1
36	82	-1
42	14584	1
24	24405	-1
9	25248	1
38	14437	-1
7	9762	1
48	580	1
44	10112	1
35	7483	1
1	22660	1
21	3244	1
43	16340	1
29	19720	-1
43	11654	-1
13	27249	-1
14	21818	-1
8	10236	-1
31	4984	1
42	15951	1
6	12627	-1
6	11798	-1
8	4471	1
16	20899	1
6	9743	1
8	28757	-1
8	965	1
26	7181	-1
43	9657	1
4	26582	1
1	4745	1
28	17604	-1
13	3461	1
43	20343	1
22	7555	-1
27	8951	-1
46	30088	1
11	6309	-1
44	15668	-1
19	17039	-1
5	625	1
37	28518	-1
43	14611	1
34	30651	-1
1	5773	-1
30	30034	1
49	14923	-1
39	10401	-1
13	27493	-1
26	15459	1
48	30306	1
4	10338	1
35	12109	1
20	10863	-1
27	30767	1
44	24431	-1
30	25604	1
27	19944	-1
13	28142	1
18	7349	-1
48	15910	1
5	6122	-1
7	9013	-1
27	18777	1
39	5640	-1
48	17327	1
31	23461	-1
43	12113	-1
21	15352	-1
41	19801	-1
32	7190	1
42	6326	1
18	20908	1
44	20513	-1
29	13062	-1
41	19062	1
42	3264	1
16	7859	-1
1	28750	-1
4	21677	-1
4	29269	1
34	7977	-1
21	7416	1
4	13076	1
0	21708	1
7	26189	-1
30	25914	1
22	17191	-1
28	19546	-1
48	12648	1
33	14408	-1
28	6004	1
43	21302	1
4	15674	1
13	15408	-1
40	29256	-1
25	1557	1
19	6922	1
18	3555	-1
43	12651	1
18	30659	-1
5	17592	1
16	30562	1
27	3574	-1
13	16205	1
44	26105	-1
23	14933	1
10	113	-1
45	2095	1
8	5944	1
4	28403	1
24	14026	-1
10	2623	-1
36	2697	-1
41	23455	-1
40	774	-1
46	23115	1
30	2845	-1
7	6202	1
42	5281	-1
30	19014	-1
10	17589	-1
48	5940	1
47	17932	-1
48	26406	1
4	23785	1
46	18501	1
43	10317	1
41	23813	1
7	2933	-1
8	7414	1
39	14158	-1
42	221	1
34	23656	-1
7	15491	1
44	7061	-1
43	29978	1
4	30053	1
15	5439	-1
4	7407	-1
21	27485	-1
42	2157	1
10	30065	-1
43	30668	1
8	29608	1
6	958	-1
35	22655	1
13	31076	1
42	26401	1
22	21558	1
13	5206	1
46	23996	-1
4	20080	1
23	1464	-1
1	27126	-1
8	27152	1
17	10446	1
1	11752	1
46	14833	1
9	19504	-1
38	21126	-1
37	17048	-1
15	25487	-1
40	28535	1
16	29568	-1
27	17303	-1
18	19932	-1
32	1790	-1
37	10044	-1
19	4091	-1
7	6146	1
8	13990	-1
4	9732	1
43	24762	1
30	6137	-1
11	15489	-1
13	29659	1
26	29505	1
49	18202	-1
21	22530	-1
23	24597	1
15	17270	-1
9	28080	-1
5	12445	-1
6	16279	-1
16	30735	-1
30	19229	-1
39	541	-1
18	9649	1
37	15342	1
43	15038	1
39	9836	-1
8	1281	1
4	30329	1
28	14498	1
23	10386	1
15	28819	1
2	14005	-1
43	27590	1
37	17354	1
11	21555	-1
46	5977	1
33	30175	-1
13	25385	1
36	27568	-1
24	16045	-1
9	8022	1
2	13228	1
16	19515	1
35	12694	-1
13	2248	1
24	23318	-1
6	5921	1
28	18676	-1
39	6229	-1
40	12096	1
26	2863	-1
40	25484	-1
17	27203	-1
28	8283	-1
5	18733	1
13	16316	1
48	30739	1
7	30358	1
41	9892	-1
26	6629	-1
15	27501	1
18	22118	-1
42	22642	1
34	17899	-1
44	26014	-1
26	2976	1
31	1163	-1
7	19914	1
49	12301	-1
44	4270	-1
47	3592	-1
28	1435	1
42	24599	-1
43	14776	1
13	12477	1
38	550	1
0	12448	-1
45	27467	1
14	8339	-1
16	2439	1
46	27621	1
42	27605	1
43	3124	1
30	7038	-1
33	15997	-1
49	12017	-1
14	10634	1
6	16742	1
35	20079	-1
0	19657	-1
10	19508	-1
27	27899	-1
7	10970	-1
20	8872	-1
36	22666	1
8	27571	1
43	58	-1
48	1729	-1
29	28976	1
25	15947	-1
18	9188	-1
28	4971	-1
37	29269	-1
4	4661	-1
46	25038	1
8	18407	1
31	11659	-1
6	28065	-1
14	20339	-1
8	1026	1
26	658	-1
13	7264	-1
30	130	-1
35	23810	-1
1	12667	1
43	23357	1
18	28110	-1
39	23352	1
34	13466	-1
2	21936	-1
9	7400	-1
13	598	1
48	5499	1
44	17177	-1
46	22823	1
23	15964	1
3	20612	-1
5	26012	1
6	26801	1
17	7235	-1
5	15005	1
19	6465	1
13	26705	1
7	5881	-1
43	5164	1
43	5483	1
45	15902	1
4	27387	-1
43	12054	1
4	12566	1
46	11425	1
21	26341	-1
46	1270	1
25	23095	-1
48	22550	1
36	7150	1
0	30515	-1
12	21206	-1
35	10273	-1
21	19230	-1
48	11260	1
0	28252	-1
46	12592	1
40	28396	1
46	21152	1
43	18986	1
20	11384	-1
47	16301	-1
6	21368	1
29	18167	-1
28	1724	1
0	23274	-1
25	27677	-1
12	12363	-1
33	16939	-1
38	14922	1
46	25413	1
37	25999	-1
24	23990	-1
25	27653	-1
30	5868	-1
34	21290	-1
23	26956	1
48	18283	1
21	31069	1
13	16661	-1
45	4171	-1
4	5891	1
26	2387	-1
44	4656	-1
30	29730	1
46	25743	1
17	5427	1
15	23484	-1
14	21824	1
8	6597	1
0	25503	-1
41	13573	1
46	14904	1
47	18604	-1
0	18868	1
26	5957	1
31	29931	1
46	11267	1
29	14666	-1
49	9552	-1
16	21565	1
42	25361	1
13	17552	1
0	28541	-1
22	21518	-1
1	24687	-1
48	30496	-1
40	26771	1
23	19571	1
28	18861	1
32	19766	-1
15	14099	1
43	30598	1
4	28484	1
49	5703	1
13	744	1
18	14339	1
7	22339	1
17	22444	1
8	2685	-1
29	16181	1
29	3056	1
43	22819	1
13	1218	-1
48	11078	1
3	15094	-1
26	8145	-1
43	20949	1
34	21181	-1
37	23340	-1
28	6095	1
6	16615	1
28	13716	1
10	8142	-1
31	21227	1
15	16447	-1
17	23310	1
2	23180	-1
30	1662	1
6	19598	1
27	4053	1
27	19648	-1
28	6645	1
14	13293	-1
46	6108	1
15	15291	1
43	24324	-1
28	644	1
6	30040	1
39	13842	1
19	12150	-1
25	6525	-1
4	30166	-1
5	4275	-1
2	3600	-1
46	10229	1
25	21159	1
8	4340	-1
23	3961	-1
39	4127	1
44	18636	1
23	5300	1
38	13866	-1
35	3524	1
27	12928	-1
2	15115	-1
15	6519	1
27	19712	-1
10	16590	1
4	18318	1
40	18084	-1
19	4921	-1
4	13283	1
43	24872	1
2	5650	-1
9	23055	-1
18	16620	1
4	25243	1
29	27940	1
13	28105	1
39	20238	-1
46	29809	1
22	26910	-1
44	22405	-1
39	14690	-1
29	10130	1
6	12983	1
48	9896	1
4	14709	1
27	15418	-1
39	15657	-1
48	6472	1
42	23964	1
43	23491	1
40	14071	1
46	20880	1
20	3738	1
1	25081	-1
7	2888	1
3	14333	-1
20	8793	1
0	22016	-1
12	14633	-1
44	9482	1
29	20487	-1
8	905	1
10	20939	1
18	10578	-1
17	5733	1
38	5367	-1
43	21587	-1
43	25497	1
35	6059	1
49	25812	1
48	19532	1
43	12227	1
4	16825	-1
36	13955	-1
13	2928	1
48	28985	1
7	8560	1
29	23264	-1
13	13174	-1
5	13765	-1
0	14377	1
5	18691	-1
12	3412	1
17	18618	1
34	15137	-1
48	22299	1
13	21661	-1
37	27225	1
10	8931	1
31	15326	-1
11	2659	-1
43	30362	1
29	31047	-1
48	11393	1
38	18671	-1
46	30411	-1
16	19512	1
14	24426	-1
16	23516	-1
1	11187	1
27	18589	-1
47	6032	-1
39	20356	1
3	12006	-1
48	1556	1
46	17336	1
43	16545	1
7	5874	1
5	25737	1
46	1383	-1
2	22327	1
4	11193	1
10	1140	1
40	3864	1
4	16402	1
49	13670	1
26	22298	1
13	31043	1
41	29502	1
23	27008	1
12	20809	-1
13	1331	1
34	26109	1
46	1973	1
12	12467	-1
8	5943	1
42	27494	-1
13	22472	-1
32	8668	1
31	8121	1
43	28846	1
43	7926	1
28	8327	1
16	4909	-1
29	7043	-1
23	8942	1
43	3457	1
36	13266	-1
13	1486	1
46	2064	1
9	25069	1
17	7067	1
13	23559	-1
17	8414	-1
15	21576	-1
32	26740	1
19	14506	1
6	8892	1
38	3006	-1
35	14315	1
40	12853	-1
16	14274	-1
20	10042	-1
40	25471	1
28	16962	-1
9	19702	1
19	6567	-1
39	418	1
10	6389	1
6	4905	-1
2	11266	-1
41	8613	-1
21	26969	1
6	31013	-1
26	20299	1
13	16163	-1
0	24323	1
16	27556	-1
46	15826	1
32	1925	1
11	7056	-1
38	9366	1
46	8686	1
17	21822	1
11	7404	-1
35	7313	-1
23	17697	1
40	24280	1
6	20853	1
18	30042	1
48	1297	1
34	2922	1
43	12682	1
21	14776	-1
40	16697	1
0	28205	-1
8	26193	1
28	25565	-1
18	30978	-1
37	8464	-1
29	29750	1
8	12813	1
18	13787	-1
43	1083	1
31	7069	-1
25	6243	-1
43	23383	1
47	11332	-1
48	30542	1
25	10973	-1
35	30181	1
43	22243	1
34	13816	-1
44	20553	-1
6	15406	1
1	16739	1
23	19034	1
18	19005	1
30	26670	1
9	30324	-1
20	7119	-1
46	13610	1
7	8894	1
28	22430	1
16	7666	1
40	4944	1
13	445	1
48	25916	-1
39	26634	-1
45	28128	-1
13	26263	1
18	23921	1
21	4446	1
25	12799	1
48	10702	1
45	9536	-1
46	15858	1
16	8249	-1
44	2801	-1
43	5907	1
27	10112	-1
36	23374	1
6	1807	1
35	29700	1
35	18383	1
4	7124	1
31	1749	1
1	3116	1
4	7636	1
39	10985	1
6	3143	1
45	28472	1
13	14684	1
34	27047	1
45	10621	-1
9	10429	-1
43	27427	1
49	2626	-1
46	3394	1
33	25101	-1
33	9671	-1
14	20360	-1
43	4117	1
5	22247	-1
7	26494	1
13	15362	-1
37	5597	-1
47	10160	1
4	10578	1
34	13551	1
8	14791	1
45	26243	-1
33	5985	-1
5	17195	1
4	10566	1
18	12659	1
17	29915	1
34	26872	-1
35	12916	1
43	22962	1
28	20982	1
0	783	-1
29	16648	-1
17	14682	1
48	7458	1
40	29993	1
4	14619	-1
4	16386	1
45	14327	-1
13	7317	1
24	25151	-1
3	20231	-1
31	22576	-1
35	10392	-1
47	22306	1
4	7700	1
7	22309	1
7	21811	-1
4	17239	-1
36	26584	1
7	9066	-1
34	8151	-1
13	19871	1
45	4740	1
15	30522	-1
23	9476	1
30	4816	-1
48	8942	1
40	4418	1
2	17172	-1
5	2525	1
8	384	1
48	28541	1
48	13821	1
11	9028	-1
41	20492	-1
22	9168	-1
26	1479	-1
24	27374	-1
44	26771	-1
8	11039	1
46	18521	-1
49	6325	-1
5	27149	1
42	24603	-1
46	28950	-1
9	29617	-1
40	14491	-1
23	11937	-1
22	4268	-1
17	30873	-1
2	24564	-1
10	12034	-1
16	6655	-1
44	1910	-1
16	23197	-1
25	18173	-1
48	15774	1
49	16984	-1
49	26594	-1
16	9875	1
43	17391	1
10	13365	-1
33	7957	-1
43	1252	1
44	4974	-1
42	11032	1
8	16950	1
46	21179	1
43	9808	-1
9	16521	-1
40	6035	1
6	16668	-1
42	1485	1
8	29507	1
1	22820	-1
8	5758	-1
14	15096	-1
0	4920	1
36	28024	-1
13	5872	1
46	9662	1
11	2255	-1
5	7016	-1
24	240	-1
35	22147	1
16	20043	-1
23	1256	1
16	10444	1
43	308	-1
6	12619	1
31	13031	-1
46	23496	1
27	7201	1
16	18684	1
48	21684	-1
7	15008	-1
43	30120	1
37	4719	-1
46	12189	1
40	28301	-1
10	5551	1
0	13442	-1
49	28755	-1
46	28947	1
26	25850	-1
43	10451	1
16	31018	1
28	27152	-1
13	10365	1
40	27652	1
41	27631	1
17	8661	1
45	29355	1
30	13852	1
38	11735	-1
7	18565	-1
10	3605	1
4	1227	1
48	24415	1
21	7596	1
9	3407	-1
31	27257	-1
18	9250	-1
13	26107	-1
23	21212	-1
16	27112	-1
48	17100	1
8	1971	-1
29	12164	1
40	5831	1
46	7093	1
48	23077	1
8	13151	1
44	6644	1
16	5513	-1
36	4086	-1
28	5480	1
38	24512	-1
43	1357	-1
40	16418	1
11	18474	-1
13	23939	-1
49	2785	-1
4	26892	1
22	27067	-1
6	22022	1
31	21464	-1
26	19929	1
49	23367	1
11	2633	-1
32	6343	-1
34	5946	1
14	14568	-1
27	4447	-1
46	19435	1
3	29348	-1
19	24091	-1
0	14810	-1
44	20071	-1
19	13758	-1
49	1049	1
13	3995	1
38	6786	-1
10	7609	-1
33	30634	-1
4	14174	1
42	14198	1
22	22024	-1
21	4200	1
47	3956	-1
40	29402	-1
45	17844	-1
35	27712	1
11	28889	-1
49	2850	1
1	12051	1
47	26604	-1
41	26446	-1
0	20876	1
13	3291	1
27	19908	-1
43	9436	1
6	29480	1
46	19317	1
25	7441	1
17	15084	-1
24	30277	-1
8	15037	-1
12	30236	-1
14	25821	-1
13	14713	-1
46	29654	-1
36	20776	1
28	18433	-1
43	7956	1
13	17197	-1
37	1915	1
23	15007	-1
41	22558	-1
42	14504	1
40	1448	1
43	21422	1
41	15147	-1
6	1916	1
41	23979	1
30	21444	-1
27	13635	-1
5	4231	-1
10	5099	-1
6	4607	1
21	8444	-1
30	6918	-1
16	28738	1
41	13601	-1
20	14464	-1
7	8404	-1
38	18330	1
48	27736	-1
25	8541	-1
17	822	1
4	10675	1
7	8341	1
2	28684	-1
43	27307	-1
17	14313	1
35	16111	1
46	27453	1
28	29715	-1
26	14298	-1
37	22632	1
6	9158	1
33	14400	-1
40	6746	1
46	7233	1
5	18997	-1
6	28906	-1
13	792	1
16	12277	-1
7	22553	1
6	1741	-1
17	25312	1
16	20264	1
37	4290	1
21	15032	-1
46	14084	1
48	13382	-1
23	15279	-1
46	18816	1
42	30570	1
26	26595	-1
11	30090	-1
24	23113	-1
24	23965	-1
14	18091	1
9	4014	-1
30	5875	1
40	9896	1
42	20784	-1
6	21187	-1
36	26831	-1
19	6621	-1
32	8711	1
19	23927	-1
28	13367	1
28	30326	-1
48	10254	1
46	21097	1
25	26935	-1
13	19002	1
48	13208	1
3	19489	-1
20	23696	-1
21	9916	-1
46	15964	1
10	1182	1
9	29020	1
21	22275	-1
28	26278	1
3	26813	-1
46	14282	1
26	13224	1
8	9711	1
38	20023	-1
39	12812	-1
23	14298	1
35	5795	-1
24	26448	-1
46	18085	1
43	30687	1
40	9355	1
14	19696	1
34	20868	-1
30	5261	-1
16	18608	1
46	2406	1
21	10468	-1
1	4262	-1
40	23728	-1
48	25159	-1
5	5453	-1
4	16004	1
9	28583	-1
10	14159	1
38	18066	-1
30	21565	-1
4	17301	-1
6	23184	-1
42	22694	1
43	1844	1
43	20657	-1
28	29629	-1
24	8387	-1
19	26103	-1
43	4458	1
40	17680	1
35	20743	-1
48	14148	1
13	7663	-1
9	4539	1
36	9729	1
23	25814	1
7	24868	-1
45	27597	-1
8	7635	-1
25	1925	-1
28	30804	1
4	11338	-1
39	16104	-1
41	11718	-1
49	19906	1
7	30989	-1
14	5657	-1
25	2980	1
7	2066	1
13	6643	1
25	27264	-1
5	20515	-1
48	16721	1
46	17808	1
7	19809	1
46	27139	1
5	3003	-1
5	643	-1
32	1895	-1
49	4248	-1
41	9493	-1
12	29856	-1
1	6823	1
39	23936	-1
37	7395	-1
25	15298	-1
8	12787	1
25	19270	-1
48	28922	-1
18	30850	-1
43	7674	1
27	12113	-1
0	21074	1
23	2121	-1
5	19901	-1
22	3301	-1
0	18135	-1
47	18085	1
15	22051	1
8	30381	1
26	29443	-1
35	24351	1
21	23094	1
18	15818	-1
49	28774	-1
2	1521	-1
44	9427	-1
7	29944	1
40	16037	1
47	30929	-1
14	3653	1
17	30456	-1
8	24564	1
16	18275	1
27	11755	-1
35	9239	1
36	5411	1
46	6307	1
11	25360	-1
48	29801	1
24	14735	-1
30	26544	-1
30	12062	1
12	20057	-1
18	27431	1
46	12285	1
11	4314	-1
19	15344	-1
42	18511	1
31	10183	-1
33	11040	-1
11	13791	-1
4	18882	-1
48	4946	1
4	14829	1
44	7362	-1
6	22900	1
38	17006	-1
37	11817	-1
40	16464	1
18	14947	-1
40	6892	-1
45	25643	-1
6	14752	1
16	4928	-1
20	13810	1
23	9468	1
43	24174	-1
12	12701	-1
22	5190	-1
34	29398	-1
7	23562	1
45	16455	1
8	25767	1
25	27456	-1
21	10425	1
17	2665	-1
32	3234	-1
43	26809	1
23	14919	1
43	20351	1
5	30933	-1
16	21516	-1
44	163	-1
13	2645	1
35	28598	-1
1	5114	1
46	17904	1
1	10997	-1
44	26834	-1
7	13014	1
6	2809	1
17	8340	-1
1	20196	1
21	5583	1
47	28411	-1
48	11408	-1
46	5726	-1
32	22785	-1
24	22561	-1
15	10123	-1
37	6866	-1
38	7412	-1
43	19327	-1
32	22282	-1
48	27821	1
13	29033	-1
12	12388	-1
21	8814	1
1	12041	-1
48	4046	1
35	2634	-1
10	24149	1
37	18427	-1
28	16486	-1
43	5481	1
1	6919	-1
39	4624	1
2	11292	1
42	8744	-1
4	10769	1
14	11277	-1
26	24946	-1
46	12174	1
17	15309	-1
42	17457	-1
48	26008	1
34	7929	-1
20	2705	1
25	15277	-1
46	13204	1
4	20975	-1
38	19404	1
12	23107	-1
18	1201	-1
18	11251	1
28	10640	-1
1	29678	-1
8	14488	1
4	11346	1
48	10009	1
10	1505	1
7	26686	1
4	30871	1
33	10426	-1
25	25610	-1
8	29824	1
8	18898	1
37	7760	1
14	17451	-1
9	12666	-1
6	6402	-1
32	9427	-1
46	18242	1
27	2894	-1
16	5482	1
9	10252	-1
10	11959	-1
17	30461	1
44	18445	-1
1	10002	-1
35	30836	-1
33	4695	-1
35	11582	1
23	26953	-1
40	24286	1
8	26088	1
13	27515	1
35	21158	-1
9	6925	1
6	27298	1
41	23756	-1
13	4931	1
7	25503	1
49	13081	-1
46	14333	-1
39	1908	-1
8	4436	1
48	797	-1
5	22238	-1
41	17339	-1
17	26950	-1
16	13905	-1
37	2828	-1
9	28811	1
46	20863	1
6	5208	1
11	28581	-1
42	780	1
36	5585	-1
32	28728	-1
5	4349	1
4	17490	1
35	8333	1
48	5954	1
1	18992	1
46	14814	1
25	2007	-1
39	183	-1
37	11036	-1
43	12536	1
13	15517	1
14	12806	1
11	1375	-1
49	1825	1
40	25377	1
19	4507	-1
14	875	-1
20	3691	1
39	12906	-1
36	14918	-1
26	15281	-1
43	13112	-1
17	16203	-1
31	11966	-1
20	26140	-1
12	933	-1
1	18767	-1
48	20595	1
10	6510	1
13	6212	1
3	6282	-1
8	29500	1
16	12335	-1
8	12101	1
38	18808	1
37	12008	-1
6	26140	-1
46	25543	1
0	30136	-1
20	30307	1
32	8213	1
16	22825	-1
11	16760	-1
43	28987	1
5	14204	1
28	28892	-1
28	5450	1
20	27136	-1
35	20157	1
46	14103	1
42	21654	1
1	1019	-1
6	13860	1
27	8646	-1
6	22061	-1
28	18779	-1
16	8849	1
23	25656	1
14	9122	-1
6	23341	-1
23	24285	-1
43	25837	1
23	3340	-1
45	10652	-1
44	17400	-1
24	4438	-1
40	21264	-1
5	631	1
36	20809	1
7	24451	1
20	21585	-1
6	5306	1
28	5836	-1
13	28352	-1
25	5730	-1
16	19554	-1
29	24598	-1
26	1564	-1
43	20633	1
5	11507	1
5	12050	1
25	21108	1
13	17058	-1
40	23599	1
10	24330	1
17	8253	1
6	27818	1
32	18940	1
13	26851	1
38	22664	1
14	1396	-1
20	7841	-1
6	27447	1
16	30016	-1
12	25904	-1
48	21152	1
27	6349	-1
1	21988	-1
24	12753	-1
38	13865	1
27	28552	-1
7	16478	1
18	434	1
14	4866	1
42	11414	1
46	20800	-1
42	4243	-1
37	14377	1
30	8782	-1
14	4199	1
13	16342	1
40	29563	1
0	28288	1
46	3038	1
39	12686	1
6	27596	-1
1	25404	1
3	7358	-1
23	5738	-1
8	15813	-1
23	13133	-1
3	4775	-1
43	11351	-1
4	11293	1
36	30584	-1
27	3017	-1
27	28338	1
22	23472	-1
23	19729	-1
28	30490	-1
35	16066	1
13	4307	1
22	6069	-1
24	16984	-1
22	26576	-1
1	26111	-1
43	10094	1
20	30251	-1
22	24619	-1
43	14056	-1
47	9817	-1
18	321	-1
39	25271	-1
30	21889	-1
46	20137	1
42	2302	-1
18	26330	1
2	4190	-1
23	30559	1
17	1820	1
0	6058	1
30	7918	1
3	28412	-1
41	5689	-1
37	12032	1
30	26170	-1
43	29262	1
38	6332	-1
12	19238	-1
18	30622	1
26	1584	-1
5	24128	-1
5	26375	1
4	26267	-1
8	1735	-1
28	5188	-1
13	10717	1
5	2960	1
32	11054	-1
8	4821	-1
13	1542	1
33	26315	-1
48	16928	1
2	10320	-1
14	19615	-1
15	16698	-1
49	18838	-1
48	13466	1
48	27750	1
42	20499	1
2	10819	1
42	28144	1
43	17624	1
48	20139	1
18	4331	1
17	22817	-1
11	25660	-1
10	28910	1
39	4299	-1
26	12171	-1
21	1478	1
44	2378	-1
19	20742	-1
31	9665	-1
3	15667	-1
21	16237	-1
8	27364	1
4	175	-1
16	28111	1
9	16865	-1
36	3228	-1
35	25074	1
4	16848	1
43	13587	-1
3	5792	1
46	24604	1
6	21669	1
24	16937	-1
12	6785	-1
49	6330	1
13	29883	-1
21	8380	1
35	30224	1
8	8682	1
40	6036	1
13	25618	1
46	19060	-1
16	2612	1
20	15804	-1
25	12324	-1
39	3368	-1
13	5354	1
42	20938	1
5	10581	1
30	27886	-1
8	12358	1
46	28326	1
30	19034	1
13	3123	-1
5	17785	1
16	8836	1
24	23173	-1
32	10060	1
5	8333	1
33	25267	-1
49	434	1
6	18321	1
48	21968	1
48	16453	1
36	19798	1
42	30641	-1
48	1054	1
32	10443	1
44	4769	-1
17	852	1
32	3137	1
28	22797	-1
0	1675	1
40	30276	1
38	22604	-1
13	4334	1
38	25131	1
47	752	-1
25	30437	1
48	17861	1
8	5632	-1
25	17372	-1
12	24550	-1
19	10068	-1
36	17426	-1
18	8855	-1
46	30601	1
6	2774	-1
17	24118	1
8	13277	-1
47	7874	-1
25	7617	-1
38	918	-1
48	10357	1
9	17838	1
16	24180	-1
5	9380	-1
36	21906	-1
10	6319	1
42	8050	1
43	30950	1
26	14542	-1
19	1316	-1
21	18232	-1
46	3212	1
44	12946	-1
8	2092	1
16	25852	1
5	13688	-1
16	50	-1
31	27220	-1
30	8512	-1
42	1192	1
40	14678	1
32	28750	1
45	19590	-1
13	4268	1
46	12690	1
9	5358	-1
5	16480	-1
26	3764	1
38	18684	1
2	24831	-1
42	22321	1
17	11498	-1
16	28344	1
40	24849	-1
27	20804	1
42	13894	1
31	30433	-1
48	22606	1
30	14367	-1
32	4976	-1
0	29915	1
4	13521	-1
34	13970	-1
43	220	1
44	29355	1
12	23004	1
29	14245	-1
3	1490	-1
43	16843	1
44	2860	-1
4	30707	-1
20	23354	-1
44	6307	1
20	26360	-1
5	25388	1
4	29191	1
49	3917	-1
28	1956	1
48	26249	1
6	1949	1
33	14695	-1
5	4744	1
5	4417	-1
6	4185	-1
7	25424	-1
2	14848	-1
3	2105	-1
37	26785	1
16	9747	-1
20	18589	-1
35	1097	-1
42	8644	-1
6	14132	1
24	20388	-1
26	30165	1
27	22918	-1
45	28648	-1
29	21347	-1
8	6004	-1
42	30037	1
20	22335	-1
13	4818	1
21	12275	-1
40	28255	1
28	30729	-1
8	20117	1
39	16852	1
0	3672	-1
49	19046	-1
42	8421	1
4	23523	1
47	26666	-1
46	4371	1
44	24315	-1
0	746	1
7	21736	-1
23	4150	-1
16	12236	-1
10	24285	-1
31	6947	-1
12	22229	-1
46	23607	1
30	5260	-1
16	28564	-1
21	29408	-1
40	26149	1
16	12878	1
15	18891	1
34	13083	1
49	17087	-1
10	30607	1
48	24585	1
37	3474	-1
23	19529	1
14	22529	-1
30	2199	1
43	1704	-1
39	8086	-1
25	11053	1
33	26685	-1
45	31063	-1
43	29677	-1
35	26707	-1
28	12136	1
38	3111	1
47	7087	-1
1	13381	-1
14	30549	-1
10	26039	-1
39	19480	1
15	10884	-1
37	7336	1
43	3629	1
9	29232	-1
47	24201	-1
19	27472	-1
4	10953	1
3	6033	-1
40	30831	1
32	30328	-1
2	25110	-1
1	15436	1
48	20885	1
30	20533	-1
47	4315	-1
6	9414	-1
35	27967	-1
6	6704	-1
49	19232	1
43	4399	1
6	18965	1
13	9737	1
30	3589	-1
13	2082	-1
2	2603	-1
19	496	-1
1	7314	1
29	15770	-1
4	22071	1
27	20892	-1
16	22515	1
1	6046	-1
2	9625	1
23	9550	-1
47	11322	-1
11	15472	-1
33	18613	-1
35	9360	-1
23	29790	1
8	21261	1
41	20911	-1
46	5656	-1
21	26025	-1
13	25400	1
44	2788	1
6	5158	1
46	27505	1
12	18774	1
36	3680	-1
45	21449	-1
18	27124	-1
0	1868	1
26	3399	-1
16	30753	-1
6	17441	1
48	10362	-1
13	11450	1
35	18800	1
5	7797	1
39	18350	-1
21	18259	-1
2	9263	1
22	3396	-1
38	20354	1
49	3328	1
20	7061	-1
30	15797	-1
29	21137	-1
4	6793	1
39	18178	1
23	16575	1
1	9645	1
7	4552	1
46	11640	1
40	25624	1
37	15613	1
7	24701	-1
20	18788	-1
4	24766	1
46	19289	1
4	20047	-1
46	22747	1
4	24198	1
7	16390	-1
45	16559	1
28	9743	-1
10	27701	-1
43	24263	1
48	9497	1
23	19046	-1
40	5710	1
13	6137	1
8	1468	1
44	28019	1
13	7535	1
13	24439	1
48	14394	-1
40	15147	1
46	30393	1
16	4290	-1
3	23804	-1
6	26631	-1
4	28658	1
15	13045	1
11	18208	-1
27	6704	-1
32	5310	-1
46	10546	1
43	14663	1
40	9692	-1
30	9262	1
23	10395	-1
36	3772	1
29	315	-1
43	31002	1
0	910	-1
9	12226	-1
26	15826	1
45	12663	1
9	2081	1
4	10998	1
21	29318	-1
23	30322	-1
48	27851	-1
49	1847	-1
8	8631	1
13	28395	1
44	18191	1
10	65	1
43	2714	1
0	30186	-1
14	20699	-1
43	768	1
19	19045	-1
5	8339	-1
25	10368	-1
28	21448	1
17	6641	1
22	647	-1
49	3680	-1
47	4049	-1
8	24004	1
22	16846	-1
13	15032	-1
37	23763	-1
33	2603	-1
17	15955	1
48	4116	1
43	20607	1
41	31012	-1
41	24321	-1
24	14617	-1
18	12801	1
2	371	-1
43	18747	1
46	5597	1
41	29992	-1
30	873	-1
10	24307	-1
2	11742	-1
8	1816	1
13	18585	1
40	30026	1
0	26155	1
0	6328	1
13	14852	-1
28	26442	-1
10	1284	-1
48	30817	1
11	10449	-1
20	6209	-1
46	14444	1
9	2781	-1
4	23604	1
34	31075	-1
27	21082	-1
4	10683	1
8	9159	1
32	20052	-1
13	24876	1
4	4168	1
36	29511	-1
34	14933	-1
39	12763	-1
26	29468	-1
4	613	1
44	3603	1
18	22512	1
1	16246	1
8	4802	1
42	5421	1
27	13656	-1
9	2423	-1
1	28270	-1
9	20621	1
17	30288	1
48	16430	-1
12	24428	1
26	6187	-1
23	21091	1
39	14905	-1
6	2401	1
38	17235	-1
23	11012	1
1	19134	1
43	1006	1
13	6054	1
23	2482	1
46	20941	1
39	8009	-1
8	15090	1
46	11549	1
33	19314	-1
28	24357	-1
24	1833	-1
0	20127	-1
46	23312	1
45	25952	-1
42	11882	-1
46	20118	1
49	20215	-1
23	20641	1
18	6823	1
7	4236	1
33	26463	-1
19	233	-1
43	24776	-1
31	12447	1
42	20315	1
30	9370	1
14	10895	-1
40	2730	1
7	24678	1
18	11339	1
37	25185	-1
6	21498	-1
33	1992	-1
24	1609	-1
17	12442	-1
8	27478	-1
1	5305	1
42	5880	1
29	25367	-1
43	15942	1
47	4415	-1
42	17390	1
0	30310	-1
29	1245	1
22	4977	1
18	15365	1
16	30134	1
23	3764	-1
27	18198	1
40	19016	-1
48	11181	1
28	20992	-1
21	8915	-1
47	28702	-1
8	30103	1
6	11077	1
46	1506	1
39	18368	1
0	21437	-1
44	28325	-1
13	23829	1
5	8295	1
38	31051	1
10	215	-1
5	8419	1
46	30075	1
43	28855	1
21	22876	-1
11	18625	-1
42	9915	1
4	14728	-1
23	7299	-1
13	29321	1
40	25253	1
13	7186	1
16	22221	-1
5	23873	-1
0	19978	-1
8	21865	1
8	19541	1
46	30235	1
35	23282	-1
4	20712	1
17	956	1
6	26454	1
46	1301	1
20	29597	-1
21	25079	1
46	13563	1
11	9146	-1
48	30140	1
40	12239	1
28	14166	1
36	16325	-1
46	22411	1
35	30342	1
48	24254	1
47	21492	1
18	17481	1
42	5275	1
37	1600	-1
18	20014	1
35	23978	-1
4	3576	1
30	1926	-1
25	9613	-1
35	23042	-1
48	1141	1
13	9719	1
30	9757	1
44	3804	1
16	15606	1
16	24790	-1
28	27952	-1
16	13275	1
15	6394	-1
7	22201	1
48	18599	1
18	26274	-1
32	25792	-1
43	22422	1
1	28277	1
22	16557	-1
48	10419	1
14	23088	1
16	13370	-1
47	30007	-1
13	18350	1
17	20836	1
13	18211	1
46	23170	1
35	2876	-1
42	15200	-1
2	25119	-1
35	21846	1
14	3758	-1
42	3959	-1
16	24745	-1
4	20606	1
4	20335	1
6	9883	1
10	18576	1
12	25534	-1
43	12583	1
41	7374	-1
43	3420	1
37	30185	1
1	2100	1
14	26257	1
46	5064	1
8	19466	1
27	1189	-1
10	1424	1
8	3953	1
33	436	-1
34	14973	-1
28	25238	1
44	25175	-1
21	21526	1
37	23824	1
43	13380	1
49	9069	-1
20	10840	1
46	8571	-1
15	14159	1
20	29689	1
21	7806	-1
15	28126	1
13	11962	-1
17	22183	1
13	26563	1
47	9413	-1
11	21175	-1
1	29633	1
10	8316	1
8	6030	1
40	30047	1
4	29442	1
41	6396	-1
48	15667	1
42	16301	1
4	6386	1
19	28485	-1
34	19697	-1
40	12445	1
47	17486	1
35	1701	-1
7	11030	-1
43	6530	1
2	26900	-1
35	23394	1
41	14967	-1
21	26030	-1
18	11793	-1
44	21305	1
1	15868	1
17	24053	-1
48	30812	1
28	28155	1
3	28846	-1
32	13378	-1
29	22106	1
33	26082	-1
26	6636	1
37	10917	1
0	23520	-1
0	2722	-1
3	25772	-1
43	28752	1
22	27790	-1
40	21355	1
8	8130	1
20	7375	-1
8	28803	-1
18	968	-1
31	22553	-1
43	23441	-1
21	28340	-1
44	3260	1
11	25115	-1
13	20040	1
38	3007	-1
4	16205	-1
31	12707	-1
10	6917	1
0	22269	-1
49	19065	-1
40	15911	1
1	17136	1
45	11730	-1
43	24076	1
14	28761	-1
38	11580	-1
44	23134	-1
13	25757	1
34	15046	1
40	11891	-1
39	25672	1
21	5260	-1
48	9122	1
5	25286	1
5	30222	-1
48	7217	1
4	14527	-1
37	15300	1
35	24141	-1
38	15536	-1
15	25013	-1
48	23415	-1
48	19006	1
0	3748	-1
45	12973	-1
33	1539	-1
27	20702	-1
30	1596	-1
11	3836	-1
24	13965	-1
22	12101	-1
44	11933	1
8	28887	1
16	27877	-1
40	1972	1
31	13751	-1
7	24852	-1
16	12474	-1
0	5955	1
28	15396	-1
11	17791	-1
4	29881	1
8	10884	1
23	28206	-1
48	25734	1
41	14033	-1
21	17974	1
46	21385	1
43	6136	1
35	30909	1
30	5178	-1
14	7574	-1
22	23704	-1
40	8888	1
17	11115	-1
23	2899	-1
46	16838	1
35	8282	1
35	7226	1
44	12567	1
42	27468	1
45	26638	1
22	4752	-1
11	3473	-1
1	20147	-1
26	28980	-1
8	19847	1
21	20960	-1
40	24747	-1
16	30921	-1
18	12008	-1
37	17803	1
44	26230	-1
25	2967	-1
46	3836	-1
8	3525	-1
5	26411	1
13	27648	1
46	25861	1
39	20374	-1
48	4947	1
35	10486	-1
40	11344	1
8	26338	1
4	8629	-1
26	20422	1
8	20786	1
34	3646	-1
1	8248	1
46	7344	1
28	15242	1
23	22722	-1
46	17256	1
18	16455	-1
36	30346	1
40	23101	1
23	9691	1
34	5001	-1
8	13774	-1
42	8302	1
38	16794	-1
40	12955	1
13	11725	1
43	2418	-1
44	15130	1
4	7195	1
6	21864	1
8	11123	1
43	10229	1
6	19036	1
39	30873	-1
43	6675	1
27	14155	-1
49	947	1
22	8524	-1
16	5122	1
42	8053	1
45	2178	-1
17	21156	1
17	9141	-1
29	30904	-1
43	1775	-1
23	17103	-1
23	30784	-1
28	27307	1
5	30321	1
48	4538	1
8	9784	-1
44	29087	1
4	3717	-1
46	23144	-1
47	6178	-1
46	19462	1
4	24484	1
42	29358	1
46	7050	1
9	25223	-1
28	15934	-1
29	12188	-1
16	18508	-1
46	11261	-1
3	29817	-1
29	7205	1
18	1464	-1
48	24085	1
23	15031	-1
48	28269	1
27	14309	-1
31	9576	-1
13	9076	1
17	28726	1
1	2363	-1
20	3791	-1
46	16862	1
49	729	1
40	3372	1
9	13817	-1
31	19168	-1
23	18754	1
44	1145	1
32	29593	1
8	9241	1
42	8953	-1
48	4501	1
27	13856	1
10	5593	-1
17	26837	1
8	6039	1
43	28160	1
42	15095	-1
25	30100	-1
10	30881	1
43	15440	1
2	7187	-1
20	13929	-1
36	29921	-1
28	748	1
4	20937	1
31	19460	-1
48	22994	1
21	23309	1
19	21190	-1
46	13543	1
8	6104	1
35	21613	1
29	19733	-1
49	15999	-1
26	4508	-1
38	6341	-1
13	1524	1
20	13961	-1
38	3688	-1
38	7095	1
17	15090	-1
44	28267	-1
26	17861	-1
23	27742	-1
22	2060	-1
19	27137	1
20	16033	-1
19	2376	-1
35	6865	-1
23	11713	1
36	4757	1
43	14465	1
32	25477	-1
39	29340	-1
9	9525	-1
43	27060	-1
33	30524	-1
44	2099	-1
46	5216	1
32	12438	-1
39	10068	1
15	21771	1
7	24211	-1
8	27304	1
8	10066	1
11	13232	-1
17	17934	1
35	27871	-1
2	14977	-1
9	23466	-1
9	10398	-1
25	24039	-1
3	25803	1
44	25502	1
39	15348	1
2	21380	-1
9	10055	1
10	4692	-1
35	17892	1
4	3553	1
46	3889	-1
26	30424	-1
1	6956	-1
32	23311	-1
14	18860	-1
35	4513	1
46	28423	1
19	23693	-1
14	4705	-1
3	17409	-1
5	22679	1
26	17992	-1
6	24494	-1
15	28626	-1
44	30332	-1
37	3635	1
20	7449	1
12	1514	-1
48	4916	1
48	12470	-1
25	2479	-1
32	9442	1
0	12336	-1
13	30591	1
4	28507	1
31	8189	1
49	22702	-1
40	19802	1
28	14452	-1
25	9742	-1
2	19665	-1
42	25756	1
25	25187	-1
10	23479	1
5	1205	1
40	11054	1
20	15372	1
39	2266	1
8	8786	1
46	25489	1
42	26340	1
21	7655	-1
36	11079	-1
8	19495	1
43	16985	-1
29	6253	1
7	28210	-1
17	5098	-1
48	8138	1
30	25818	-1
12	6473	-1
20	19965	-1
4	26901	1
0	15222	-1
10	23567	1
10	8970	-1
12	22840	-1
19	10033	-1
10	27689	-1
32	17205	-1
28	20679	-1
8	5426	-1
33	737	-1
5	1813	-1
6	1632	1
0	19969	-1
39	28061	1
4	17369	-1
9	533	-1
36	140	-1
48	16743	1
28	26772	1
17	5374	-1
13	11578	1
6	9654	-1
17	16374	1
10	30012	1
30	19926	1
47	1725	-1
38	30970	1
4	19812	-1
0	28218	1
40	2399	1
12	2487	-1
4	23014	1
13	12454	-1
47	14648	-1
43	21337	-1
21	5563	-1
48	24170	1
9	9498	-1
17	26271	1
8	17293	1
36	22451	-1
32	2388	1
30	6452	-1
16	5302	-1
0	19506	1
10	25979	-1
12	26615	-1
46	18751	1
48	26149	1
13	23690	1
44	20367	-1
6	11749	1
47	10848	-1
43	22370	-1
41	10478	-1
43	27542	1
48	13963	1
40	4618	-1
32	25974	-1
40	3187	1
49	5965	1
48	6770	1
30	14103	-1
18	15109	1
19	6308	-1
13	289	-1
48	10999	1
40	29130	-1
45	25403	1
43	24530	-1
43	11038	1
24	30828	-1
9	27414	-1
48	24465	-1
13	21825	-1
46	28810	1
13	11221	1
20	20255	1
13	2159	-1
47	26712	1
21	21153	-1
25	25316	-1
40	1800	-1
4	2898	1
32	24522	1
5	2049	-1
43	27128	1
6	16579	-1
31	19399	-1
13	2912	1
6	4484	-1
14	30192	1
10	23402	-1
20	8883	1
23	22045	-1
6	14637	1
28	25599	1
42	24444	1
23	6471	1
24	5820	-1
7	22550	-1
46	9133	1
43	25020	1
23	24911	-1
2	9322	-1
47	7593	-1
9	9341	1
25	19985	-1
48	18075	1
16	7071	1
1	27414	1
2	11258	-1
24	15588	-1
5	1285	1
14	20279	1
13	3048	1
48	22190	-1
6	23533	1
9	22432	-1
21	28840	1
36	3160	1
45	15181	-1
17	16347	1
4	27551	-1
28	23595	1
0	14070	1
18	30999	1
25	357	-1
49	10467	-1
8	23341	-1
0	2860	1
26	3849	-1
5	19523	-1
15	27211	-1
46	21225	-1
8	25384	1
8	16034	-1
20	7396	-1
48	23200	1
20	13119	-1
5	26117	-1
46	29922	-1
48	25403	1
6	865	1
30	29021	-1
44	11073	-1
33	7404	-1
8	12603	1
28	27290	1
25	14671	1
40	1915	1
40	30153	1
46	24586	1
26	16562	1
32	25060	-1
15	3550	1
19	16911	-1
46	17921	1
40	28773	1
4	29940	-1
12	28074	-1
0	23834	-1
20	27399	-1
44	2757	-1
5	1959	1
13	29152	1
0	19945	-1
23	26160	-1
11	12039	-1
46	9355	1
25	28442	-1
12	20978	-1
37	19580	-1
4	3061	-1
5	5468	1
35	8942	-1
8	1946	-1
9	371	-1
13	8760	1
21	11333	-1
48	26797	1
17	12321	-1
48	9047	-1
23	19657	1
24	12658	-1
19	2000	-1
48	26661	1
0	23127	1
14	25100	-1
26	20706	-1
8	8138	1
8	22746	1
36	29622	-1
13	14662	-1
15	25856	1
1	28358	1
40	29243	1
31	19130	-1
4	21858	-1
46	3540	1
37	168	-1
19	13924	-1
48	18011	-1
35	10025	-1
40	1393	-1
17	329	1
48	1441	1
8	17537	1
30	2238	1
9	14170	1
8	6693	1
21	12019	1
26	1648	-1
1	21234	-1
1	17574	1
25	20352	-1
13	22995	1
41	29285	1
27	23524	-1
28	29223	1
44	15046	1
25	28413	-1
1	22675	1
9	20005	1
4	9201	1
23	3678	1
42	22150	-1
45	13896	-1
3	25646	-1
33	16921	-1
42	4461	1
42	15900	1
0	5672	-1
7	8066	-1
6	1472	1
3	27873	-1
43	24255	-1
35	17878	-1
46	11446	1
23	25176	-1
44	20483	-1
21	18035	1
14	15973	-1
46	30100	1
45	12412	1
43	24888	1
10	15714	1
16	21469	1
16	9347	1
7	10918	-1
25	28365	-1
28	905	1
10	8972	-1
43	25940	1
45	27023	-1
6	6909	1
38	7769	-1
42	9950	-1
32	26162	-1
20	17749	-1
18	9408	1
48	13832	-1
34	14144	-1
46	2151	1
30	26520	1
35	16863	-1
6	29372	1
2	7822	-1
49	12495	-1
23	21750	-1
19	5036	-1
30	10493	-1
46	10570	1
4	23101	1
4	27716	-1
23	1718	1
5	7476	-1
48	17115	1
18	10410	1
18	25327	-1
29	22415	-1
5	22846	1
41	10871	-1
10	28519	1
14	9634	-1
28	1416	-1
12	28531	1
4	15786	1
46	20993	1
12	21815	-1
36	6145	1
42	30391	1
1	20783	-1
15	2488	-1
13	29088	1
10	14497	1
21	24647	-1
23	13917	1
13	19842	1
48	2710	1
28	11233	-1
48	25180	1
17	29019	1
39	15012	-1
30	29872	1
43	9536	1
31	25699	-1
25	7067	-1
7	17885	1
43	20057	1
43	8313	1
4	19176	1
32	9850	-1
36	24513	1
48	21241	1
23	4652	-1
6	16982	1
11	16411	-1
27	27814	-1
28	2224	1
46	4742	-1
40	22341	1
48	17790	-1
40	14909	1
32	18499	-1
16	28918	-1
35	22994	1
39	18528	-1
5	18862	1
10	2971	-1
18	14650	1
9	25229	-1
8	10737	1
33	2755	-1
10	13684	1
44	5153	1
8	19960	-1
5	17009	-1
44	28264	1
31	12585	-1
42	5289	-1
36	7072	1
21	24045	-1
12	2084	1
48	22210	-1
7	28749	-1
48	5051	1
43	5539	1
16	10307	-1
16	29710	-1
8	1178	1
11	838	-1
45	876	-1
40	19361	1
7	12999	1
43	24562	1
4	3890	1
26	6337	-1
10	25105	1
15	10815	1
48	24357	1
25	24641	-1
37	22276	1
0	29050	-1
18	19439	-1
27	1867	-1
5	4172	1
23	30028	-1
48	6625	1
43	4675	1
34	27262	-1
17	3987	1
6	15805	1
39	7745	1
1	29634	-1
47	16164	-1
33	18471	-1
1	22539	-1
40	23242	1
4	17850	1
42	12244	1
8	11740	1
34	23965	-1
4	10570	1
47	15883	-1
0	29895	1
31	7658	-1
8	15355	-1
4	660	-1
13	23647	1
16	9549	1
35	25228	1
28	2680	1
17	20889	1
28	15869	-1
23	29288	1
18	3413	-1
46	17489	1
12	12718	-1
9	23444	1
49	25936	1
40	19253	-1
8	5452	1
1	13967	1
35	4780	-1
28	19581	-1
1	22676	1
10	26452	1
14	21950	-1
20	6534	-1
27	7284	-1
48	16679	-1
46	3261	-1
5	1302	1
6	2084	1
0	4722	-1
4	30417	1
15	25433	-1
47	14060	-1
34	15678	-1
48	1412	1
19	18435	-1
42	19171	-1
35	12140	-1
42	17743	-1
47	5700	-1
8	25163	1
16	17300	-1
13	6142	1
8	5951	-1
46	8841	1
20	24053	1
28	26671	-1
23	18469	1
42	2043	-1
33	29787	-1
28	27735	-1
39	18080	1
46	23491	1
0	14622	1
45	21739	-1
4	29487	1
28	27955	-1
49	12824	1
4	16324	1
46	15770	1
4	15647	-1
13	14160	1
5	6775	-1
42	23384	1
48	11358	-1
40	17233	1
43	31074	-1
41	4000	-1
32	25802	-1
6	24004	-1
46	3101	-1
0	25404	1
8	28516	1
13	24916	-1
10	8225	1
43	30938	1
35	12624	-1
23	15805	-1
49	29164	1
11	6145	-1
42	22073	1
4	11882	1
48	13168	1
16	6545	1
37	23585	-1
8	22955	1
20	27771	1
34	23411	1
23	397	-1
37	4691	-1
38	2472	-1
29	13211	-1
44	13496	1
43	24796	1
4	7795	1
21	14558	1
8	1319	1
17	20981	1
21	21650	-1
6	26115	1
40	760	1
45	25794	1
7	18658	-1
27	25676	-1
22	10462	-1
18	27821	1
32	10546	-1
13	7414	1
43	17563	1
37	11652	-1
25	28401	-1
49	25081	1
6	10165	1
8	27610	-1
22	26718	-1
3	16098	-1
19	24444	-1
17	21794	1
4	3685	-1
3	2690	-1
20	16387	1
47	18499	-1
6	17141	-1
42	2545	1
28	25719	1
40	6751	1
8	5228	1
45	8026	-1
35	19255	1
8	12631	1
39	5931	-1
45	1643	1
9	1080	-1
10	20003	-1
46	6486	-1
12	26067	-1
49	19731	1
46	29605	1
6	31014	-1
44	14311	1
23	506	1
3	10001	-1
37	22158	1
25	30898	-1
43	28064	1
3	7092	-1
48	15841	1
23	27880	1
10	20543	1
43	27640	1
43	15284	1
6	19373	1
44	3277	-1
8	10060	1
36	1719	-1
25	8402	-1
42	3390	1
22	1167	-1
42	23993	1
4	30847	1
44	11083	1
16	901	1
12	1094	-1
13	14656	1
43	8380	1
48	3804	1
30	26147	-1
0	1469	-1
9	20517	1
45	19867	1
43	5384	1
18	6779	1
2	19992	1
26	14591	-1
45	21875	-1
18	427	1
4	6662	1
28	7061	1
26	23450	-1
6	3525	1
37	9958	-1
36	8088	1
9	6777	1
9	18074	-1
8	4510	1
17	29226	1
37	24809	-1
48	13131	-1
5	22666	1
6	28324	1
1	19014	-1
40	3701	1
7	8193	-1
43	3364	-1
40	4402	-1
0	11579	1
7	20712	-1
28	16914	1
21	4660	1
3	7202	-1
25	12831	-1
5	24960	-1
4	22459	-1
32	10630	1
48	2264	1
7	9073	1
41	12307	-1
7	28515	1
42	30616	1
8	16158	1
2	13502	-1
6	4192	-1
5	24893	1
16	13700	1
16	4156	-1
36	13463	-1
40	20758	1
16	18643	1
30	7474	1
33	13537	-1
37	17388	-1
34	30888	-1
43	19404	1
11	12102	-1
37	29848	-1
41	26964	-1
30	3820	-1
44	13712	-1
16	28708	1
9	12262	-1
42	29645	1
32	9054	-1
37	10354	1
8	24086	1
31	3572	-1
36	348	1
40	6520	-1
8	17269	1
40	14837	-1
5	14111	1
37	10668	-1
12	11207	-1
8	26092	1
6	18906	1
39	5227	1
34	21755	1
38	16724	-1
42	3090	1
6	16014	1
49	6387	-1
8	21567	-1
40	30836	1
18	18990	1
24	27505	-1
28	7313	-1
43	27195	-1
16	16032	1
31	16881	-1
4	19908	1
43	11961	-1
32	11752	-1
6	6473	1
38	18323	1
49	28216	-1
4	1873	1
25	24765	-1
22	12232	-1
5	28526	1
32	30585	-1
10	17650	1
45	28132	1
8	29676	1
0	28915	1
38	26715	1
17	223	-1
40	19540	1
47	15218	1
0	12667	1
48	5182	1
29	14371	1
42	22413	-1
16	25706	-1
31	15787	1
38	11798	1
18	9667	1
4	2893	1
19	10745	-1
38	17960	1
39	3306	1
21	29097	-1
13	21417	1
40	19076	-1
18	6952	-1
10	8586	1
20	17483	-1
2	22819	-1
40	16093	1
15	29747	-1
1	12208	-1
3	1639	-1
46	368	-1
13	16503	1
15	20931	-1
34	25812	1
23	6092	1
8	29598	-1
46	15316	1
32	14679	1
0	21596	-1
4	13337	1
13	9414	1
26	19867	-1
24	9170	-1
40	2053	1
48	19414	-1
16	20852	1
18	15270	1
16	26343	1
32	6708	-1
48	5598	1
38	8417	-1
41	4870	-1
45	10871	-1
14	16059	-1
47	22319	1
10	24949	-1
9	21606	-1
5	2659	-1
35	26022	1
10	23354	-1
48	13482	-1
0	1200	1
29	13182	-1
36	21531	-1
42	3238	-1
10	10807	1
29	6129	-1
48	19534	1
5	30244	1
38	12550	-1
42	24832	1
4	13403	1
7	8068	-1
40	16825	1
1	23944	-1
26	23188	-1
36	11086	1
43	9473	1
12	27861	-1
4	1120	-1
8	1109	1
21	7406	1
33	4887	-1
1	31060	1
37	30347	-1
4	15365	1
36	19248	1
7	21008	1
48	3412	-1
11	5048	-1
42	9917	-1
8	3350	1
38	25826	-1
20	5156	-1
7	11924	-1
43	3241	1
41	13247	1
43	18283	1
42	2116	-1
42	1797	1
8	396	1
43	23846	1
23	25388	1
13	9383	1
29	69	1
32	18881	1
13	16472	-1
47	22176	-1
5	26424	-1
35	25302	1
49	27260	-1
43	2977	1
4	2246	1
33	882	-1
47	22352	-1
34	17087	1
15	4267	-1
29	14590	1
40	855	1
13	10105	1
48	14328	1
16	17139	-1
7	14078	1
25	29377	-1
21	6328	1
30	16042	-1
31	8774	1
21	16964	-1
21	433	-1
46	3518	1
13	23963	1
29	18646	1
35	2582	1
6	16738	1
15	28283	-1
48	24472	1
20	22231	-1
39	13269	1
48	17171	1
10	12675	1
43	1548	1
23	14530	-1
9	21428	1
8	15948	-1
43	24875	1
29	29755	-1
43	11327	1
23	9748	-1
45	29338	1
35	29128	-1
5	22950	1
13	27830	1
31	3801	-1
6	4760	1
48	30358	-1
29	3215	-1
5	27592	-1
48	973	1
48	15030	1
4	14692	1
41	23847	-1
40	29898	-1
39	9474	1
5	16715	-1
26	27829	1
17	4553	-1
47	14246	1
30	9885	1
10	12999	-1
19	11833	-1
39	26902	1
42	11884	1
24	18059	-1
35	3310	-1
40	23777	-1
17	1643	-1
10	2984	1
32	18368	-1
31	10187	-1
2	27901	-1
18	27022	1
6	8817	1
43	15077	1
9	11223	1
16	21464	-1
27	30897	-1
47	18329	1
8	23203	1
8	20323	-1
29	22340	-1
46	21489	1
37	25260	-1
13	16652	1
48	10782	-1
15	24399	1
23	22256	1
25	13175	-1
0	29540	-1
28	2122	-1
19	12643	-1
10	5010	-1
36	28640	1
47	30138	-1
48	4533	1
5	30443	1
4	16222	1
1	16030	-1
39	22506	-1
44	7050	1
44	12086	-1
9	30766	1
16	13034	1
28	8479	1
37	19511	1
3	8624	-1
26	19846	-1
8	12028	1
31	25529	1
43	10648	1
5	5106	1
43	4189	1
28	23714	1
41	16378	1
30	19485	-1
24	20571	-1
3	16920	-1
33	20663	-1
37	11460	-1
8	16026	1
16	3012	-1
48	9038	1
34	30496	-1
43	6311	1
4	5334	-1
40	22577	1
28	13971	-1
12	11573	1
7	29324	-1
32	1149	-1
36	22265	1
46	22626	1
2	17152	-1
8	26039	1
37	1392	-1
32	22805	-1
28	20222	-1
48	14483	1
4	19211	1
37	15119	-1
30	20687	1
42	16354	1
26	29815	-1
13	28636	1
6	29406	1
4	19216	1
25	16661	-1
2	29568	-1
14	24068	1
16	13115	-1
7	20872	-1
8	5025	1
42	6361	1
4	23713	1
47	17800	-1
43	26183	-1
4	11117	1
41	25131	-1
45	16736	-1
6	10292	1
5	25009	-1
28	14733	1
46	26701	1
13	25608	1
43	19640	1
31	15527	-1
14	7453	-1
19	10419	-1
20	28949	-1
7	8812	1
2	21762	1
7	25181	1
36	24492	1
42	17477	1
32	12630	-1
9	20177	1
42	4944	1
8	22996	-1
19	2261	-1
43	24678	-1
7	13312	1
13	20107	-1
8	24620	1
43	23451	1
7	27859	1
5	18408	1
43	8360	1
36	21444	-1
9	5553	-1
46	16737	-1
25	13054	1
40	29679	1
39	1573	-1
34	11928	-1
13	13141	-1
13	17623	1
32	5363	-1
46	30542	1
1	16188	1
23	8610	-1
13	3593	1
6	3868	-1
4	24430	1
17	9227	1
36	9107	1
22	20229	-1
4	20526	-1
5	25405	1
28	15810	1
40	14767	-1
25	26929	1
47	26632	-1
1	6413	1
41	22736	1
42	16571	-1
31	20561	1
34	13107	-1
21	23423	-1
23	30578	-1
47	13398	-1
24	6906	-1
37	4908	-1
20	17745	-1
28	4380	1
23	14972	-1
34	13007	-1
42	7542	1
8	11135	-1
3	11643	-1
18	25089	-1
20	7719	-1
16	8017	1
26	2600	-1
38	5142	-1
25	12559	-1
16	24169	1
43	9477	1
23	26417	1
18	820	1
35	3585	1
8	26780	1
47	16611	-1
25	17571	1
3	20815	-1
32	5028	1
46	26079	1
16	8386	-1
46	8603	1
11	5934	-1
6	22259	1
15	7618	-1
5	11766	1
9	27702	-1
36	15549	1
41	24673	1
4	7714	1
22	9180	-1
23	2912	-1
7	19596	-1
4	18196	-1
46	8414	1
28	19897	-1
8	24780	1
20	27840	1
8	1947	1
48	19701	1
49	2601	1
45	6573	1
19	6515	-1
43	3370	1
40	26734	-1
13	22543	1
36	28141	-1
10	26086	-1
26	26113	1
33	17576	-1
40	19740	1
4	20907	1
17	17460	1
6	265	1
29	27209	-1
42	27954	-1
8	10100	1
20	13584	-1
8	419	1
1	19979	-1
49	8789	-1
26	23007	-1
16	18792	1
48	461	1
4	24641	1
8	27710	1
9	15816	1
7	9556	1
40	138	1
30	7334	1
38	11508	1
39	17267	-1
14	10613	-1
10	21087	-1
19	3554	-1
8	15228	1
33	8741	-1
17	19791	1
27	23345	-1
17	29843	-1
28	19641	-1
6	10773	-1
39	24446	-1
45	26876	-1
39	20117	-1
33	21997	-1
48	1913	1
25	12723	-1
44	3434	1
47	20166	1
18	22459	-1
35	11690	-1
14	21998	1
35	25224	1
5	27712	1
40	29445	-1
48	22258	1
5	6031	-1
26	30483	1
43	2769	1
41	30701	-1
41	28095	1
16	4781	1
11	9290	-1
7	30960	1
40	18667	-1
16	2174	-1
31	24469	1
7	28570	-1
44	14806	1
25	4653	1
8	19493	1
14	521	-1
40	11661	1
32	3245	1
37	19688	-1
43	11736	1
48	19885	1
4	8511	-1
42	9659	1
33	26233	-1
47	4071	-1
48	14017	1
8	4524	1
13	12536	1
47	16394	-1
7	8689	1
32	8112	-1
48	25241	1
38	6554	1
28	22767	1
18	22740	-1
13	6998	1
46	26967	1
1	11820	1
42	24749	1
20	9644	-1
30	6723	-1
6	27277	-1
41	19119	-1
23	2601	1
13	17002	1
5	879	1
48	22705	1
42	11891	-1
48	1067	1
39	14667	-1
6	20449	-1
46	29229	1
48	6856	1
35	3765	-1
38	22356	-1
42	200	-1
25	29657	1
9	23179	-1
23	2116	1
45	5754	1
5	3383	-1
39	6443	-1
46	19233	1
26	9533	-1
36	26414	1
15	9276	-1
36	22157	-1
44	19040	1
40	23378	1
40	22290	-1
46	373	1
8	22732	-1
4	29192	1
35	14529	1
13	10529	1
45	22556	-1
20	28604	1
17	13296	-1
32	5612	-1
3	14097	-1
6	16508	1
29	19278	-1
21	18949	-1
0	19248	-1
25	7659	-1
48	9837	1
28	26550	-1
20	26494	-1
16	25153	-1
17	5101	-1
8	11002	-1
44	21399	1
44	28352	1
26	18820	-1
2	2154	-1
27	24701	-1
17	1375	-1
42	23664	-1
40	15916	1
46	26111	-1
28	13060	-1
44	1807	-1
48	13484	1
22	12677	-1
35	9717	1
38	14867	-1
43	2704	-1
17	25281	-1
48	24983	-1
11	15202	-1
6	29517	1
41	17660	-1
48	1217	1
23	18729	-1
18	17296	1
15	10371	1
6	24129	-1
16	16475	1
42	14764	1
28	29699	1
17	10200	1
26	10785	-1
2	4235	1
15	7517	-1
48	24519	1
27	23448	-1
14	9617	-1
11	730	-1
6	20235	1
10	29488	-1
43	26564	-1
37	1828	-1
13	2970	1
13	1167	1
18	6147	-1
20	21472	-1
6	14484	1
18	1797	-1
28	781	1
46	14650	1
3	25837	-1
20	6462	-1
36	24575	1
14	22994	-1
4	9011	1
30	2879	1
41	14130	-1
43	26149	1
1	10786	1
5	24996	1
15	5260	-1
44	26432	-1
46	5509	1
22	23924	-1
47	2631	-1
4	5622	1
43	4009	1
49	28189	-1
34	30894	-1
18	20932	-1
42	20861	1
46	9396	1
32	26843	-1
43	8647	1
44	8271	-1
32	5510	-1
9	9217	1
43	29076	1
16	3600	1
29	20520	-1
35	17109	1
8	5281	1
9	23547	-1
17	1810	-1
38	13851	-1
0	13767	-1
2	22737	1
38	30147	1
43	18481	1
13	4447	1
9	8160	-1
47	22368	-1
42	13422	1
5	12877	-1
19	8528	-1
4	30277	1
17	4301	-1
28	27813	-1
7	26390	1
18	23398	1
21	24900	-1
26	24693	-1
18	13727	1
9	14885	-1
7	22476	1
15	18616	-1
34	14183	-1
24	25732	-1
31	8685	-1
20	12469	-1
9	18979	1
28	5250	1
8	4241	-1
8	11508	1
23	15867	1
46	19978	1
9	7731	-1
10	1939	-1
22	14023	-1
35	47	-1
18	3024	-1
18	19905	1
5	1226	-1
7	11987	1
13	13462	1
16	9491	1
13	408	1
45	26161	-1
40	14805	1
44	17604	1
40	19153	-1
30	15468	-1
6	16931	-1
5	14214	1
43	30247	1
46	22758	1
13	2174	1
29	10433	-1
46	23575	1
26	17761	-1
6	13170	1
4	13546	-1
11	28129	-1
44	15883	1
38	1666	-1
17	29314	-1
18	24761	1
17	20036	1
41	28562	-1
4	28947	1
45	27033	-1
46	19218	1
34	4808	-1
20	15769	-1
8	5660	-1
0	5186	-1
49	7315	-1
35	8874	1
36	27915	-1
23	18030	-1
12	12202	-1
9	409	-1
17	11855	1
25	11864	-1
17	4377	-1
36	29577	-1
4	891	1
46	18203	-1
1	12872	1
37	4539	-1
48	15666	1
6	9071	1
27	28694	-1
13	10402	1
13	26791	1
36	29946	1
32	7846	-1
4	15813	1
27	21034	-1
29	3259	-1
41	19605	-1
7	25595	-1
34	27332	-1
15	23085	-1
29	28057	-1
2	16849	-1
32	22913	1
6	25832	1
23	15674	1
8	15488	-1
44	21210	1
2	4025	-1
48	19388	1
15	23892	-1
30	20948	1
48	15798	1
18	9922	-1
44	22953	-1
7	20392	1
18	21768	1
7	13060	-1
46	26068	1
15	13256	1
21	22245	-1
23	17968	-1
30	16077	1
40	27363	1
11	13770	-1
40	29075	-1
37	8568	-1
0	25734	-1
14	9139	-1
13	19485	1
40	22477	1
20	11542	-1
30	580	-1
47	9341	-1
49	1835	1
39	13686	-1
11	8056	-1
15	17601	-1
46	17737	1
46	10334	1
38	5355	1
12	2343	-1
47	5074	-1
45	28515	-1
18	23807	-1
46	557	1
5	28030	1
46	30113	1
17	13270	1
43	15489	1
21	6192	1
43	7919	-1
29	4737	-1
46	270	1
43	30773	1
33	25534	-1
16	12128	1
16	14868	1
28	26196	1
38	15337	-1
5	24549	1
46	16643	-1
18	23634	-1
24	334	-1
40	10421	1
16	20115	-1
43	26434	1
5	16058	1
34	8673	1
48	26619	1
32	13264	-1
42	21552	1
20	19089	-1
40	22683	1
47	1800	-1
46	5540	1
44	1881	-1
14	12768	-1
4	16518	-1
12	22523	-1
30	24387	1
23	29259	1
44	21000	-1
48	1433	-1
5	23983	-1
36	5017	1
16	15749	1
5	20321	1
45	2682	1
13	7089	1
20	26595	-1
48	14726	1
13	23968	1
9	19699	1
23	13404	-1
23	2992	1
16	4954	1
7	113	1
4	5096	1
41	14879	-1
5	22723	-1
13	15502	1
6	10870	-1
48	16239	1
43	11996	1
44	22719	-1
16	14128	1
0	14266	-1
35	2327	1
43	27323	1
23	30287	-1
30	12726	1
4	20016	1
31	414	-1
42	29129	-1
29	21882	-1
19	1903	-1
40	26173	1
34	17226	1
32	6717	-1
13	9503	-1
3	5739	1
37	20455	1
48	6796	-1
17	22925	-1
38	8513	-1
46	6200	-1
45	4012	1
46	21750	-1
38	9540	1
20	14493	-1
41	8805	-1
18	30522	-1
14	1660	1
5	9449	-1
25	16364	1
40	26270	1
19	15870	-1
6	27887	1
3	30113	1
47	27474	1
36	22873	-1
49	9427	-1
35	18712	-1
10	8459	-1
11	11683	-1
21	29757	1
20	6446	-1
17	6872	1
18	25682	-1
45	12247	-1
38	15282	1
5	8098	1
8	3832	1
13	19331	1
46	6868	-1
25	26803	-1
43	28484	1
8	24307	1
49	1590	-1
21	24929	1
36	9474	-1
16	6465	1
34	7004	-1
28	18663	1
2	21275	-1
5	191	1
46	23590	1
19	19049	-1
43	14589	-1
4	24340	1
33	26290	-1
20	19831	-1
22	4159	-1
22	22189	-1
0	13	-1
12	24798	-1
14	27516	-1
29	9646	-1
37	20540	-1
10	29821	-1
19	9734	-1
43	29553	1
44	17478	1
16	11810	1
44	30634	1
9	28838	-1
34	16599	-1
0	7299	-1
21	4647	-1
41	10427	1
4	15964	1
37	17176	-1
31	7392	-1
13	17133	-1
16	29908	1
6	16716	1
20	7089	1
32	3028	1
6	1023	1
29	7736	1
3	24014	-1
23	19323	-1
39	2602	-1
26	25822	1
10	4286	-1
13	26167	1
23	22977	1
21	2534	-1
28	10669	-1
18	21918	-1
3	17402	-1
37	19199	-1
18	9578	-1
9	22636	-1
18	22905	1
39	6659	-1
17	1840	1
26	28867	-1
6	21530	1
30	13111	1
18	448	1
20	15315	1
17	28183	-1
26	16946	-1
35	21587	-1
0	8918	1
7	10367	1
5	16319	1
42	26247	-1
13	22371	-1
6	22399	1
3	29345	1
47	20696	-1
34	21788	-1
20	10934	-1
42	12312	1
1	2005	1
49	19362	-1
48	1079	1
43	25942	1
44	1920	1
2	15596	-1
43	30068	1
13	8062	1
8	2819	1
47	12557	-1
18	8893	1
11	27391	-1
17	28356	1
24	23265	-1
27	4830	-1
43	26317	1
30	13412	-1
48	28720	1
14	20080	1
31	19745	1
8	30651	1
43	28187	1
8	18574	1
9	8530	-1
46	24744	1
48	15657	-1
3	17852	-1
43	2174	1
8	19773	1
13	6834	1
0	27885	1
29	8925	-1
13	22010	-1
18	19422	-1
13	18446	-1
46	23553	1
8	10342	1
3	21486	-1
40	29001	1
31	25762	-1
39	1024	1
40	17633	1
0	11737	-1
17	4327	-1
16	3822	1
38	13708	-1
20	19241	-1
37	22246	-1
43	26276	1
48	15344	1
0	4195	1
7	18943	-1
44	30140	1
42	16516	1
37	12376	1
18	7250	1
7	1233	-1
2	16274	1
43	14139	1
13	29446	-1
48	3991	1
48	15096	1
35	20761	-1
0	25528	-1
24	23413	-1
25	8696	-1
43	3859	1
41	19225	-1
6	11175	1
38	17444	1
4	1208	1
22	19069	-1
43	14878	1
17	22101	-1
4	1237	1
18	28850	1
29	23321	-1
13	14901	1
3	6386	-1
10	12372	1
16	10002	1
21	14655	1
1	2859	-1
13	4031	1
48	9426	1
15	15017	1
26	29814	-1
43	19000	1
11	3681	-1
40	27626	-1
33	19545	-1
22	8322	-1
48	10694	1
40	5176	1
38	19691	-1
0	28850	1
0	55	-1
46	27105	1
22	11434	-1
3	11298	-1
15	7923	-1
9	8855	-1
0	27325	1
26	1677	-1
2	19317	-1
8	4824	1
30	21116	-1
35	1774	1
12	21331	-1
48	29196	1
36	12987	1
10	25956	-1
13	20924	-1
5	26318	-1
21	1124	-1
0	1744	-1
16	18030	-1
42	5905	1
41	14209	1
10	11606	1
23	26997	-1
36	7018	-1
36	18800	1
8	28445	1
13	28000	1
1	4692	1
10	16807	-1
32	4903	-1
19	19187	-1
4	29445	-1
45	25433	-1
44	12568	1
42	7210	-1
10	2721	1
18	12642	1
29	21184	1
8	9411	1
21	24376	-1
29	21229	1
4	22283	1
46	22664	1
43	5467	1
36	15301	1
11	9085	-1
15	8615	-1
12	9650	-1
32	31072	-1
47	9465	-1
26	7654	1
46	15250	1
0	28014	-1
36	7136	-1
46	29239	1
11	6885	-1
22	2808	-1
16	9283	-1
48	6989	1
37	10437	-1
47	7934	-1
23	23478	1
43	4085	1
37	23618	-1
39	21979	-1
42	20891	-1
28	594	-1
1	18293	-1
36	10568	-1
43	9342	1
40	27184	1
43	13392	1
14	20864	1
28	3843	-1
45	10213	-1
14	9384	-1
6	1600	1
42	944	-1
14	18035	1
42	10061	1
29	8257	1
41	8770	-1
4	25889	1
17	11574	-1
25	3069	-1
23	13532	-1
5	9605	1
36	2772	-1
36	15798	-1
43	5524	-1
13	3558	1
43	25372	1
32	15545	-1
44	5204	1
16	14189	-1
46	30806	1
33	751	-1
7	29800	1
5	17665	1
17	18507	-1
38	24905	-1
42	25875	1
3	14007	-1
0	19539	-1
1	25935	1
29	8983	1
48	13868	1
17	589	1
8	22676	-1
39	25796	1
36	3544	-1
8	18576	1
32	15028	-1
48	5869	1
1	28132	-1
9	13525	-1
41	20379	-1
9	3915	1
8	13737	1
42	22139	1
0	19142	-1
0	11394	-1
42	5684	1
44	5799	-1
10	9015	1
35	20703	-1
8	15439	1
8	21792	-1
16	7061	1
29	22240	-1
33	6428	-1
29	10175	-1
16	24331	1
7	1182	1
3	1383	-1
27	21655	-1
1	17257	1
43	25766	-1
13	7403	1
42	3612	1
8	27281	-1
12	29701	-1
6	21529	1
18	10888	1
8	19255	-1
26	7566	-1
4	836	1
11	4672	-1
48	25073	1
28	9175	1
4	15007	-1
35	24322	-1
13	2311	1
40	3480	1
18	3126	-1
40	4272	1
6	10090	1
5	8853	1
41	11201	-1
30	26441	-1
14	14066	1
3	2156	1
13	24054	-1
27	6480	-1
9	25754	-1
48	28311	1
42	7601	1
13	1633	-1
14	26701	1
21	30772	-1
23	13123	1
41	26686	1
26	2016	1
14	8537	-1
39	5144	-1
13	3355	1
0	6281	-1
23	7152	-1
17	14901	-1
46	3635	1
38	19718	1
44	13074	-1
8	28880	1
49	26177	-1
18	7001	-1
40	24589	1
13	25591	1
0	30803	-1
46	21429	1
6	20606	1
16	21804	1
8	7439	-1
44	3948	-1
16	2083	-1
42	14820	1
48	6117	1
20	1674	1
9	16282	1
4	10640	1
0	3108	1
47	11864	1
43	27908	1
40	2814	1
46	10522	1
21	13174	1
6	8194	-1
13	19949	1
33	3783	1
38	7052	-1
0	28622	1
10	30520	1
5	15589	-1
16	28617	1
48	9393	1
29	24490	1
1	27599	1
43	11747	1
46	19585	1
8	5471	-1
39	376	-1
26	24621	-1
9	12840	-1
21	21820	-1
14	28088	-1
46	8294	1
37	4289	-1
34	14754	-1
13	7341	-1
15	15139	-1
2	14093	-1
6	2546	1
27	24281	-1
40	3104	1
28	26317	-1
49	4882	-1
3	16383	1
8	27956	1
23	12857	-1
9	23886	-1
37	28776	-1
25	14014	1
28	4098	-1
17	14442	-1
2	4409	-1
31	25440	-1
6	9321	-1
9	14834	-1
3	2804	-1
8	28100	1
16	11803	1
33	16745	-1
17	24503	-1
5	16417	-1
18	30221	-1
8	28062	1
46	24340	1
8	20456	1
49	10360	1
6	12331	1
42	21807	-1
40	24874	-1
1	24177	-1
46	8907	1
6	13737	-1
5	4320	1
18	27376	1
37	19289	-1
35	17578	1
22	23748	-1
49	7015	-1
46	19425	1
17	25937	-1
10	14033	-1
23	9787	-1
26	23619	1
23	6482	-1
20	3178	1
43	1914	1
23	18974	1
30	14939	-1
10	9549	1
48	10134	1
36	7391	-1
17	13950	-1
47	9711	-1
23	7418	-1
1	4888	-1
4	8293	1
46	16599	1
44	13226	-1
43	23474	-1
20	8778	-1
33	22191	-1
39	1326	1
43	26458	1
16	30064	-1
32	16829	-1
16	30557	-1
45	29358	-1
15	14176	-1
34	9321	-1
28	11670	-1
34	11784	-1
34	10694	-1
11	16832	-1
2	4993	-1
11	30040	-1
44	2653	1
5	3343	1
43	20267	-1
14	27136	1
39	11093	-1
39	29415	1
32	27752	-1
43	4611	1
14	22949	-1
48	14870	1
9	13867	-1
8	12006	-1
42	19892	1
38	19572	-1
23	11836	1
49	1725	-1
9	16530	1
26	1425	-1
35	9575	-1
27	9608	-1
5	29084	1
19	19124	-1
44	25142	-1
43	16716	1
47	16900	1
4	23491	1
43	494	1
48	11736	-1
25	9948	-1
15	22736	-1
1	26004	-1
46	260	1
7	7870	1
44	26114	1
6	20637	1
46	22194	1
12	2490	-1
43	9071	1
43	20601	1
13	25164	-1
34	735	-1
10	16035	-1
7	30006	1
9	228	-1
29	17330	-1
46	13871	1
10	3748	-1
8	22727	-1
25	9622	-1
4	8451	1
48	16829	1
47	25285	-1
3	19042	-1
8	1805	1
48	16309	1
42	26648	1
27	25379	-1
11	9065	-1
43	17510	-1
38	16479	-1
35	17586	1
23	25022	1
13	29774	-1
17	27226	-1
41	565	-1
7	18941	-1
6	27068	1
10	28037	1
8	2642	-1
30	10022	-1
4	22182	1
43	17874	1
42	1483	1
37	5659	-1
1	1688	1
28	11166	1
43	15368	1
17	1287	-1
43	19114	1
48	29916	1
47	15544	-1
40	7590	1
32	10362	1
35	110	1
2	14403	1
48	26483	-1
5	8882	-1
4	27293	1
26	28673	-1
23	3983	-1
7	20288	-1
37	24553	-1
17	4359	-1
13	11496	1
30	3113	-1
29	10849	-1
6	4249	1
4	10816	-1
43	7770	1
44	23627	1
43	6534	1
4	8047	1
46	8232	1
28	3642	-1
13	24924	1
17	23086	1
44	9553	1
14	22020	-1
1	19112	-1
4	28439	1
8	29333	-1
14	2113	1
10	5275	-1
14	6018	1
44	9346	-1
24	5868	-1
25	19082	-1
0	30170	-1
8	13402	1
13	12189	-1
6	6239	1
6	8931	-1
6	23415	-1
15	21143	-1
35	11218	-1
6	16587	1
13	5674	1
41	9223	1
36	27070	1
34	9220	1
43	27882	1
29	10668	1
12	11938	-1
2	11746	-1
25	14124	-1
24	20744	-1
2	6593	-1
4	789	-1
30	27039	-1
44	5052	-1
44	3793	1
44	2392	1
17	8788	-1
45	18459	-1
46	4120	1
45	20660	-1
21	26811	-1
46	27520	1
46	1622	1
48	26485	1
13	1057	-1
48	19901	1
34	26220	-1
0	5885	-1
4	13584	1
12	18616	-1
31	1314	1
27	16384	-1
46	25198	-1
42	17160	1
4	13271	-1
1	25382	1
26	9612	-1
24	12933	-1
7	26	1
0	14452	1
31	57	-1
19	16030	-1
25	15789	-1
39	21394	1
8	26109	1
13	22696	-1
8	18156	1
8	7297	1
18	13623	1
40	20867	1
36	23885	1
43	3251	-1
17	8379	-1
42	27435	1
28	1305	1
21	24509	-1
25	10264	-1
6	15271	-1
6	12398	-1
44	28118	1
20	28321	1
7	9906	1
4	28965	1
15	29597	-1
36	30006	-1
42	13559	1
33	13645	-1
37	25785	1
8	18864	1
42	11531	-1
30	23609	1
42	26361	-1
45	22343	-1
43	19562	1
29	31033	1
34	25815	-1
16	14895	1
12	10810	-1
5	886	1
49	11310	1
0	23548	-1
41	3787	-1
46	4905	-1
17	16462	1
49	5698	1
46	3094	1
30	5110	-1
23	26561	-1
5	15614	1
40	11204	-1
49	21689	1
43	14345	1
28	11929	-1
34	22071	1
41	17028	-1
39	15787	1
47	18242	-1
20	18807	-1
9	8038	-1
43	29237	1
44	14083	-1
8	11214	1
26	3374	-1
40	8043	1
2	19904	-1
30	25801	-1
26	29613	-1
21	26211	1
22	11303	-1
48	30115	-1
44	25129	1
48	17825	1
4	8610	1
0	2076	-1
38	24013	1
3	3161	-1
16	19001	-1
4	9024	1
46	11249	1
29	20276	-1
6	2728	1
45	27025	1
43	9951	-1
17	13020	1
10	12022	1
6	18824	-1
33	28766	-1
9	20040	-1
27	25473	-1
37	9653	1
0	27713	1
32	12964	-1
28	27569	-1
45	12348	-1
29	23854	-1
23	7823	1
43	9745	1
40	8884	1
23	21199	-1
1	5339	1
36	29254	-1
10	13507	1
49	18020	-1
48	22549	-1
4	28736	-1
19	8077	-1
18	10748	-1
49	28224	-1
46	3423	-1
17	17140	1
41	1683	-1
5	12775	1
49	22215	-1
13	16647	-1
38	271	-1
48	20721	-1
23	29515	1
49	16631	1
2	8962	-1
10	21302	-1
49	26691	-1
45	10227	-1
11	31039	-1
2	12075	1
8	11672	1
15	1454	1
6	25068	1
31	13731	-1
29	10664	1
45	13142	1
23	14552	1
43	21530	1
46	26032	1
7	10225	-1
5	20580	1
3	5790	-1
28	25152	1
41	24417	-1
40	15976	-1
16	31033	1
5	12894	1
49	22574	-1
46	15721	1
43	13614	1
30	4135	1
38	6084	-1
36	11245	-1
4	10813	1
26	20462	-1
44	8878	1
26	18360	-1
29	25003	1
28	19710	-1
6	23003	1
29	12394	-1
4	26271	1
48	14792	1
7	4354	-1
43	12198	-1
25	11885	1
43	13750	-1
24	21791	1
9	29495	-1
43	46	1
9	15369	-1
7	20356	1
48	19404	1
29	22911	-1
25	22166	1
48	27019	1
13	25040	1
0	24862	-1
28	14140	-1
44	8203	1
6	30102	-1
27	571	-1
6	1492	1
13	28925	-1
46	24826	-1
24	18648	-1
4	21272	1
31	10046	-1
41	3903	-1
20	5966	-1
22	17641	-1
25	1164	-1
22	10150	-1
10	5290	-1
17	19761	-1
16	9274	-1
37	25693	1
48	16025	1
3	15141	-1
39	7300	1
43	25730	1
14	4789	-1
4	26425	1
8	27413	1
26	17734	-1
7	28495	1
24	30096	-1
47	27616	1
23	16926	-1
10	23123	1
38	10386	-1
28	26276	1
29	16097	-1
40	11025	-1
8	18305	1
43	26282	1
16	17416	1
42	24657	1
49	19829	1
23	9431	-1
37	28545	-1
43	14717	1
18	22335	-1
4	23013	-1
13	3465	-1
48	23450	1
34	6911	1
42	9891	1
9	12902	-1
14	22761	-1
12	6019	-1
29	17823	-1
13	15404	1
0	21135	1
43	5298	1
42	15497	1
1	24637	-1
3	6800	-1
26	26569	1
36	4068	1
1	5968	1
6	7726	1
13	21020	1
0	4189	1
37	23344	-1
43	11171	1
41	19522	-1
0	18306	-1
4	8802	-1
19	1018	1
36	1630	1
10	13560	1
35	11971	1
42	5413	1
37	3388	1
46	15735	-1
0	25398	-1
41	10949	1
46	10242	1
13	18378	1
4	25581	-1
10	13603	-1
49	19572	-1
47	7655	-1
42	9354	1
45	17710	-1
5	27186	1
13	16697	1
36	15112	-1
13	24227	-1
32	30409	-1
46	13029	1
18	3435	1
10	11345	1
29	11681	-1
34	19782	-1
33	8865	1
34	18919	-1
17	16194	1
18	27514	1
14	12486	1
39	225	1
15	24048	1
48	30999	1
43	7089	1
13	6810	1
6	21034	1
27	7360	1
43	14855	-1
39	13317	1
28	27045	1
28	20699	-1
10	13849	1
44	16911	-1
43	13887	-1
8	13558	-1
48	12539	1
46	3661	1
45	23991	-1
46	30613	-1
19	2976	-1
39	12365	-1
8	20652	1
48	28340	1
13	11247	-1
30	25330	-1
36	7362	-1
1	29743	1
7	14933	-1
0	12234	-1
8	23198	1
1	17818	1
35	23799	-1
46	18748	1
48	20815	1
8	16351	-1
34	23438	-1
27	2488	-1
4	16940	1
1	25165	1
39	4138	-1
12	10432	-1
37	17835	-1
5	28006	1
0	4376	-1
42	7667	1
37	19766	-1
36	15089	1
35	23160	1
9	12272	1
23	20201	-1
10	18709	-1
19	26001	-1
8	30635	1
13	27281	1
17	21086	1
48	23680	-1
10	20476	1
1	10766	1
38	160	-1
46	19210	1
43	27392	1
13	3308	1
48	16654	1
38	28920	1
40	10443	1
26	14502	-1
9	4299	1
34	15786	-1
44	26861	1
49	9604	1
47	30835	1
31	6029	-1
15	20404	-1
3	21288	-1
37	27774	-1
38	21310	-1
18	13941	-1
40	18582	1
42	2489	1
35	3446	1
48	12313	1
19	2600	-1
10	30766	1
40	23393	1
42	24965	-1
4	2887	-1
6	27185	-1
3	19519	-1
7	18088	1
33	28315	-1
46	2173	1
1	4043	-1
19	26583	-1
48	24097	1
5	18800	1
16	22783	1
8	12464	1
10	4628	1
16	17518	1
43	21006	1
13	25393	1
6	27356	-1
31	14900	1
40	30982	1
4	22226	1
49	23740	-1
35	3326	-1
45	22951	-1
9	6186	1
33	30825	-1
5	27975	1
43	14859	-1
36	3079	-1
17	25916	-1
47	30633	-1
46	30952	1
37	5544	-1
49	31050	-1
3	2444	1
18	15691	-1
43	8210	-1
28	12329	-1
39	10307	1
30	10752	1
28	8722	-1
30	12725	-1
4	23450	1
14	22659	-1
20	21622	-1
0	10769	1
8	6066	1
16	13655	1
5	23520	-1
2	30011	-1
0	22186	1
13	26658	1
42	27853	1
28	18467	1
46	13873	1
27	24070	-1
0	15192	-1
38	30559	-1
23	11840	-1
47	21836	-1
10	14213	-1
9	19068	1
1	18001	-1
24	9411	-1
23	7789	-1
26	7458	-1
29	7637	-1
4	21345	-1
7	26166	1
39	12567	-1
40	6826	-1
0	26235	1
2	23210	1
31	1147	-1
6	5565	-1
7	29990	1
9	24774	-1
16	20476	1
35	5231	-1
23	13686	-1
28	16159	-1
32	8205	1
43	5274	1
29	6397	-1
38	28076	-1
16	9868	-1
27	23908	-1
4	21741	1
33	18252	-1
44	25620	1
32	5460	-1
44	27099	1
47	7719	-1
20	19806	-1
6	3501	-1
46	23150	1
8	21242	1
46	27132	1
35	19866	-1
27	11468	-1
17	24729	1
7	3357	1
12	18055	-1
22	26654	-1
44	903	1
12	21361	1
4	21435	1
46	17914	1
4	22558	1
10	8968	-1
1	20313	1
31	27052	-1
4	9655	1
42	11737	-1
43	7483	-1
35	13095	1
25	19896	-1
14	29165	1
30	16289	1
16	21030	1
11	7044	-1
35	7598	-1
17	25648	-1
22	11510	-1
32	14455	-1
43	19305	1
8	21571	1
18	19199	1
27	21214	-1
39	16109	1
37	19830	1
44	29731	1
44	23485	1
8	7207	1
37	712	1
1	9050	-1
46	1754	1
29	5311	-1
40	24878	1
32	6856	-1
42	14572	1
21	15791	-1
46	29136	1
47	20363	-1
43	8113	-1
33	22427	-1
5	28723	1
23	15549	1
28	19285	1
46	5953	1
7	23551	1
29	11924	-1
44	24046	-1
3	14113	-1
37	10663	-1
13	6490	1
14	25302	-1
42	24780	1
11	16080	-1
13	19734	1
42	28647	-1
13	29343	1
38	25476	-1
8	2342	-1
18	12533	1
36	13285	-1
46	18954	1
48	23835	1
25	25084	-1
48	6481	1
1	30570	-1
42	30593	1
2	28046	1
42	456	-1
22	6142	-1
6	23434	-1
40	26304	1
9	6318	-1
46	5561	1
12	20723	1
43	1183	-1
16	17739	-1
44	13118	-1
27	5957	1
5	12371	-1
4	14642	-1
7	15788	-1
31	29097	-1
22	4150	-1
44	14747	-1
31	18668	-1
4	5809	1
48	23738	-1
48	10604	1
15	30538	-1
48	14242	1
36	12640	-1
16	2398	1
22	6634	-1
1	4832	-1
46	26648	1
5	16578	1
22	16433	-1
43	21949	-1
17	11973	-1
6	31061	1
22	3026	-1
20	3708	-1
21	12394	-1
28	23874	1
22	12505	-1
4	8893	1
23	26072	1
48	11271	1
27	9422	1
30	24270	1
46	6867	-1
44	14678	1
32	7356	-1
6	11255	1
9	12647	-1
8	20439	-1
28	7656	1
18	28251	-1
17	29991	-1
21	25975	-1
43	578	1
16	11770	1
36	14538	1
46	13809	-1
42	24297	1
48	14264	1
39	19320	-1
30	7521	-1
19	16968	-1
47	12008	-1
12	1154	1
7	9030	-1
43	20125	1
12	14996	1
10	29759	-1
31	26129	-1
5	21077	-1
37	29748	1
6	29397	1
46	7096	1
7	25832	-1
43	14928	1
29	29387	-1
46	4268	-1
39	31002	1
7	1907	-1
26	9426	1
2	14230	-1
38	17108	1
38	30761	-1
32	14757	1
37	10961	1
42	30704	1
20	8066	-1
48	324	1
42	11646	1
8	1428	1
4	210	1
46	6229	1
20	5689	-1
45	24462	-1
38	406	1
42	4235	1
35	21624	1
43	1127	-1
43	17447	1
8	11473	1
6	21119	1
45	182	-1
20	14283	-1
43	27617	1
42	28981	-1
46	2551	-1
37	1529	-1
4	530	-1
42	12149	1
46	30762	1
49	14424	1
16	3502	1
27	7591	-1
9	5759	1
29	8346	-1
49	16034	-1
7	4242	-1
47	29257	-1
32	29025	-1
15	11407	1
29	20997	-1
43	18567	1
44	5498	-1
9	7861	-1
42	29137	1
10	68	-1
46	22989	-1
21	909	-1
40	3810	1
42	1860	1
23	4585	1
13	7113	1
36	10689	1
35	237	1
7	27661	1
5	15813	-1
37	1176	1
1	29188	1
45	17843	1
2	29627	1
7	7008	-1
1	7245	-1
4	6861	1
24	21508	-1
43	31019	-1
0	15344	-1
27	27970	-1
5	24723	1
43	1050	-1
6	23058	1
43	20953	1
48	7563	1
22	19689	-1
45	5593	1
48	27603	1
17	8975	-1
20	19168	-1
35	13912	-1
39	20831	1
47	10468	-1
43	12803	1
48	4784	-1
5	20393	1
28	15961	1
7	6156	-1
46	20125	1
3	12793	-1
0	15210	1
46	24188	1
43	3711	1
41	13670	-1
6	27355	-1
6	1733	1
18	27605	-1
37	13068	-1
28	13438	1
39	11379	1
48	25026	1
3	3563	-1
34	4880	-1
13	9413	1
5	15702	-1
8	29557	1
8	20022	-1
39	29539	1
9	2128	1
5	22287	-1
19	22274	-1
38	30135	-1
48	1464	1
1	1968	-1
18	6155	1
30	24074	-1
17	6445	1
24	23774	-1
14	6345	-1
9	4544	1
32	10941	1
3	29283	1
43	20138	1
11	23410	-1
18	29605	-1
17	14497	-1
8	6616	1
46	16030	1
12	18087	1
10	18407	1
12	13673	1
21	19883	-1
48	13005	1
4	4362	1
15	21582	-1
44	14730	-1
4	6	1
24	5704	-1
16	23284	-1
34	8446	-1
25	22428	-1
41	16129	-1
30	23077	-1
0	7800	-1
24	9800	1
47	18478	-1
48	7173	1
31	26477	-1
12	27546	-1
14	18167	-1
23	17733	1
25	14862	-1
37	10497	1
31	27941	-1
46	9317	-1
18	24264	-1
43	989	-1
27	21016	-1
22	26840	-1
38	30998	-1
4	11740	1
17	25850	1
1	2727	-1
20	30009	-1
46	7753	-1
9	5115	-1
16	22158	1
48	22996	1
7	19950	-1
22	24485	-1
47	12598	-1
36	12458	1
31	24214	1
48	402	1
8	29687	1
44	20819	-1
42	4139	1
44	1122	1
8	24662	1
12	23230	-1
18	20869	1
40	12215	-1
4	9278	1
12	2065	-1
5	24553	-1
21	15925	-1
43	12196	1
40	3645	1
10	16905	-1
3	24168	-1
11	20416	-1
12	14811	1
6	27347	-1
16	13574	1
42	5934	1
14	16496	1
43	30043	1
8	3324	1
29	12388	-1
23	28790	1
3	9502	-1
1	4901	-1
48	11460	1
36	26403	1
15	25516	-1
18	23026	1
42	20984	1
32	30152	-1
14	26042	-1
43	29708	1
48	8102	1
30	9934	-1
6	22946	1
34	16945	-1
6	26217	1
21	29794	1
10	12260	1
13	10472	-1
24	12964	-1
35	11161	-1
15	1970	-1
15	136	-1
17	18538	1
14	21392	-1
4	5842	-1
20	13272	-1
13	16362	-1
23	12216	-1
2	5555	-1
4	4877	1
32	24780	-1
23	23745	-1
31	26228	-1
22	13165	-1
28	13767	-1
30	25313	-1
46	26291	1
8	29290	-1
38	5559	-1
6	15365	1
37	21138	1
31	11094	-1
8	28624	1
43	13444	1
16	11760	-1
49	10726	-1
42	1121	1
46	2522	1
28	8487	-1
3	26399	1
46	7019	-1
46	3854	1
46	22035	1
41	608	-1
1	8716	-1
43	1062	1
46	7976	1
46	23761	-1
13	5045	-1
23	23001	1
4	9018	-1
1	8458	1
1	25548	-1
0	28127	1
37	18133	-1
9	26455	1
5	17625	1
16	19484	1
40	30687	1
48	24199	-1
43	27515	1
5	17630	1
43	24200	1
12	19989	-1
21	5945	1
1	4555	-1
36	24059	-1
43	355	1
8	3218	1
32	24976	-1
39	17643	-1
42	8767	-1
47	29134	-1
35	23830	-1
49	2509	-1
48	10487	1
4	2201	-1
46	15933	1
38	16767	-1
42	3034	1
33	20487	-1
26	19336	1
33	3225	-1
9	2239	-1
6	30106	1
8	19063	1
40	25625	-1
46	19508	1
7	31017	-1
25	28813	1
48	27348	1
0	18324	-1
39	20825	-1
8	15904	1
40	21998	-1
10	27147	1
22	11970	-1
1	14100	1
7	19455	1
34	25911	-1
34	9139	-1
29	25657	-1
30	10959	-1
43	15	1
46	14374	-1
35	25715	1
14	1802	-1
29	18700	-1
24	13874	-1
11	29806	-1
46	20175	1
28	27678	-1
48	28124	1
36	23633	1
46	6650	1
27	15466	-1
1	24840	-1
15	13640	-1
27	8483	-1
3	23740	-1
2	13736	-1
33	11375	-1
48	29935	1
18	7018	-1
10	590	1
35	15928	-1
42	28899	1
39	20620	-1
3	24525	-1
40	9684	1
25	29734	-1
19	19790	-1
16	14197	-1
41	26902	-1
20	7312	-1
10	10027	-1
48	24964	1
40	12509	-1
15	9485	1
15	14428	-1
36	21879	-1
46	24148	-1
30	2206	1
6	8778	1
6	2970	1
42	4144	1
35	6383	-1
48	27652	1
37	13261	-1
25	17061	-1
14	21213	-1
47	1171	1
7	5631	-1
32	26254	1
26	28332	-1
8	29735	1
27	18636	-1
36	4205	-1
43	28711	1
22	1224	-1
49	17018	-1
31	9389	-1
6	17155	1
29	18032	-1
49	4746	-1
46	4394	1
40	21955	1
4	11037	-1
15	11025	-1
17	28557	1
43	17658	-1
17	8288	1
5	19577	1
6	12214	1
0	21391	-1
43	23654	1
4	29476	-1
7	9952	1
4	26133	1
20	11039	1
37	3265	-1
1	14136	1
42	17573	1
39	30473	1
31	27135	-1
5	10007	1
21	23671	1
41	5818	-1
40	16391	1
6	15985	1
38	21054	-1
2	19681	1
5	28150	1
8	12889	-1
16	14861	1
24	25773	-1
49	5212	-1
41	24000	-1
15	27363	-1
0	7488	1
29	1909	-1
33	800	-1
39	27246	-1
23	4689	1
20	17988	-1
1	1624	1
29	15018	1
49	2845	-1
19	19069	1
42	30600	-1
43	27819	-1
5	15170	1
12	17290	-1
10	2270	-1
4	19988	1
10	30938	-1
4	2520	-1
28	23252	1
7	5452	-1
48	4827	1
29	20595	-1
6	9670	1
13	13824	1
42	28776	1
0	8441	-1
35	18681	-1
4	11050	1
4	28118	1
0	27471	-1
48	30194	1
35	1855	1
39	25031	1
26	2722	1
13	8826	-1
14	6059	-1
24	1192	-1
22	3140	-1
44	12514	1
43	29506	1
19	18094	-1
35	9064	1
46	17317	1
44	22079	-1
46	25977	1
39	10203	-1
43	24144	1
28	17327	1
5	30360	1
21	4328	1
25	30277	-1
4	20466	1
17	12262	1
5	15196	-1
45	18146	1
36	24667	-1
40	20901	1
34	1529	1
30	9076	-1
12	22158	1
17	3192	1
0	20697	-1
17	26997	1
13	23761	1
30	18602	1
22	19205	-1
40	25936	1
40	22567	-1
1	18304	-1
39	8015	1
42	24542	1
31	22268	-1
33	18952	-1
26	25322	-1
35	7425	-1
38	951	-1
14	17460	-1
35	30023	1
35	21937	1
35	10880	1
43	30038	1
43	17187	1
7	12871	1
32	23032	-1
14	29895	-1
40	27276	-1
11	25755	-1
46	23376	1
10	19141	-1
28	14275	-1
23	20291	1
31	1151	-1
10	16732	-1
48	23570	1
6	11183	-1
11	16056	-1
26	25819	-1
26	499	1
46	30629	-1
48	25720	1
4	21969	-1
2	18401	-1
1	6145	1
8	10654	1
16	7056	1
8	21266	1
28	14708	-1
49	5398	-1
34	18853	1
36	4512	-1
37	19982	-1
13	23295	1
43	882	-1
46	10559	-1
18	312	-1
30	7601	-1
1	29338	1
45	24248	1
5	12552	-1
6	28354	1
30	9044	-1
1	29748	1
40	8883	1
7	14201	-1
8	28841	-1
43	15355	1
48	10654	-1
46	10687	1
5	23255	-1
4	25204	1
5	13298	1
37	26834	-1
36	2060	-1
48	15861	1
4	7415	1
35	2791	1
25	8989	-1
40	23323	-1
38	16006	-1
43	19442	1
12	14397	-1
13	14932	-1
48	19677	-1
6	15167	-1
27	13476	-1
13	23052	1
30	27327	-1
27	16159	-1
18	13418	-1
9	15964	-1
8	16841	1
17	15636	1
47	7753	-1
14	19045	1
13	10603	1
17	13137	-1
3	18934	-1
45	28956	-1
32	21855	-1
1	3841	-1
9	18175	1
48	25122	1
42	28934	1
18	18022	1
46	26762	-1
34	3308	-1
40	5169	1
42	15073	-1
1	10254	1
35	21645	-1
25	24007	-1
6	157	1
46	7172	1
33	17823	-1
39	7090	1
27	7966	-1
6	2067	1
6	22246	-1
43	3693	1
7	18410	-1
48	26624	1
48	12592	1
37	1325	-1
2	25745	-1
25	30091	-1
49	15422	-1
32	8881	-1
48	3506	-1
21	9677	-1
17	20905	-1
49	23318	1
1	17894	1
40	6841	1
8	8123	1
23	27330	-1
4	27490	1
47	10547	-1
24	12278	-1
29	455	-1
16	6360	-1
48	10436	1
39	2387	1
35	7067	1
13	18823	1
49	24416	1
49	15200	1
21	6875	1
16	29778	-1
21	5499	-1
30	19160	-1
1	28031	1
14	30962	1
45	6472	1
19	16973	1
38	19091	-1
26	18279	1
43	14255	1
31	14627	-1
8	17517	1
2	15728	-1
9	22880	-1
7	22027	-1
32	4045	-1
8	7693	-1
43	6734	1
13	16190	1
21	734	-1
40	327	1
27	20818	1
29	7285	-1
49	14367	1
16	23147	-1
1	24554	1
8	23332	-1
43	17985	1
43	23928	-1
6	24587	-1
4	23827	-1
20	22494	1
43	24165	1
6	5917	-1
43	15047	1
40	25193	-1
36	21671	-1
18	3223	1
44	12448	-1
33	27855	-1
15	22278	-1
46	19813	1
27	18430	-1
15	14807	-1
48	5683	1
49	19388	-1
40	14766	1
6	14842	1
42	18850	1
49	7903	-1
39	28747	1
23	6905	-1
46	23274	-1
48	19481	1
7	14806	-1
47	29725	-1
46	3798	1
18	23396	-1
40	18605	-1
22	30471	-1
37	23487	1
17	24321	1
23	11704	-1
41	28678	-1
34	2034	-1
44	15355	1
45	24408	-1
48	12380	-1
4	2831	-1
43	10220	1
44	12350	1
0	7005	-1
6	3065	1
10	19902	-1
6	5147	-1
24	1303	-1
27	29578	-1
48	16269	-1
49	14157	-1
6	2248	1
2	17291	-1
10	21431	-1
1	15912	1
33	4258	-1
3	30586	-1
4	804	-1
30	13810	1
18	24548	-1
16	5075	1
6	28249	1
20	12131	1
40	17072	-1
31	21424	-1
24	14684	-1
19	11995	-1
11	7483	-1
14	3116	1
34	8926	-1
2	16277	-1
28	17737	-1
39	16252	-1
4	23147	-1
1	3801	-1
1	28770	1
34	28517	-1
10	10352	-1
13	19829	1
42	28153	1
34	4726	-1
17	27177	-1
7	23689	1
40	4031	1
26	23657	-1
33	386	-1
4	19100	-1
43	28703	1
5	5561	-1
22	22673	-1
40	21266	-1
30	21385	1
48	12538	1
48	4602	1
28	22217	-1
27	26161	-1
43	15350	1
29	27613	1
32	27308	-1
16	25810	1
1	30232	-1
28	27098	1
18	4739	1
21	5592	-1
0	25762	-1
43	20690	1
45	5741	-1
42	15956	1
31	3625	-1
46	30032	1
18	17431	1
0	27840	-1
6	27981	-1
33	6973	-1
36	30637	1
36	5377	-1
40	7804	-1
6	14330	1
25	4325	1
16	25939	1
15	1495	-1
5	3382	-1
47	2737	-1
26	23540	1
36	12135	1
43	1746	1
30	2863	1
40	10778	1
45	2010	-1
40	1242	1
36	13612	-1
48	9620	1
6	25993	1
48	6628	-1
33	22970	-1
37	8863	-1
4	19705	-1
35	7675	1
42	17122	1
27	21451	-1
4	31055	1
1	24058	-1
4	12722	1
36	2202	1
33	28806	1
45	17879	-1
43	808	1
43	6154	1
6	30161	1
16	24276	-1
4	12487	1
12	8376	1
1	6911	-1
45	14408	-1
48	14835	1
8	5995	1
45	16742	-1
42	31037	-1
16	24410	1
48	24582	1
23	17363	1
28	25236	-1
32	30049	1
40	28030	-1
32	11399	-1
26	21535	-1
46	11755	1
30	75	-1
42	24	1
42	4022	-1
21	2367	-1
46	7334	1
7	2821	1
24	2103	-1
19	3746	1
46	12497	1
13	29543	-1
9	13533	1
26	23624	-1
43	18418	1
21	19613	-1
11	14192	-1
37	4171	-1
23	10461	-1
23	25373	-1
6	2768	1
0	24420	1
10	12948	1
1	1390	1
46	1338	-1
45	27185	-1
27	22167	-1
28	13741	1
29	25917	-1
7	14368	1
47	938	-1
48	26000	1
46	17555	1
44	15555	1
25	29510	-1
16	28839	1
13	545	1
20	19875	-1
4	24230	1
45	8975	1
33	26402	-1
36	15148	-1
9	7936	-1
16	4261	-1
9	19739	-1
8	2432	-1
44	29092	1
30	26449	-1
19	15963	-1
5	4493	1
47	23700	-1
23	26744	1
31	30220	-1
22	2517	-1
25	29935	-1
46	26630	-1
8	4137	1
43	29583	1
1	1753	-1
13	22158	1
39	4060	-1
9	5428	1
29	3746	1
48	14530	1
35	11816	-1
49	23654	-1
21	22642	1
37	16224	1
7	6633	1
21	17195	1
43	29068	1
6	23196	1
43	25167	1
4	17640	-1
48	9355	1
16	10798	1
4	21297	-1
40	7217	1
43	4864	1
40	13315	-1
28	9957	1
5	207	-1
49	14209	-1
16	1458	1
16	21927	1
43	1822	1
38	8326	-1
47	7206	-1
3	11989	-1
46	23934	-1
8	9049	1
45	12139	1
8	3319	1
13	23563	1
48	25618	1
36	15261	1
43	22151	1
8	9297	-1
14	7764	1
47	16588	-1
45	7766	-1
34	4857	-1
37	3799	-1
0	19852	-1
17	20075	1
41	2816	-1
9	22120	-1
9	15500	-1
5	27820	1
8	23940	-1
22	18414	1
46	29460	-1
20	30621	-1
45	18604	-1
38	2669	-1
8	13537	1
34	24736	-1
10	2858	-1
17	2345	-1
41	30196	-1
25	22568	-1
48	1396	1
38	6120	-1
17	14737	-1
26	7146	-1
36	4171	-1
46	8878	1
15	12374	1
38	6688	-1
39	3119	-1
43	2463	1
7	462	1
38	10931	1
42	24084	1
5	18523	1
21	29895	1
47	10299	1
4	27585	1
41	12279	-1
27	4767	-1
8	5638	1
1	28623	1
39	21036	1
42	6574	-1
29	4797	-1
43	13361	1
0	10460	-1
28	22493	-1
35	14210	-1
6	30512	1
49	2701	-1
0	11080	1
28	21180	-1
3	16984	-1
9	6372	1
5	4174	1
21	28314	-1
18	13724	-1
46	18385	1
29	11056	-1
13	23260	-1
35	15432	1
13	18941	1
42	4679	1
42	17895	1
27	27349	-1
16	24044	-1
10	18653	-1
44	22855	-1
0	10610	1
19	17416	-1
23	13475	1
29	1813	-1
20	9900	-1
4	30677	-1
43	5268	1
33	4899	-1
46	17318	1
37	13472	-1
48	26805	1
25	14419	-1
3	10982	-1
48	7974	-1
40	22128	-1
30	594	1
47	3096	-1
6	29998	1
40	28086	1
8	7797	-1
4	3747	-1
48	20757	1
4	10518	1
46	1790	1
43	19297	-1
2	19320	1
10	1604	-1
20	27727	-1
38	23854	-1
5	17954	1
28	7130	1
5	3672	-1
48	14233	1
43	2653	1
43	22682	-1
26	10277	-1
3	22697	-1
28	20305	1
13	9089	1
16	5327	1
26	21342	-1
1	25794	-1
43	24981	1
43	7268	1
18	21524	-1
23	20934	1
24	25615	-1
5	30044	1
44	9236	1
35	27928	-1
15	20826	1
16	5320	-1
31	2497	-1
5	10755	-1
9	26770	-1
5	5544	1
48	1762	1
6	27548	1
43	13178	-1
4	7840	1
40	8738	1
43	7967	1
30	30911	-1
49	2408	-1
4	24449	1
4	20556	-1
36	16130	-1
49	30730	1
49	4363	-1
8	388	-1
4	16306	1
15	393	-1
10	8906	1
29	25697	-1
32	8407	-1
42	20622	-1
29	19468	-1
1	25000	-1
40	29214	-1
40	15080	-1
13	6467	1
21	4149	-1
8	7559	1
27	4963	-1
46	21353	1
43	7255	1
42	14823	-1
13	7956	1
5	31021	-1
13	19856	1
0	18163	-1
36	9550	1
28	18918	-1
35	27412	-1
37	23329	1
8	9894	1
16	4570	1
7	25189	1
19	28117	-1
49	13054	1
40	21193	1
33	17708	-1
29	5383	-1
34	8103	-1
48	17003	1
7	17415	1
13	5158	1
7	14286	1
11	28701	-1
28	6693	1
40	14315	-1
45	7226	-1
2	24887	-1
42	18075	1
36	15715	-1
7	26007	1
15	18249	-1
4	18049	1
43	4361	1
43	13359	1
6	25680	-1
45	2953	-1
49	2060	-1
48	1811	1
47	24658	-1
14	8837	-1
16	3028	-1
8	20916	1
35	14682	1
0	22473	1
5	1512	1
26	22772	-1
30	31053	-1
28	2477	1
4	19656	1
9	15573	-1
18	24509	-1
7	15213	-1
43	25833	1
49	20126	-1
48	15356	1
47	11783	-1
3	3306	1
3	17070	-1
16	27083	-1
48	6868	1
33	18356	1
25	9370	-1
2	17757	-1
42	20177	-1
9	22739	1
48	7511	-1
6	14579	-1
37	8616	1
18	849	1
18	24040	1
1	15402	-1
8	2355	-1
9	26880	-1
17	23257	-1
7	26804	1
48	22903	1
4	7973	-1
23	11626	1
25	8773	-1
48	19793	1
20	8551	-1
0	20131	-1
18	893	-1
32	7867	-1
13	4243	1
13	20481	-1
27	28246	-1
20	7350	-1
9	10193	1
8	9764	1
13	15134	1
4	25758	1
26	4576	-1
44	17818	1
9	11465	-1
15	7542	-1
17	30626	-1
44	26415	1
4	28131	1
16	9327	1
41	13328	-1
45	29500	1
26	16391	-1
36	24814	-1
15	21179	-1
18	566	-1
37	10742	1
4	12477	-1
33	29710	-1
32	15036	1
34	13894	1
42	18407	1
3	26587	-1
1	19715	1
34	23361	-1
48	14840	-1
13	9378	1
47	15470	-1
32	26287	-1
42	20814	1
26	17360	1
14	15814	-1
46	11264	1
6	26671	1
28	13429	-1
18	12040	-1
25	6471	-1
38	23609	-1
16	21833	-1
35	8307	1
7	29673	-1
4	2784	1
4	11827	1
46	22181	1
45	4235	-1
12	25111	-1
10	13409	-1
40	11628	1
4	11596	1
19	26315	-1
1	12976	-1
9	11419	-1
15	15006	-1
21	13077	-1
0	13382	-1
10	23645	1
45	27513	-1
48	16522	-1
44	11998	1
47	1029	-1
13	9297	1
18	10284	-1
39	9499	1
1	13290	1
23	28336	1
14	17965	1
48	26756	1
21	11917	-1
40	17372	1
6	20018	-1
39	21190	1
46	31021	-1
43	17839	1
48	22743	1
10	23056	1
33	5367	-1
42	5764	1
44	17300	1
33	199	-1
46	16758	1
8	28262	-1
44	19243	1
36	2793	1
37	28262	-1
21	23255	1
2	4915	-1
1	14214	1
38	23108	-1
24	9250	-1
36	10145	1
46	19797	1
9	16109	-1
22	10566	1
43	2233	-1
5	5490	-1
46	15991	1
46	12024	1
25	27406	-1
43	21993	1
10	15050	-1
42	13870	1
12	8640	1
34	11182	-1
31	16094	-1
8	29947	1
46	5801	-1
18	27536	1
14	25523	1
37	16372	1
46	26539	1
42	20172	-1
13	19920	1
48	7418	1
43	5256	1
4	28970	1
19	1604	1
48	21473	1
10	9990	1
37	850	-1
3	10196	-1
1	3122	1
43	19552	1
15	9121	-1
15	692	-1
38	15338	-1
46	15915	1
42	17904	1
48	28590	1
20	11055	-1
33	24432	-1
30	15739	-1
37	3891	-1
49	6740	1
30	6430	-1
8	3386	1
2	15251	-1
45	12291	1
26	28801	-1
42	22084	-1
45	19503	-1
46	15079	1
48	30120	1
27	4854	-1
13	18958	1
18	11682	1
36	29880	-1
48	16149	1
47	22778	-1
28	15734	1
21	26374	1
22	5808	-1
42	11074	1
23	6567	-1
48	22158	1
13	18123	-1
28	13425	1
5	8914	1
9	1579	-1
26	30652	1
16	5353	1
36	25902	-1
33	9175	-1
17	14858	-1
15	21074	-1
2	27263	-1
22	3018	-1
4	1203	-1
9	15496	1
25	22435	-1
9	6675	-1
49	15653	-1
22	16830	-1
48	15101	1
4	28457	1
22	23487	-1
4	19279	1
5	20200	1
20	8797	-1
37	6698	-1
29	22538	1
12	4661	-1
6	29966	-1
20	7831	-1
13	24910	1
44	7402	1
46	18976	-1
43	4958	-1
27	17729	-1
44	16309	-1
21	12051	1
36	20653	-1
42	2689	1
9	26311	-1
7	12844	1
8	7264	1
46	27937	-1
22	8880	-1
9	10081	-1
43	779	1
42	19200	-1
35	9161	-1
11	9001	-1
6	28235	1
11	20979	-1
33	17736	-1
43	28417	1
7	22403	1
46	29337	-1
45	21569	1
43	7171	1
7	6783	1
37	21160	-1
3	17576	-1
35	9453	-1
27	12523	-1
0	17589	1
35	15433	-1
27	20685	-1
17	14207	-1
4	16632	1
6	10347	-1
48	30877	1
48	10003	1
44	20163	-1
37	28975	-1
7	3088	1
6	3519	-1
29	16996	-1
46	3479	1
44	12595	-1
9	26557	-1
23	27074	1
49	12404	-1
23	9823	-1
43	1362	-1
30	27816	-1
42	6720	1
24	29330	-1
48	27070	1
42	3808	1
1	13483	-1
20	20151	-1
17	1030	-1
9	28975	-1
7	26274	1
38	6097	-1
28	27254	-1
48	10755	1
0	4926	1
42	19482	-1
4	15975	1
5	19799	-1
41	5586	-1
33	15674	-1
11	8366	-1
48	18725	1
40	24141	1
16	8458	-1
13	29540	1
16	6688	1
37	9922	-1
36	7793	-1
16	22090	-1
23	12837	-1
6	5100	1
31	4538	-1
23	6796	1
12	23923	-1
29	407	-1
39	5963	-1
24	9832	-1
18	24236	1
43	21228	1
28	15748	1
15	7349	-1
44	13572	-1
40	12052	-1
24	24509	-1
46	17122	1
0	28188	-1
48	5112	1
40	23845	1
21	24025	-1
20	9633	-1
28	9986	1
43	27039	1
8	24308	1
46	747	1
15	24754	-1
8	1749	1
26	5523	-1
13	25839	1
37	19397	-1
8	23424	-1
43	10645	1
34	15399	1
36	27734	-1
15	11121	-1
0	7529	1
1	8244	-1
31	20521	-1
26	23969	-1
0	8887	-1
36	26462	-1
21	4757	1
39	4879	-1
41	14580	-1
40	25757	1
10	2310	-1
12	16454	-1
6	30990	-1
43	22201	-1
48	22077	1
44	8704	-1
44	17188	-1
13	7585	1
44	12455	-1
15	17908	1
8	16742	1
20	29193	1
34	28638	1
0	31040	-1
4	2062	1
10	10124	-1
8	1802	1
12	7282	-1
36	10639	-1
43	171	1
5	27339	-1
0	22383	-1
22	22216	-1
3	3719	-1
6	11869	-1
39	26745	-1
18	16663	1
3	14908	-1
44	11664	-1
40	12832	1
5	18613	-1
34	28891	1
9	5419	1
46	21915	1
18	14173	1
41	16456	-1
46	24198	1
5	11354	-1
39	21094	1
23	18801	-1
25	29040	-1
27	2060	1
8	29818	1
40	11323	1
7	14324	1
33	29890	-1
22	10711	-1
3	7311	-1
24	18655	-1
43	6328	1
42	19146	1
8	23860	-1
22	19973	-1
36	3614	1
5	12990	-1
36	2992	1
47	13454	-1
17	12297	1
17	15061	1
10	16855	-1
6	20955	1
14	3780	-1
0	28940	-1
44	21485	-1
0	31052	-1
32	28556	-1
46	14447	1
5	14823	-1
28	30521	-1
21	3658	-1
25	19877	-1
16	1825	-1
40	9077	-1
46	13214	1
37	9669	1
13	731	1
17	6934	-1
29	25848	-1
24	5323	-1
33	3037	-1
43	26547	-1
18	19827	1
6	5494	-1
14	2561	-1
49	21584	-1
29	2724	-1
44	4958	1
44	4843	-1
17	27427	1
8	23625	1
28	17484	-1
0	4203	1
43	29633	-1
42	769	1
1	26271	1
36	4254	1
47	12151	-1
40	28855	1
46	13323	-1
16	8486	-1
2	16559	-1
36	7430	1
11	24779	-1
8	12016	1
28	28851	-1
43	22628	1
42	450	1
1	22340	1
40	21930	-1
23	5877	-1
47	1637	-1
14	16457	1
8	12351	1
28	17570	-1
16	4770	1
25	14547	-1
48	22186	1
29	6566	-1
17	9191	1
36	6278	1
1	15674	1
7	14849	-1
14	21139	-1
13	2268	1
3	23565	-1
18	25090	-1
4	19433	1
20	17087	-1
43	14464	1
20	27462	-1
46	29733	-1
43	26987	1
28	19187	1
30	17813	1
18	21436	1
17	13077	1
4	7069	-1
5	23326	-1
40	9674	-1
18	21333	-1
4	1431	-1
39	18519	-1
38	19734	-1
22	14450	-1
42	20102	-1
16	22533	-1
4	24016	1
27	11370	-1
49	17080	1
5	28462	1
46	13672	1
6	5154	1
48	10231	1
9	17216	-1
32	17465	-1
48	3044	1
26	15921	-1
21	19110	1
36	6653	1
44	3715	1
23	1627	-1
47	3464	-1
27	6089	-1
1	5872	-1
20	18398	-1
48	25002	-1
17	5424	-1
48	4911	1
43	28254	1
16	4482	1
49	5885	-1
47	20854	-1
3	21339	1
16	1511	-1
1	10870	1
13	13080	1
2	2064	-1
21	8463	-1
6	4694	-1
14	318	-1
31	29859	-1
13	26667	1
10	7362	1
9	11315	-1
39	21319	-1
42	25539	1
43	24191	1
17	30124	1
0	28864	1
49	9110	-1
23	27597	-1
46	3079	1
31	12631	-1
36	27280	-1
43	1310	1
41	10845	-1
41	29729	-1
29	26075	1
17	8215	1
12	5000	-1
41	19307	-1
38	13024	1
28	28893	1
13	23865	1
17	2202	1
6	260	1
25	14965	-1
4	8168	1
48	7001	1
27	11004	-1
25	1436	-1
16	16249	1
43	300	1
40	6401	1
6	20412	-1
30	3476	1
21	27676	-1
44	18132	1
25	30576	-1
49	22946	-1
43	7975	-1
37	23730	-1
31	19215	-1
20	10860	-1
35	30623	-1
48	24546	1
31	27258	-1
10	29298	1
43	28899	1
44	21891	-1
46	26341	1
30	23622	-1
48	30928	1
10	29042	1
6	12057	1
20	24159	-1
4	16501	1
40	17689	1
33	20046	-1
14	15237	-1
8	23017	1
6	20801	1
8	10971	1
21	9608	1
43	25516	1
31	28824	-1
7	20517	1
43	27520	1
34	24241	-1
5	30413	-1
1	3331	1
5	27248	-1
14	29943	-1
43	14762	1
13	30298	-1
42	8292	-1
21	596	-1
30	16707	1
19	28276	-1
42	12461	-1
16	23237	1
48	9914	1
8	25646	1
19	17866	1
44	5824	1
33	197	-1
8	13996	-1
49	27965	1
49	5819	-1
42	29180	1
11	23674	-1
8	15824	1
21	11693	1
35	31011	-1
36	18756	-1
32	4639	1
1	27683	1
33	12936	-1
15	8742	-1
43	27814	1
28	16336	-1
35	10883	1
21	1509	1
46	12842	1
7	4444	1
42	6911	1
27	15132	-1
14	15621	1
18	809	-1
7	25126	-1
48	20185	1
26	7605	-1
13	29877	1
13	3334	1
38	4375	-1
23	22898	1
10	1577	-1
40	28560	-1
9	24376	1
13	28912	1
35	30642	-1
34	1993	-1
16	25277	1
1	6570	-1
4	12032	1
9	14318	-1
8	28845	1
9	10724	-1
10	3285	-1
36	26022	1
6	27550	-1
29	1006	-1
46	7457	1
16	25045	1
43	30253	1
7	13881	1
30	9123	1
13	5707	1
49	10810	-1
43	7154	1
43	14990	1
13	3051	-1
40	24263	1
1	1339	1
47	15014	-1
39	936	-1
45	12028	-1
21	25670	1
14	17582	-1
38	12328	-1
47	648	-1
37	5185	-1
26	28962	-1
16	5315	-1
43	10567	1
8	25265	1
13	10584	-1
46	18793	1
14	8217	-1
31	7303	1
4	181	1
25	21682	-1
13	29050	1
15	28512	1
34	10911	-1
23	28067	-1
22	21035	-1
16	17637	1
13	16800	1
32	19091	1
15	18984	-1
43	11276	1
20	6251	-1
13	30760	-1
16	19382	1
26	3656	1
48	10745	-1
27	212	-1
47	10953	-1
0	1557	1
43	8211	1
46	10681	1
13	27501	1
10	19500	-1
7	2138	1
4	10345	-1
20	30683	-1
2	22524	1
28	8701	1
38	19453	-1
29	4561	-1
48	15887	1
5	20313	1
16	15588	-1
19	22719	-1
2	29211	-1
34	23397	-1
46	25525	1
30	3228	1
10	24220	-1
24	16455	-1
6	5376	1
44	13460	-1
48	21231	1
13	28811	1
7	22	-1
13	25830	1
8	8223	-1
29	12724	1
25	15843	-1
29	8883	1
15	3423	1
13	29023	-1
19	4888	-1
17	9660	1
12	8077	-1
15	6191	1
46	30225	1
26	18430	-1
8	16692	1
35	26176	-1
17	8620	-1
25	14418	-1
39	12954	1
19	4093	-1
48	3661	1
48	22905	1
48	23624	1
20	30898	-1
23	9463	-1
27	25558	1
43	4355	1
8	22502	1
16	11455	1
38	18023	-1
44	1817	1
14	16679	1
17	15868	1
26	6864	-1
43	30947	1
35	10581	1
43	10909	-1
19	18623	-1
33	7407	-1
48	17622	1
23	24091	-1
46	2299	1
21	17067	-1
4	28313	1
36	19943	1
32	11154	-1
8	15864	1
28	13948	1
44	20931	-1
47	18738	1
48	16977	1
1	2582	-1
35	6470	-1
17	8573	1
46	29448	-1
27	15406	-1
5	12719	1
17	9605	1
10	16573	-1
36	11656	1
15	6506	-1
3	31082	-1
12	21107	-1
24	9803	-1
13	8766	1
5	22059	1
42	16855	1
14	11885	-1
45	8585	-1
5	30539	1
37	28928	-1
8	20239	1
48	2611	1
26	22821	-1
11	2748	-1
25	14595	-1
48	26942	1
30	19850	-1
48	26662	1
5	4925	1
4	26026	-1
7	17498	-1
29	16809	1
21	8437	-1
46	14783	1
46	30445	1
12	30156	-1
46	281	1
40	28410	-1
3	26543	-1
36	8583	1
42	14208	1
21	30922	-1
7	1496	1
23	9737	-1
5	26358	-1
37	4004	-1
2	17027	-1
43	14536	1
1	23082	-1
22	7082	-1
28	1411	-1
4	10332	1
45	14755	-1
46	6404	-1
45	19978	1
35	15859	-1
3	7593	-1
25	13490	-1
11	229	-1
48	15416	1
46	25878	1
42	7939	1
15	30586	-1
39	18251	-1
6	1121	-1
35	4940	1
32	498	-1
9	8851	-1
40	2650	1
37	3814	-1
47	17319	-1
27	1144	-1
13	7696	1
42	23825	1
37	12385	1
13	21400	1
28	9588	1
30	1465	-1
40	3782	1
9	5407	1
26	16722	-1
9	18076	-1
26	3416	-1
6	29906	1
30	13409	1
17	12285	-1
30	27705	-1
43	22236	1
26	2945	-1
27	17437	-1
28	7933	1
25	13686	-1
37	2469	-1
16	8872	1
43	26431	1
9	27002	-1
40	24057	1
18	2512	1
5	31042	-1
17	18221	-1
37	12226	-1
25	19311	-1
43	29409	1
48	13242	-1
28	7659	-1
4	16016	1
30	12083	1
13	2497	-1
48	9156	1
36	23517	-1
3	14492	-1
13	18436	1
19	8424	1
17	25655	1
47	20456	-1
3	15793	-1
48	2242	-1
42	26896	-1
25	2808	-1
35	22804	-1
33	21729	-1
14	10145	-1
25	5820	-1
38	635	1
27	29383	-1
37	22523	-1
30	12744	1
15	23879	-1
20	3930	-1
40	3717	-1
6	21131	-1
25	28066	-1
36	4954	-1
40	13380	1
16	3191	-1
49	18138	-1
40	3386	1
25	2261	-1
49	19622	-1
0	3616	-1
4	19464	1
17	6083	-1
45	24018	1
31	6375	1
7	30766	-1
40	9319	-1
45	26879	1
46	28441	1
1	814	1
32	10415	-1
2	23557	-1
43	7931	1
2	27550	1
29	4392	-1
34	18199	-1
24	17945	-1
20	640	-1
1	28702	-1
36	4093	-1
31	2370	-1
0	19773	-1
44	29120	-1
37	14446	1
45	27948	-1
46	4014	1
42	9972	1
34	30450	1
40	23511	1
44	22038	1
19	24960	-1
44	28584	1
8	9559	1
8	27109	1
8	7739	1
38	9138	1
18	16210	-1
38	13051	1
6	1703	1
38	25568	-1
40	4611	-1
42	5419	-1
17	20577	1
48	26707	1
27	24371	1
32	17116	1
28	22600	-1
49	1341	-1
36	12079	1
43	23788	1
21	27784	1
23	24616	1
9	18767	1
35	24497	-1
28	10815	1
13	6979	1
26	8053	1
4	4612	-1
8	20356	1
40	22184	-1
8	1203	-1
4	30659	1
3	29676	-1
7	25878	-1
7	3913	1
39	10496	-1
32	22697	1
28	16109	-1
5	24598	-1
15	5923	-1
35	15158	1
43	2409	1
42	27228	-1
7	18412	1
8	11613	1
28	26637	-1
34	9739	1
38	15190	-1
35	16882	1
22	24785	-1
44	28403	1
13	23534	1
32	2202	-1
25	30287	-1
7	12100	1
8	26275	1
24	137	-1
1	2567	-1
23	14929	-1
41	16937	1
31	11795	-1
5	28365	1
42	20006	1
23	28982	-1
43	26110	1
6	24504	1
41	9166	-1
3	13754	-1
48	22043	1
12	13050	1
30	25413	1
41	17275	-1
47	22809	1
37	23734	-1
14	30676	-1
18	7833	-1
36	20141	-1
29	8522	-1
46	25699	1
29	20393	-1
17	683	1
7	22692	1
1	17704	1
0	28539	-1
43	334	1
35	5339	1
42	18309	1
10	29363	-1
16	4496	1
33	12090	-1
44	21787	1
1	24387	-1
5	30124	-1
42	20167	1
20	22844	1
43	16259	1
40	19478	1
36	15430	-1
30	1673	1
26	6256	-1
36	18047	-1
10	26712	1
6	8677	-1
48	1875	1
3	15260	-1
49	12633	1
35	19501	1
14	20602	1
43	2270	1
48	12973	1
30	23041	-1
5	11178	-1
42	6705	1
5	6876	-1
20	6321	1
41	16425	-1
39	10679	-1
42	5226	-1
17	21791	-1
46	7184	1
20	22792	1
35	9290	-1
22	22056	-1
6	4864	1
27	12477	1
38	20212	-1
0	7430	1
29	26663	-1
47	13448	1
31	10677	1
47	14792	-1
8	24249	-1
3	1074	-1
34	2230	-1
15	18040	-1
1	14423	-1
2	19504	-1
49	3455	-1
28	26183	-1
37	27044	-1
45	3913	-1
3	28750	-1
4	9506	1
15	11727	1
41	11491	-1
18	3995	-1
41	3875	-1
8	2170	1
8	28085	1
28	20203	-1
40	2372	1
19	9500	-1
24	23103	-1
17	3623	1
47	4012	1
37	21125	-1
19	15826	-1
45	9498	1
24	1112	-1
46	15247	1
40	15047	1
44	20641	-1
30	26611	-1
10	19690	-1
43	10301	-1
46	30917	1
6	8955	-1
8	2370	1
48	10150	1
23	4254	1
41	17266	-1
30	25302	-1
1	3100	-1
45	25820	1
9	12476	-1
30	22363	1
27	27139	-1
7	29017	-1
42	28580	1
6	23975	1
7	1030	1
44	20555	1
35	9245	1
38	2188	1
23	28671	-1
40	2663	-1
23	21016	1
46	3583	1
21	8305	1
8	15210	1
40	30184	1
4	8598	1
10	8065	-1
37	10656	-1
40	15304	1
23	5161	-1
4	6274	1
19	7073	-1
42	22785	1
21	4403	-1
35	27895	1
41	7668	-1
42	12305	-1
32	22670	-1
42	8417	1
23	3432	-1
14	4991	-1
1	22902	1
28	9820	1
23	816	-1
10	5620	-1
11	3675	-1
49	16642	-1
32	9398	-1
28	10789	-1
8	27464	1
28	16056	-1
11	15237	-1
35	5794	1
7	18644	1
13	22229	1
25	14615	-1
4	30914	1
31	1630	-1
6	7495	-1
17	9483	1
4	9505	1
6	3814	-1
25	23719	-1
46	17473	-1
7	26245	-1
9	5906	-1
45	21832	-1
8	18328	1
15	16805	-1
43	2720	1
36	13429	-1
25	19081	-1
40	23681	1
35	22487	-1
13	15849	1
15	6797	-1
35	10596	1
7	14859	-1
46	22154	1
10	25419	-1
37	6580	1
17	21496	-1
13	24806	1
6	1474	1
6	19634	1
11	7840	-1
41	16268	-1
46	30123	1
36	3987	1
42	15662	1
5	18395	-1
38	28757	-1
8	30016	1
1	21057	1
34	16524	-1
40	1187	-1
30	5624	-1
35	9895	-1
4	26771	1
33	21608	-1
48	23850	1
45	2509	-1
29	29093	-1
19	16706	-1
39	500	-1
45	27165	-1
16	21173	1
23	8174	1
42	11080	1
12	18803	-1
3	19968	1
45	11440	-1
47	11263	-1
43	29292	1
6	26952	-1
32	7597	1
14	24020	-1
43	2033	1
46	674	1
32	7691	-1
17	24459	-1
17	13394	1
4	7398	1
49	29535	1
48	19386	1
37	28128	-1
8	12665	1
8	17008	1
42	6549	-1
49	5710	1
28	21642	-1
32	30253	1
42	30731	1
42	530	1
6	30527	1
29	5275	-1
45	7443	-1
17	3962	1
25	13107	-1
13	10748	1
4	425	1
21	29763	-1
43	8629	-1
44	17592	-1
15	15323	-1
2	7798	-1
9	15765	-1
38	3941	1
25	25949	-1
45	20131	-1
16	13500	-1
36	18634	1
43	1576	1
40	9439	-1
48	23722	-1
46	5515	1
20	7744	-1
11	22634	-1
32	11457	1
1	15310	-1
12	13678	-1
7	1454	1
13	21859	1
46	22554	-1
34	29746	1
45	4686	-1
7	17673	1
22	16494	-1
43	26373	1
0	18042	-1
16	21349	-1
2	26324	-1
4	18324	1
48	3443	-1
9	11913	1
39	3055	-1
37	20903	-1
0	13426	1
33	10137	-1
13	11313	1
25	4071	-1
46	6871	1
46	27298	1
10	4152	-1
16	1317	-1
30	24029	-1
43	10390	-1
21	25237	-1
30	27844	-1
43	27403	1
42	8508	1
6	28892	1
0	22204	1
49	6391	-1
21	27629	-1
13	1722	-1
8	10020	1
45	17157	-1
1	9277	-1
4	6600	1
45	23791	-1
35	6495	1
28	12115	1
8	1636	-1
0	2551	-1
29	10041	1
5	14380	1
43	18473	1
49	19942	-1
4	25168	1
48	25164	1
40	17091	1
30	3642	1
35	14191	1
36	23645	-1
10	27222	-1
46	9535	1
46	11320	1
13	25702	1
34	15448	-1
45	15961	-1
40	8512	1
45	6466	1
15	11909	-1
6	20803	1
14	17935	-1
1	15196	1
48	27211	-1
17	29175	-1
35	15317	1
43	4776	1
47	19941	-1
43	9778	1
44	26578	-1
43	27486	1
46	8719	-1
46	17916	1
48	28828	1
13	19647	1
0	5856	-1
12	6352	-1
19	9491	1
23	9727	1
16	28121	1
32	17662	-1
13	5647	-1
44	26298	1
6	29064	-1
23	27446	-1
5	7187	1
8	8819	1
39	17709	1
10	1481	1
43	29770	-1
18	25385	1
44	5870	1
13	9479	-1
10	29931	1
46	24669	1
22	17639	-1
13	29037	1
4	9385	-1
42	13377	-1
15	30769	-1
5	1300	1
38	2385	-1
41	600	1
12	4621	-1
29	30486	1
28	4126	1
8	4856	1
12	2273	1
15	9150	1
47	7041	-1
42	3069	1
21	1764	1
40	22443	1
13	10137	1
49	11524	-1
28	23865	1
48	29041	-1
28	5152	1
17	21508	1
30	23575	1
49	21105	-1
40	8577	1
43	2458	1
46	5204	1
16	3667	-1
16	11544	-1
11	30799	-1
39	901	1
1	13281	-1
8	24958	1
49	15216	1
42	1031	1
4	10263	1
49	18535	1
46	28055	1
43	3588	1
17	21045	1
43	8461	1
36	17167	-1
46	5247	1
8	27213	-1
1	25055	-1
8	27015	-1
12	8397	1
40	9334	1
36	17753	-1
1	21159	1
0	18776	-1
16	15080	1
6	8135	-1
1	3640	1
30	27584	-1
31	14364	-1
28	22834	-1
40	5466	1
40	3205	-1
42	29897	1
8	8646	1
2	23423	-1
6	1310	1
46	30378	1
40	9554	1
13	18424	1
48	10122	1
3	10097	-1
30	29590	-1
35	5846	1
5	8570	1
35	12806	1
42	20449	-1
46	22816	1
31	4595	1
6	23025	1
36	24819	-1
5	4186	1
42	7911	1
40	17370	1
34	24739	-1
15	6526	-1
23	16347	1
18	2515	1
33	6300	-1
40	20054	1
14	2572	1
39	25683	1
38	20448	-1
31	24032	-1
7	25473	1
42	19027	1
16	12764	1
32	10848	1
26	13088	-1
17	28812	1
29	28124	-1
6	9251	1
18	4409	-1
47	9483	-1
6	25584	1
27	1229	1
35	30422	-1
48	3675	1
3	1635	-1
48	30362	1
21	26151	1
49	19532	1
0	10458	-1
11	28401	-1
42	26806	-1
40	27826	-1
13	5651	1
28	30197	1
40	25033	1
14	10477	-1
47	23132	-1
17	2373	-1
19	9101	1
20	18920	-1
21	23669	-1
18	254	1
40	26284	-1
29	28787	-1
3	5033	-1
46	17249	1
40	28166	1
33	16932	-1
48	27619	1
8	30824	1
45	15141	-1
4	29700	-1
49	19795	1
36	17880	-1
30	12203	1
46	14456	1
39	26029	1
14	11648	1
13	29057	1
16	8490	-1
43	29305	1
21	24028	-1
46	19335	-1
13	11023	1
40	4361	1
16	18062	1
27	18477	-1
37	30258	1
49	21892	1
4	1716	1
42	16853	1
7	23897	1
19	20690	-1
40	4854	1
48	6191	-1
5	18167	1
29	26838	-1
49	25979	-1
1	11437	1
10	4641	1
42	20149	1
21	13151	1
27	29442	-1
42	19269	1
28	1946	-1
12	25429	-1
8	22026	-1
40	16065	1
46	1755	1
38	1287	1
18	1796	1
9	28228	-1
36	3402	1
39	11979	1
29	2920	1
39	8668	1
6	12258	1
29	20266	1
44	28411	1
7	25709	1
44	2382	1
15	10699	-1
9	30274	-1
45	9203	-1
28	3832	-1
25	11331	-1
48	277	1
10	4961	1
40	27769	1
39	19919	1
47	27719	1
38	17846	1
43	28905	1
13	24191	1
48	4816	-1
13	11976	-1
10	878	-1
28	28329	1
49	8626	1
43	28519	1
41	26506	-1
26	15804	-1
16	949	-1
29	24477	-1
35	13196	1
32	11309	1
10	7988	-1
7	18782	1
11	14734	-1
1	2024	-1
44	256	1
5	19333	1
3	17561	-1
43	16618	-1
33	25492	-1
43	21269	1
34	18698	-1
11	4683	-1
13	28560	-1
13	23818	1
29	2352	-1
46	9517	1
48	1047	1
48	4153	-1
13	12176	-1
12	28759	-1
8	21394	-1
20	1337	1
38	27843	1
49	17733	1
11	20969	-1
8	3267	1
11	25970	-1
14	21549	1
22	6086	-1
10	21886	-1
28	193	1
35	1523	1
48	20158	1
8	19102	-1
0	12312	1
40	5337	1
48	28132	1
18	9201	-1
22	16132	-1
36	22867	-1
38	23110	1
6	20785	-1
9	22553	1
20	12604	-1
5	12770	1
46	7496	1
29	24166	-1
35	27956	-1
6	14485	1
20	4844	-1
27	27574	-1
48	2019	1
44	16594	1
8	21847	-1
32	9664	-1
16	4847	-1
39	8709	-1
18	15165	-1
32	25033	-1
37	8482	1
5	7961	-1
40	6195	1
16	18430	1
5	624	1
43	10054	1
40	13796	1
1	30152	-1
37	21039	1
49	12501	-1
46	15199	1
7	5745	-1
16	2163	1
0	12626	-1
12	16738	1
7	19703	-1
10	13382	-1
2	12425	-1
29	18235	-1
5	8089	1
19	2103	-1
18	13861	-1
22	3009	-1
36	17951	-1
31	3133	-1
41	2674	1
24	30566	-1
45	23927	1
44	28357	1
23	8667	-1
26	18895	-1
6	23992	1
44	4319	1
10	18247	1
45	2355	-1
45	24144	-1
7	22697	1
48	3479	1
43	21210	1
48	22189	1
16	10761	-1
18	14904	-1
45	2435	-1
4	22701	1
4	8391	1
33	11631	-1
44	23081	-1
39	21827	1
44	29233	1
3	7820	-1
2	2073	-1
43	24911	1
48	3520	-1
37	5662	-1
31	13147	-1
6	741	1
39	2085	-1
16	27989	1
43	7458	1
2	10258	-1
24	8878	1
17	21118	-1
10	29220	1
13	22743	-1
40	20141	1
18	13502	-1
31	3170	-1
27	14449	-1
6	24833	1
15	4235	1
49	8929	-1
16	11979	-1
27	4006	-1
6	15269	-1
40	1007	1
16	23558	1
23	175	-1
13	4495	1
20	16642	-1
13	5484	1
40	21802	1
8	22498	1
25	8221	-1
17	10534	-1
31	25499	-1
37	13367	-1
26	25921	-1
19	18052	-1
48	9560	1
5	10485	1
49	11662	-1
31	5401	-1
40	28077	1
8	22089	1
19	18691	-1
21	1358	-1
11	17805	-1
20	22966	-1
18	18563	1
13	10626	-1
4	7152	1
6	27335	-1
30	23098	-1
8	884	1
37	19238	1
16	18812	-1
12	27990	-1
2	246	-1
37	8145	-1
2	3847	-1
13	5334	1
42	11678	1
34	16336	-1
23	23646	-1
13	18362	1
14	11214	-1
38	16226	-1
36	12152	1
45	14264	1
46	5476	1
46	4142	1
10	22672	-1
4	30171	-1
43	3104	1
16	22627	-1
4	11241	1
44	22089	1
33	12383	-1
23	10161	-1
23	5208	-1
23	24428	-1
39	14248	1
40	15168	1
13	2158	1
5	25715	1
31	27603	-1
27	3449	-1
17	28050	1
48	18359	1
25	18093	-1
48	25328	1
42	2507	1
44	9649	-1
43	1772	1
0	23671	1
47	6160	-1
46	13237	-1
7	6617	1
43	17996	1
46	11756	1
1	2581	1
1	18764	-1
32	1496	1
40	18463	1
5	9532	-1
7	26823	-1
17	22343	1
44	4355	1
18	21273	1
16	6950	-1
4	1591	-1
8	29433	-1
34	11332	1
8	2788	1
18	13399	1
43	19652	1
43	4210	1
27	7437	-1
46	16482	-1
43	10989	1
8	27866	1
44	13817	1
42	26416	1
16	23416	1
30	24109	-1
4	15751	1
39	22661	-1
37	11674	-1
48	21405	1
35	22679	1
14	24686	-1
43	9439	1
27	15109	-1
16	8689	-1
29	632	-1
7	30021	-1
16	29129	1
22	12936	-1
7	6741	1
37	28384	-1
34	27325	-1
37	20267	1
7	29257	-1
4	19860	1
49	24718	-1
31	11874	-1
21	6745	1
17	29154	-1
12	17784	-1
17	13135	-1
40	11251	1
39	6578	-1
8	12845	1
26	15549	-1
35	27915	1
18	22173	-1
20	15628	-1
4	29574	1
10	16688	1
37	21724	1
48	18235	1
23	6001	1
15	27509	-1
9	28537	1
0	48	1
8	14868	-1
44	21303	1
2	13725	-1
30	10773	1
44	10781	-1
44	28434	1
42	23936	1
4	31083	1
47	7905	-1
2	19480	-1
36	956	1
9	9597	-1
27	24170	-1
40	8958	1
13	18186	-1
47	29803	-1
15	19267	-1
49	17989	1
1	18010	1
42	18235	1
30	10401	-1
7	6612	-1
49	23668	-1
38	24751	1
27	11508	1
10	25466	1
23	9533	1
38	23169	-1
44	11971	-1
8	10045	1
5	16272	-1
6	13614	1
44	13222	1
17	15793	1
3	10007	-1
26	11304	-1
38	2684	1
39	28174	-1
43	9762	-1
28	13424	-1
12	21303	-1
35	8615	-1
8	11736	1
26	27939	1
7	2956	1
35	3950	1
13	20056	1
44	7418	-1
10	8629	1
37	12202	1
46	25222	1
8	5094	1
41	16882	-1
47	6342	-1
18	29910	-1
41	16530	-1
11	3756	-1
43	8873	1
40	21371	1
16	16295	-1
18	3591	1
47	17101	-1
44	29187	1
39	6233	1
2	16255	1
44	27308	1
38	17565	1
17	2739	-1
13	20541	-1
46	17773	1
12	8298	1
35	19118	1
26	16088	-1
23	5372	-1
15	29870	1
37	5828	1
2	24293	-1
30	22451	-1
17	11489	-1
48	11571	1
40	4882	-1
17	7272	-1
39	1335	1
48	28195	-1
11	20432	-1
5	28865	1
49	28321	1
43	25961	1
5	19972	-1
24	22623	-1
13	16172	1
41	26836	1
41	11844	-1
38	24357	-1
40	30716	1
19	7413	-1
16	20343	-1
27	16172	-1
44	7398	1
16	6111	1
28	29062	1
35	10839	-1
46	2286	1
44	13393	-1
35	9695	-1
26	2829	-1
3	13613	-1
39	10895	1
16	15888	1
42	21706	1
49	6431	-1
45	30764	-1
36	24209	1
7	24431	-1
10	9208	1
13	11875	1
11	15265	-1
28	9955	1
44	26553	-1
46	20649	1
9	22609	1
48	2705	1
46	16840	1
9	5036	-1
7	12409	1
17	63	1
8	28787	1
6	16488	-1
48	5822	1
19	16485	-1
48	12245	-1
46	10359	1
35	21851	-1
4	10058	-1
21	24325	-1
13	10030	1
4	6174	1
6	23359	1
18	21993	-1
18	1160	1
25	7026	1
49	16851	-1
13	1743	-1
5	2091	-1
4	28702	-1
33	12262	-1
18	8222	1
9	14020	-1
39	4359	1
34	21727	-1
45	18595	1
43	9303	1
37	22866	-1
42	26785	1
48	17970	1
25	10186	-1
32	9333	-1
17	30042	-1
17	27329	1
43	596	1
32	11962	1
43	20873	-1
14	4709	-1
41	7632	-1
6	872	1
5	7615	-1
30	5096	1
10	15239	-1
29	12628	1
48	9097	1
40	16985	-1
20	9901	-1
1	18164	1
19	9657	-1
28	25887	1
21	13063	1
6	7146	-1
47	31081	-1
1	28065	-1
28	8694	1
10	8243	1
0	21227	-1
11	13919	-1
4	1346	1
46	20471	1
25	29789	-1
16	11961	1
39	16940	-1
48	27234	1
43	18259	1
24	22438	-1
43	30832	1
4	17600	-1
41	17108	-1
25	4969	-1
12	24183	1
8	11753	1
12	14498	-1
8	10252	1
2	27882	-1
19	6520	-1
29	22917	-1
24	14691	-1
13	25478	-1
40	2910	1
48	18151	-1
35	28889	-1
4	22566	1
12	8723	-1
4	26729	1
0	15668	-1
13	17819	1
6	2627	-1
8	27713	1
7	8480	1
46	13878	1
8	24032	1
43	24116	1
18	30063	-1
17	28722	-1
38	561	1
40	22029	-1
3	3268	-1
43	14397	1
21	30285	1
6	8347	-1
7	28188	-1
45	6691	-1
4	8964	-1
34	26348	-1
44	28399	1
26	2889	-1
16	9773	1
44	20464	1
44	28351	1
48	17194	1
9	26881	-1
8	25088	1
42	24686	1
13	1811	1
7	28081	1
43	14434	-1
7	1596	1
13	23445	1
10	27197	-1
16	14321	1
3	1007	-1
27	8739	1
13	12045	1
20	1460	-1
29	10935	1
9	4918	1
27	26772	1
5	13106	-1
37	7101	1
30	16294	-1
17	27708	-1
23	9191	1
0	17476	1
6	26916	-1
31	24	1
46	6626	-1
12	30905	1
45	142	1
4	29808	-1
49	3540	-1
46	22418	1
32	1071	-1
2	24797	-1
40	869	-1
44	10170	-1
14	20380	-1
46	23631	-1
43	30718	1
41	30751	1
39	29692	-1
46	3975	1
10	5079	-1
35	28883	1
42	8670	1
8	27907	1
1	15272	1
9	19254	-1
9	24653	-1
48	12174	1
28	8849	1
43	24695	1
35	10450	1
8	2607	1
49	3419	-1
15	1343	-1
20	16162	1
48	28326	-1
4	23985	1
40	6380	-1
49	30890	1
18	8837	1
48	7216	1
10	22162	-1
9	21883	-1
48	23304	1
30	10294	1
19	29074	-1
45	12872	-1
8	27103	1
9	9374	-1
7	30949	1
34	23972	1
43	15715	1
33	11072	-1
15	30964	-1
48	24134	1
45	4121	-1
15	17082	-1
26	15223	-1
43	22720	1
20	1131	-1
18	12174	1
7	4746	1
23	6241	-1
25	26854	-1
18	23914	1
41	21878	-1
48	9104	-1
7	19413	-1
10	7795	-1
33	1144	1
21	26335	-1
33	9327	-1
43	26454	1
42	18049	1
6	6844	1
42	15397	1
4	13993	1
19	14398	-1
34	28196	-1
44	4933	1
20	21	-1
44	25756	1
28	21361	1
15	7050	-1
41	10827	1
13	1621	1
48	26073	1
29	12704	1
22	27796	1
32	4406	-1
26	21587	-1
27	22270	1
33	8745	-1
8	25610	1
4	10608	1
48	10374	1
1	12806	1
8	12595	1
18	13107	-1
4	27834	1
5	30711	1
13	5833	1
46	21332	-1
28	6607	-1
12	3127	-1
41	1747	1
36	27696	-1
47	14878	-1
49	23703	-1
5	29554	1
20	29049	-1
29	16697	-1
34	14116	1
11	22171	-1
4	22476	-1
37	6394	1
41	17253	-1
26	30556	-1
41	15568	-1
8	18123	1
38	15961	1
43	29434	-1
25	29304	-1
21	24205	1
32	29164	-1
2	1299	-1
8	21308	-1
1	13976	1
23	21963	-1
32	27410	-1
2	8704	-1
18	1766	1
46	14435	1
30	1568	-1
37	9140	-1
3	1208	-1
8	1460	-1
5	1444	-1
12	362	-1
23	18467	-1
26	29446	-1
35	29708	-1
13	6531	1
40	19762	-1
8	18689	-1
46	25439	1
4	7103	-1
18	21434	1
46	21312	1
44	18227	-1
25	2321	1
19	12423	1
29	26407	-1
10	19414	1
21	26487	1
34	11859	-1
45	4994	-1
13	21687	1
10	25365	-1
17	25343	1
43	6688	1
13	17358	1
18	5895	-1
20	4964	-1
40	20271	-1
11	26430	-1
40	11351	1
4	4505	1
46	1050	1
39	22258	-1
13	29548	1
13	782	1
43	12847	-1
48	3820	1
27	18880	-1
31	21339	-1
32	11856	-1
35	4849	1
45	4164	-1
29	26794	-1
46	15979	1
10	9782	-1
4	6341	1
10	4668	-1
26	4702	1
7	27270	1
21	18836	1
11	10301	-1
46	4961	1
8	9539	1
27	22157	-1
44	1571	1
30	5030	-1
7	16328	1
48	16324	1
17	111	1
6	27359	1
27	21360	-1
40	5556	-1
7	24928	-1
42	16563	-1
6	11944	1
4	13194	1
47	29476	-1
5	18403	1
40	29232	1
21	11826	-1
23	2008	1
4	3191	1
42	8271	-1
9	16469	-1
17	7800	1
45	2665	1
4	10895	-1
41	17877	-1
6	24497	1
15	25537	-1
4	18524	1
46	25775	1
44	6680	-1
46	30576	1
27	28071	-1
13	27519	1
8	841	1
5	26044	1
48	11201	-1
4	13011	-1
1	26717	-1
36	20083	1
1	30017	1
1	27288	1
40	30833	1
45	9442	-1
48	9056	1
12	3390	1
15	15318	-1
4	10632	1
36	20153	-1
37	16186	-1
37	7296	-1
23	1275	1
18	30570	1
23	16211	1
11	3763	-1
34	17432	-1
2	22602	-1
16	628	1
17	21591	-1
43	11202	-1
7	3416	1
48	14508	-1
27	7053	-1
5	16890	1
5	25500	-1
42	12643	1
44	11463	-1
15	30711	-1
5	15743	1
5	28527	-1
21	20823	-1
36	26544	-1
7	5556	-1
13	20434	1
30	6650	-1
16	13395	-1
16	1653	-1
48	2193	1
43	515	1
41	25334	1
1	22773	-1
13	11786	1
5	17329	1
45	29002	-1
39	14647	-1
47	18337	1
4	16744	-1
20	19040	-1
34	12235	-1
2	17379	-1
37	26351	-1
48	27609	1
28	1637	1
3	12706	-1
32	5855	-1
37	12271	-1
5	7507	-1
40	4398	1
14	5582	-1
42	4885	1
6	2668	-1
21	10713	-1
46	12631	1
46	12818	1
0	5264	-1
35	12416	1
40	16169	1
18	27026	-1
36	7241	1
49	9024	-1
30	2904	-1
5	22879	1
6	17125	1
4	16832	-1
28	9940	-1
46	10347	1
20	22636	-1
35	26887	-1
28	10647	1
45	4984	-1
38	16570	-1
28	19068	1
4	18568	1
48	24242	1
48	5227	-1
32	30392	-1
43	9896	1
38	26210	-1
8	22866	1
7	1311	1
43	14827	1
30	4766	1
45	12323	-1
28	2075	1
22	27540	-1
9	26903	1
7	19102	-1
16	2256	-1
41	14648	1
20	30597	-1
29	28854	-1
30	5804	-1
7	17788	-1
16	25443	1
30	14154	-1
40	15235	1
47	19806	-1
21	27152	-1
35	10935	-1
40	7830	1
4	19395	-1
4	8405	-1
33	17709	-1
13	7957	1
49	29057	-1
27	12762	-1
15	7629	1
33	21281	-1
26	24640	-1
11	8204	-1
15	6694	1
2	13080	-1
42	23011	-1
26	567	-1
43	8533	1
48	14342	-1
39	6453	1
46	1419	1
29	27838	-1
10	9588	-1
17	26361	1
49	112	-1
40	7636	-1
25	211	-1
39	8678	-1
4	9207	1
22	21829	-1
30	17168	-1
13	4683	1
41	21366	1
3	475	1
39	2485	1
27	771	-1
29	24652	-1
18	16546	1
22	12571	-1
10	2551	-1
8	11435	1
2	26391	-1
44	27969	-1
29	25902	1
18	25397	-1
29	27350	-1
1	23112	-1
42	11978	1
38	28041	-1
4	9116	1
21	19251	1
42	13613	1
3	7619	-1
15	13667	-1
16	12755	1
31	9296	-1
9	20286	-1
8	3207	1
46	29629	1
20	5062	-1
35	8122	-1
36	25457	1
21	5340	-1
18	21613	-1
46	26248	1
21	29728	1
13	19875	1
18	25317	-1
33	28185	-1
47	4475	-1
31	22891	-1
6	17893	-1
25	5416	-1
31	29250	-1
44	17077	1
36	4102	-1
34	23014	-1
17	7514	-1
43	16615	1
45	13980	-1
43	17016	1
2	25104	-1
40	4453	1
2	16904	-1
42	22105	1
13	9859	1
7	11384	1
35	17192	1
20	24705	-1
8	25495	1
31	14268	-1
17	30360	1
40	1949	1
33	5690	-1
0	5284	1
24	27564	-1
6	26431	1
10	5442	-1
11	10531	-1
29	25304	1
13	12115	1
8	17863	1
33	9989	-1
48	8097	1
13	23698	1
36	28500	-1
6	30869	1
14	19829	-1
48	11608	1
4	24936	-1
6	29646	1
34	20968	-1
35	10517	-1
6	22363	1
32	13064	-1
0	23483	1
0	5266	-1
12	14323	-1
14	3823	-1
46	26514	1
17	16787	1
4	2240	1
48	12984	1
27	10573	-1
25	11383	-1
46	17386	1
43	15469	1
43	25102	1
21	1283	-1
45	28735	1
43	5301	-1
5	24686	-1
14	28853	-1
14	27243	-1
15	16857	1
3	22143	-1
48	25394	1
4	1449	1
18	11657	1
43	23215	-1
37	21959	-1
4	20190	1
0	27723	-1
28	916	-1
13	15511	-1
4	22868	1
37	28357	-1
14	26553	-1
26	30981	-1
8	29004	-1
11	27370	-1
36	4652	-1
8	13927	1
33	10340	-1
19	12860	-1
46	30684	1
40	6163	1
4	16475	-1
0	30216	-1
49	2872	1
8	7400	-1
40	13546	1
8	28318	1
1	15627	1
37	7887	-1
2	6730	-1
36	20750	1
36	11189	-1
7	25831	1
45	10136	-1
43	20499	1
43	8343	1
49	3405	1
24	5924	-1
26	16387	-1
31	26858	1
18	18466	1
49	10408	1
42	4873	1
10	10746	-1
48	1772	1
42	9834	1
37	30934	-1
0	3482	-1
5	4375	-1
12	23085	-1
37	23731	1
4	11347	1
20	30523	1
26	16881	-1
47	18210	-1
13	22383	-1
41	3407	-1
26	11214	-1
49	1890	1
36	13188	1
46	24378	1
8	10287	1
23	11335	1
2	5283	-1
48	22419	1
4	4231	1
7	4511	-1
46	1497	1
33	22797	-1
10	2227	1
39	6524	1
8	8330	1
34	8521	-1
31	22345	-1
40	19105	-1
32	9546	-1
45	12499	-1
7	3163	1
1	30997	-1
4	17321	1
44	1610	-1
25	4108	1
14	9156	-1
23	29700	1
9	21786	-1
43	10734	1
18	28810	1
23	26794	-1
45	10691	-1
47	27935	1
43	582	1
9	23719	-1
25	27141	-1
27	30457	-1
3	21658	1
17	13952	1
41	12962	-1
13	20605	1
0	25363	1
39	1853	-1
48	20323	1
36	28084	1
43	22252	1
25	1593	-1
23	4847	-1
23	29998	-1
43	8099	1
43	11760	-1
24	22203	-1
32	15108	1
5	5606	-1
44	15416	-1
7	5418	-1
46	1449	1
31	29967	-1
19	18791	-1
5	431	1
46	28673	1
40	18053	1
46	21990	1
39	10784	-1
47	24979	-1
21	1457	-1
26	24717	-1
12	236	-1
6	30142	1
23	16416	-1
42	2540	-1
16	4986	1
49	8697	-1
33	28002	-1
8	4317	1
49	7489	1
0	18673	1
22	1765	-1
29	17822	1
43	13160	1
40	7089	1
43	18052	1
1	15853	1
10	16107	1
8	16029	1
36	25059	-1
37	28460	-1
32	9411	1
6	6525	-1
11	16268	-1
22	9028	1
19	1307	-1
30	5913	-1
46	13725	1
10	20103	1
46	16152	1
32	17436	1
48	30980	1
13	21003	1
0	26969	-1
18	13130	1
25	16058	1
35	23216	1
46	10335	1
48	16695	1
3	26207	-1
38	22384	-1
10	19203	-1
35	17351	1
24	16195	-1
8	14593	1
16	7884	1
40	17783	-1
48	7667	1
49	13095	1
6	23522	1
17	12611	-1
29	5922	1
14	6309	1
17	24821	1
16	308	1
27	20781	-1
7	3366	1
43	24439	1
13	4469	1
43	16703	1
48	7839	1
5	23064	-1
0	2325	-1
40	29126	-1
48	25402	1
30	3861	-1
19	30169	-1
21	21474	1
32	18718	1
40	17449	-1
46	15798	1
43	17633	1
46	10344	1
41	15029	-1
43	7991	1
36	12289	-1
33	30765	-1
18	2812	1
44	12098	-1
39	23553	-1
18	8897	1
48	22219	1
32	10827	-1
4	17767	1
29	7516	1
43	262	1
38	15454	-1
15	21361	1
46	26524	1
1	19658	1
21	17771	1
17	8141	1
39	5909	1
47	26303	-1
40	12379	-1
35	19439	-1
7	29574	-1
44	17755	1
43	6834	1
15	31067	-1
43	27371	1
34	11344	-1
49	10503	-1
3	4142	-1
13	5388	1
49	3968	-1
48	20235	1
23	28588	1
42	27863	1
43	9053	-1
9	21638	1
40	27609	1
9	24465	-1
48	3477	1
27	22172	1
42	6397	-1
35	28669	1
5	11623	1
11	6877	-1
19	10613	1
37	14300	-1
21	30958	-1
21	6416	-1
46	3845	1
46	27367	1
46	22868	1
28	2451	1
28	3766	-1
39	18763	-1
39	1333	-1
43	16162	1
15	30446	1
49	22320	-1
31	3537	1
40	21353	1
40	22457	1
16	18179	1
13	13662	1
42	18068	1
6	16620	1
0	23086	-1
46	20555	1
7	4836	-1
7	6519	1
49	22539	-1
14	3888	1
39	15483	1
21	956	1
6	20773	-1
23	15285	1
6	11284	-1
43	15282	1
1	1494	1
42	1299	-1
27	8882	-1
16	26890	-1
1	27038	-1
4	5044	1
12	13619	-1
33	13882	-1
38	14440	-1
48	11801	-1
43	14679	1
11	16676	-1
1	7488	1
22	5180	-1
36	4143	1
15	19337	1
13	21097	-1
16	18305	1
2	8321	-1
21	4404	1
25	28327	-1
14	3742	-1
5	78	1
36	19172	-1
43	28020	1
47	16762	-1
18	3256	1
32	12631	1
30	21679	-1
32	20698	-1
49	30204	-1
7	10228	-1
32	7627	1
3	17451	-1
41	15736	1
43	29320	1
40	15992	1
43	11329	1
1	6535	1
12	9175	-1
6	18009	1
7	19823	1
20	30304	-1
43	22969	1
46	14132	1
24	21669	-1
43	10607	1
8	3062	1
25	5934	-1
11	9843	-1
39	29390	1
7	19173	1
28	27341	1
8	24520	1
23	27318	-1
43	9907	1
13	8437	-1
7	3994	1
40	15090	-1
38	17803	-1
3	22165	-1
4	13972	1
6	21980	1
42	20018	1
17	18246	-1
43	28815	1
18	27538	-1
48	3114	1
48	15043	1
43	7577	1
44	2696	-1
13	12381	1
10	22393	1
46	15678	1
28	21281	1
44	5834	-1
42	1481	-1
42	27093	1
38	20838	-1
48	14040	1
23	5947	-1
1	20645	1
13	4799	1
4	18963	1
16	11826	-1
16	23419	1
6	19421	-1
16	20582	1
6	21348	1
5	11228	1
0	11540	-1
40	28971	1
48	13718	1
32	11416	-1
13	12896	1
34	20799	-1
47	30125	-1
8	12393	1
44	22873	-1
6	20364	1
26	376	-1
46	3476	1
23	29038	1
6	1529	-1
30	12268	-1
48	13727	1
4	24385	1
20	21214	1
26	25102	-1
40	13493	-1
41	24647	-1
46	12839	1
7	15825	-1
17	11135	1
7	10107	1
6	8958	1
26	13622	-1
30	14265	1
13	13880	1
26	7943	-1
48	2510	-1
11	16219	-1
44	3055	1
43	14574	-1
32	12709	1
49	10873	-1
32	22220	-1
5	2963	1
29	20164	1
48	28856	1
38	19841	-1
44	6795	-1
9	529	-1
29	30015	-1
45	1702	-1
0	4766	1
4	2426	1
36	25591	-1
21	20070	1
46	16720	1
18	30642	-1
48	23827	1
27	24425	-1
46	11141	1
47	355	1
21	27546	1
23	4173	1
8	9151	1
17	7533	1
31	9256	-1
46	6544	-1
8	13790	1
20	3768	-1
49	7218	-1
2	1328	-1
8	22952	1
41	14019	-1
43	18543	1
37	3392	-1
23	9551	-1
38	17989	1
25	21673	-1
14	14178	-1
48	17265	-1
48	20116	-1
34	10588	-1
35	21448	-1
44	30664	-1
17	6400	-1
23	16496	-1
12	29632	-1
30	23492	1
8	17988	-1
23	11507	1
43	1046	-1
43	3199	1
35	21335	-1
45	4410	1
21	29194	1
32	30888	-1
6	17624	1
43	10611	1
20	30776	-1
2	8731	-1
4	14946	1
40	16993	1
10	25410	-1
44	12793	-1
45	4699	1
36	30711	1
43	29805	1
29	25923	-1
49	9504	1
30	3434	1
41	2080	-1
16	7577	-1
20	14261	1
40	9717	1
23	11983	1
13	18750	1
9	7928	1
18	31061	-1
14	16149	-1
36	17199	-1
6	20031	1
17	28775	-1
5	17798	-1
46	22990	1
26	13239	-1
17	10978	1
4	30402	-1
14	12545	-1
0	14235	-1
10	30446	-1
43	11382	1
16	30361	-1
6	29695	-1
48	8350	1
3	16582	-1
11	1427	-1
8	18088	1
29	22343	-1
28	19394	-1
4	27806	1
31	28144	-1
46	7493	1
24	14477	-1
18	11288	1
35	4875	-1
7	18041	-1
23	10858	-1
12	15407	-1
1	5247	-1
45	14612	1
40	27915	-1
43	17528	1
0	743	-1
23	28302	1
33	13969	-1
48	15263	1
21	29369	-1
40	9541	1
12	5238	-1
6	13790	1
46	27192	1
18	25703	-1
20	17057	-1
24	5063	-1
7	18080	-1
37	721	-1
4	22160	1
1	19631	1
8	4456	1
33	18760	-1
34	10322	-1
5	6954	1
42	3178	1
3	7598	-1
36	7951	-1
13	11676	-1
42	20343	1
26	30041	-1
18	14081	-1
49	111	-1
15	30560	-1
4	28209	1
13	20536	1
9	18442	1
40	18786	1
48	14692	1
2	23221	1
30	28680	1
33	29900	-1
8	23710	1
29	925	1
34	27604	-1
36	12910	-1
42	13840	1
29	10238	1
25	18577	1
4	7772	1
8	10667	1
26	7408	-1
17	23374	1
46	13738	1
30	30541	-1
11	1494	-1
24	28231	-1
6	14874	1
35	12951	1
38	15569	-1
42	23696	1
48	13275	1
5	24167	1
35	12631	-1
49	17693	1
18	20546	1
39	11920	1
16	13812	1
12	1229	1
46	23561	1
39	5128	1
17	14400	-1
6	28700	1
21	26343	-1
13	24277	1
43	10944	1
4	11528	1
0	22085	1
42	3083	1
4	25187	1
46	13817	1
16	3441	1
1	23226	-1
28	18316	1
20	25091	1
25	170	-1
28	22316	-1
47	25538	1
17	3280	1
25	23128	-1
4	7096	1
3	13936	-1
15	1714	-1
28	17031	-1
41	1686	-1
24	1376	-1
6	19825	1
48	6745	1
25	3548	1
42	1132	-1
21	19918	-1
6	15474	-1
48	24469	-1
43	23918	1
42	865	-1
5	16375	1
2	27238	1
23	8121	-1
8	27755	1
28	24690	-1
40	24956	1
29	29772	1
27	15092	-1
6	9963	-1
8	19566	1
4	11806	1
42	24992	1
44	9709	-1
11	20098	-1
39	4538	-1
43	4283	-1
29	22540	-1
28	23519	1
8	7640	1
13	27997	1
45	11451	1
3	3621	1
11	6020	-1
42	7331	1
42	7059	-1
34	12638	-1
40	8177	1
30	18254	-1
6	20013	-1
41	5392	1
44	23537	1
4	1810	1
45	22133	-1
8	1318	1
23	13972	-1
1	19490	1
34	20254	-1
43	11711	1
43	8335	1
31	22613	-1
1	23061	1
22	21757	-1
46	10727	-1
40	5107	1
44	23111	1
36	17625	1
21	22551	-1
14	16105	-1
6	16458	1
17	23970	1
33	9299	-1
10	25888	-1
21	3717	1
43	7749	1
9	17585	-1
40	2978	1
46	16092	1
16	27493	-1
0	3203	-1
15	30053	-1
8	10164	1
46	23522	1
29	28208	-1
47	16494	-1
0	23595	-1
46	5815	1
45	28516	1
35	6105	1
35	1387	1
27	28083	1
7	30584	-1
7	10482	-1
11	19965	-1
35	9558	1
28	25107	-1
22	4856	1
47	6489	-1
22	16258	-1
37	22445	-1
38	15319	-1
43	27316	1
47	3195	-1
15	29851	-1
13	4820	1
35	23252	-1
40	7081	1
19	29642	-1
49	18235	-1
47	22109	-1
48	8791	-1
21	16373	-1
0	18594	1
7	1823	1
8	6410	-1
21	5603	-1
17	13707	-1
34	10251	-1
9	18764	-1
46	9735	1
8	4992	1
32	1054	-1
1	5752	-1
23	27389	-1
29	22403	-1
6	27107	1
10	5141	-1
31	26384	-1
39	23704	1
1	10325	1
2	9231	1
5	19075	-1
4	22271	1
13	25026	1
19	25287	-1
43	27578	-1
16	6020	1
48	4778	1
35	11282	1
43	10470	-1
9	3592	1
0	28213	-1
5	14357	1
46	17137	1
8	979	1
41	25024	-1
13	30375	1
45	20761	-1
44	17720	-1
18	1789	-1
43	8095	1
34	30212	-1
40	1395	-1
49	12718	-1
36	7313	-1
1	7645	1
43	20250	-1
5	8737	1
42	2668	-1
6	15231	1
14	20194	-1
16	18415	1
13	17759	1
19	18177	-1
30	11993	1
8	3470	1
17	9761	-1
0	11169	-1
17	932	1
8	5213	1
21	14468	-1
16	9397	1
30	20130	1
35	23390	1
7	948	1
14	3774	-1
5	20377	1
30	24646	-1
43	2727	1
13	28223	1
30	21118	1
28	21653	-1
46	27736	-1
32	23495	-1
24	9583	-1
13	20147	1
25	16614	-1
4	4695	1
8	22048	1
49	27697	1
12	3573	-1
29	25267	-1
48	11719	-1
1	12124	-1
48	18654	1
42	26531	1
25	28366	-1
15	28551	1
7	13589	1
20	22642	-1
40	20024	1
16	20420	1
34	11678	1
43	7506	1
48	25812	1
23	30631	1
25	6327	-1
13	18663	-1
12	30375	-1
46	26666	1
47	5897	-1
43	19520	-1
44	7415	-1
48	5365	1
45	10108	-1
30	22198	1
13	25142	1
40	12020	1
40	23509	-1
43	11011	1
30	28498	-1
6	15055	1
45	2740	1
2	7513	-1
39	26675	1
33	25139	-1
2	6222	-1
29	25644	-1
43	22828	1
27	935	-1
48	11294	1
40	24995	-1
27	9224	-1
8	24807	-1
31	22552	-1
41	30897	1
35	24541	-1
41	18962	1
48	30303	1
10	20693	-1
20	13859	-1
15	4370	-1
43	23396	1
29	3814	-1
43	5254	1
13	28676	1
43	1550	1
40	665	-1
21	28345	1
44	28088	-1
8	1164	1
39	20402	-1
34	28146	1
28	4444	1
11	6438	-1
6	12077	1
44	13708	-1
10	15066	-1
13	12031	-1
47	27885	-1
7	13349	1
38	138	1
44	15870	-1
4	20279	1
13	13045	-1
39	28297	1
36	18498	-1
28	5659	1
0	1995	1
13	12952	1
46	24308	1
3	16951	1
8	10499	1
35	12845	-1
4	4012	1
40	18091	-1
10	26230	-1
16	6295	1
21	14870	1
28	11036	-1
14	10870	1
29	15186	1
43	19544	1
20	6512	-1
13	15536	1
6	22479	-1
43	11315	1
19	19663	1
8	30850	1
9	18322	-1
14	24574	-1
14	1849	-1
1	5675	1
4	21902	1
32	25736	-1
40	3068	1
48	6428	1
34	17347	-1
15	17533	-1
39	19847	1
6	6775	-1
8	16415	1
7	7925	-1
1	7650	1
6	26281	-1
42	12943	1
9	18441	1
39	3022	-1
9	26404	1
0	12709	-1
13	12429	1
10	22718	1
6	23556	-1
38	3312	-1
39	10537	-1
28	27768	1
48	14476	1
35	6653	1
24	5106	-1
28	3307	-1
48	27586	-1
42	11435	1
18	16027	-1
12	2717	-1
14	20657	1
18	29985	1
4	14730	1
37	24175	-1
19	20021	1
13	13951	1
21	18852	-1
11	25628	-1
32	2220	-1
48	14338	1
39	6558	1
38	2007	-1
14	27810	-1
49	13400	1
36	13461	-1
9	15775	-1
36	6128	1
21	3464	-1
40	15566	1
47	26040	1
34	21110	-1
30	16599	-1
46	903	1
8	14315	-1
39	18485	-1
30	22650	1
26	16667	-1
4	14761	-1
16	972	1
16	3250	-1
17	10647	-1
38	13251	1
25	30164	-1
43	18554	1
40	26877	1
16	10881	1
43	13319	1
39	8544	1
9	20360	-1
36	11166	-1
29	26194	-1
17	20720	1
43	26746	-1
39	12356	1
34	30253	-1
48	17087	-1
18	5968	-1
37	7069	-1
42	16820	1
25	27050	-1
4	14882	1
9	19259	-1
40	18924	-1
46	16494	1
45	3072	-1
12	18079	-1
20	4262	-1
28	202	-1
11	11125	-1
0	17895	1
43	20975	1
48	19802	1
42	10999	1
14	5282	1
49	2548	-1
19	27398	-1
43	10139	1
8	6681	1
36	15707	-1
41	21019	1
48	23400	1
10	243	-1
12	28312	1
16	15073	1
22	27161	-1
6	22003	1
13	4052	1
38	23954	-1
10	28319	1
43	24403	1
13	30794	1
4	21445	1
49	11889	-1
46	19566	1
11	15303	-1
7	29103	1
48	11790	1
8	9366	-1
7	12372	1
20	16757	1
27	14293	-1
5	2595	-1
16	30101	1
5	27177	-1
48	23026	1
32	29087	-1
13	26645	1
39	27236	1
23	30429	-1
15	30281	-1
25	6467	-1
2	1408	-1
41	6387	-1
40	13293	1
24	7312	-1
47	30048	-1
21	27237	1
17	602	-1
1	3699	-1
43	1998	1
6	27302	-1
7	11071	-1
27	3884	-1
46	28474	1
45	10561	1
39	22856	1
8	25589	1
22	23824	-1
27	14847	-1
21	13896	1
8	14806	-1
8	20800	1
9	7626	-1
16	10931	-1
8	1202	1
26	9026	-1
18	23961	-1
6	16529	1
46	30822	1
17	664	1
35	22009	1
5	19150	1
43	17298	1
46	16752	-1
8	13588	-1
3	11961	1
30	5021	1
11	29402	-1
35	24852	-1
24	17303	-1
22	11530	-1
46	1806	1
4	8741	1
0	9550	1
21	21099	1
41	25553	-1
8	26448	1
6	21251	1
9	15984	-1
34	2519	-1
36	28539	-1
5	5411	-1
35	28637	-1
44	13504	-1
43	6860	1
5	29171	-1
49	12894	-1
39	6721	1
8	10357	1
6	4265	1
18	15002	-1
22	14614	-1
43	28902	1
48	6727	1
14	23185	-1
44	14390	-1
41	2424	-1
48	24682	1
43	26416	1
46	24651	1
43	25274	1
0	28283	-1
42	5058	1
7	6655	-1
42	5788	-1
46	25649	1
34	7980	1
8	2521	1
14	26923	-1
49	14447	-1
16	17593	1
40	27269	1
44	16840	1
23	20449	1
37	6764	-1
46	2256	1
40	14679	1
16	9718	1
34	22955	1
2	16892	-1
13	23378	1
46	29181	1
26	1351	-1
4	21826	1
0	2980	1
27	16128	-1
12	4552	1
5	4208	-1
8	28735	1
46	16148	-1
21	10995	1
23	10489	1
10	18240	-1
38	25105	-1
48	18296	-1
47	1020	-1
7	12293	1
6	17330	-1
21	4000	-1
38	17073	1
9	5347	1
5	22174	-1
8	11028	1
26	5406	-1
9	16738	-1
5	25998	-1
9	21326	-1
32	3423	1
4	20807	1
5	29656	-1
16	6380	1
7	23821	-1
23	19429	1
13	8509	1
41	3199	-1
28	17440	1
11	30422	-1
43	8718	1
38	12277	1
46	8014	1
35	9936	-1
17	15224	-1
35	25737	1
19	15837	-1
24	2038	-1
22	22504	-1
49	20328	-1
4	31011	1
46	30817	1
7	5539	-1
42	18300	-1
19	3961	1
0	25176	-1
9	6553	-1
29	13160	1
21	6037	1
25	22044	-1
16	6446	1
40	17594	-1
17	23549	-1
18	4338	-1
19	12219	-1
6	4031	1
16	30863	-1
42	20758	-1
4	17967	1
12	17493	1
40	25562	1
21	25911	-1
1	10165	-1
27	25835	-1
46	24902	1
46	26062	1
5	27528	-1
22	30070	-1
14	9467	-1
28	22329	-1
42	9665	1
16	9776	-1
34	4493	-1
14	7618	-1
47	29473	-1
5	26933	-1
38	13166	-1
4	13698	1
24	27180	-1
29	24718	-1
17	8833	1
8	4655	1
13	30571	1
39	17626	-1
6	21554	-1
7	21666	1
48	18784	-1
47	26373	-1
46	8166	1
35	23765	1
43	28338	1
43	9281	1
31	2337	-1
5	21608	-1
48	5432	1
46	21551	-1
48	23588	-1
5	11306	-1
7	16948	1
37	3167	-1
49	23781	-1
14	17551	-1
25	12284	1
39	28489	-1
26	18949	-1
46	25746	1
17	26374	-1
44	22659	1
43	13731	1
39	7488	-1
0	14974	-1
40	28771	1
6	4796	1
26	2682	-1
48	12013	1
13	17692	1
13	2656	1
47	15140	-1
48	4260	1
43	19337	-1
37	5595	-1
47	11866	-1
8	1916	1
20	14939	-1
36	13790	-1
16	6263	-1
31	20366	-1
28	25789	-1
23	3539	-1
5	16931	1
40	6263	1
8	19634	-1
46	17000	1
22	8400	-1
9	22001	1
13	13082	1
43	25583	1
28	17722	1
9	21623	-1
43	11227	1
42	7973	1
23	12407	1
7	24078	1
10	13207	1
46	9215	-1
41	25957	-1
13	15592	1
23	29263	-1
17	25723	1
42	13958	1
30	17343	-1
36	19109	-1
30	25576	1
18	10864	-1
11	28436	-1
18	9844	-1
3	10152	-1
16	415	-1
47	20146	-1
43	20514	-1
44	27479	1
43	9961	1
48	28364	1
12	14561	-1
27	4964	-1
46	1087	1
48	12612	1
43	30968	1
30	29461	1
15	21343	-1
48	12559	-1
0	342	-1
29	15396	-1
17	2137	-1
31	28691	-1
17	20642	-1
46	13494	1
30	29040	1
8	21457	1
26	3934	1
40	10290	1
49	5266	1
29	4550	-1
41	24748	-1
4	21833	-1
8	18836	-1
17	14261	-1
42	25893	1
16	22220	1
36	2546	-1
29	7114	-1
5	815	-1
39	19058	-1
31	5992	1
18	15169	-1
6	16703	1
0	27704	1
35	1346	-1
27	28686	1
11	27669	-1
35	28141	1
19	12745	-1
48	20216	1
43	21329	-1
38	2368	-1
17	7187	1
13	823	1
15	22832	-1
46	15093	-1
24	16759	-1
3	19616	-1
41	28523	-1
24	24354	-1
31	11814	-1
7	14163	1
44	13249	1
38	7293	-1
41	11173	-1
47	22437	-1
20	3808	-1
12	24121	-1
46	13555	-1
41	22617	-1
38	27296	-1
8	24363	-1
40	12143	1
33	25559	-1
13	27740	1
23	17735	-1
38	26133	-1
13	8103	1
44	19089	-1
16	12275	-1
13	14746	1
30	16484	-1
40	23406	1
17	26388	1
47	23743	1
17	22233	1
4	7349	1
36	25144	-1
32	17355	-1
1	5010	-1
6	5831	1
49	10476	-1
36	29361	-1
32	18015	1
35	23793	-1
33	7202	-1
48	11063	-1
5	564	-1
36	24254	-1
40	16046	1
13	13148	-1
27	8415	-1
28	29500	-1
3	27309	-1
15	8537	1
16	10457	-1
3	6988	1
46	23442	1
18	26651	-1
22	28129	-1
27	14804	-1
32	10852	1
12	26296	1
8	1626	1
12	15850	-1
23	26056	-1
9	3201	1
8	4622	-1
2	24731	-1
44	26112	1
39	13611	-1
6	10467	1
42	18163	1
44	15794	-1
16	12820	1
39	13305	-1
44	3627	-1
43	20486	-1
28	26201	1
29	27517	-1
17	14955	-1
5	27300	1
45	18549	-1
0	6540	-1
35	6781	1
7	19722	1
46	23338	1
46	6644	1
43	18639	-1
30	25671	1
28	7412	-1
15	17767	-1
5	14804	-1
11	17076	-1
47	30050	-1
45	15823	1
9	10567	-1
19	13405	-1
48	18808	1
35	11441	-1
14	26190	-1
13	9636	1
35	23847	1
27	11453	-1
35	20809	1
13	13816	1
4	21660	-1
48	19242	1
45	21811	1
48	24736	1
19	23015	-1
46	27829	1
43	9773	-1
43	6082	1
21	26788	-1
41	10373	1
13	7252	1
1	17086	-1
8	13708	1
6	21257	1
46	28570	1
9	27219	1
13	30011	1
34	1605	-1
7	22521	1
36	6721	-1
21	6716	-1
36	17895	1
6	6843	1
11	13625	-1
40	22113	-1
29	443	-1
38	20348	-1
8	28028	-1
14	1665	-1
4	16025	1
17	11411	1
37	5891	-1
18	24498	-1
0	11122	-1
28	12260	-1
17	26409	-1
43	27064	1
0	25308	-1
8	13531	1
3	18407	1
43	23329	1
4	4397	1
42	6307	1
28	22020	-1
40	16872	-1
40	28379	1
43	26137	1
48	21797	1
7	16428	1
15	25795	-1
3	3363	-1
6	14431	1
43	15623	1
4	4591	1
10	10854	-1
6	748	-1
48	23654	1
36	728	-1
13	8417	-1
49	20042	-1
36	17271	-1
1	26624	-1
45	16761	-1
1	15047	-1
43	21589	1
39	3938	-1
43	22096	1
4	10689	-1
8	25730	1
8	10292	-1
26	28494	-1
13	12905	1
43	24372	1
26	29368	1
44	14037	1
5	3013	-1
9	3488	-1
4	15522	1
6	878	-1
45	15860	-1
44	18484	1
35	15097	-1
7	6048	-1
34	8702	-1
32	30745	1
13	19545	-1
44	22874	1
7	9107	-1
46	27959	1
10	4635	-1
21	12965	1
21	11105	-1
41	19057	1
26	15740	-1
39	23149	1
45	4238	-1
7	28954	1
23	24081	1
42	29024	1
16	16451	1
13	29043	1
43	22927	-1
8	17046	1
40	4557	1
8	2295	1
8	3331	-1
7	5546	1
42	16940	-1
5	26214	1
8	16015	1
23	17530	1
23	4754	-1
0	8988	-1
17	21110	-1
13	762	1
20	17314	-1
13	3818	1
4	24560	1
43	13490	1
4	22653	1
44	8473	1
33	14090	-1
30	18407	1
32	6383	-1
27	3814	1
6	25182	1
18	8696	-1
2	7369	1
7	1968	-1
16	27239	1
17	12303	1
16	19916	1
25	6686	-1
23	11891	-1
11	3440	-1
35	20855	-1
32	235	1
35	27090	1
31	1971	-1
30	23698	-1
19	8716	1
40	1475	1
18	25425	1
46	30555	-1
42	25203	1
28	3896	1
41	12043	-1
28	3452	1
16	23672	-1
31	16292	-1
4	28223	1
3	30603	-1
1	3225	1
22	6374	-1
23	21774	-1
21	15018	-1
4	71	1
36	11478	1
43	1684	1
46	9946	1
19	16604	-1
16	13853	-1
31	17536	-1
49	29764	1
48	20463	1
24	23447	-1
8	4862	-1
9	29526	-1
26	22474	1
35	3720	1
29	9766	-1
15	24119	-1
27	28994	-1
45	29839	-1
9	15215	1
43	6742	1
49	15075	-1
28	13398	1
43	4315	1
1	10566	1
35	2865	-1
47	16472	-1
13	9993	-1
43	22850	1
13	8814	-1
38	1721	-1
43	19598	1
29	1524	-1
6	11866	-1
31	25848	-1
48	9768	1
42	2186	1
33	29000	-1
49	237	-1
28	24835	1
6	12204	-1
8	25704	1
20	26227	1
41	20545	-1
18	22442	1
36	28404	-1
26	15926	-1
43	23103	1
8	18906	1
35	29428	-1
43	19588	1
1	12538	1
16	7081	-1
26	11378	-1
39	30443	-1
3	4997	-1
17	19055	1
39	18679	1
30	8451	1
1	20194	-1
14	16213	1
17	19866	-1
10	23368	-1
35	27082	-1
41	2291	-1
43	18223	1
27	25594	-1
3	26494	-1
33	26643	-1
11	23923	-1
37	14909	1
15	1531	-1
13	19723	1
16	4396	-1
1	17482	1
45	29652	1
35	12050	1
7	22850	-1
11	19581	-1
28	7087	-1
24	1257	-1
43	27584	1
6	11082	1
29	3236	1
34	9694	-1
5	13384	1
8	16362	1
35	15652	1
36	22766	1
39	8365	-1
31	20294	-1
1	19050	-1
43	26193	1
16	11642	1
15	13268	-1
23	12304	1
10	8235	-1
1	11850	-1
46	24807	1
42	23351	1
31	23071	-1
43	9034	1
31	27392	-1
48	23518	1
46	28888	1
40	20724	-1
43	7588	1
30	1316	-1
48	2299	1
4	13627	-1
16	2023	1
8	21019	1
48	937	1
6	14532	1
43	30255	1
5	8961	-1
4	3141	1
44	10335	-1
10	520	1
19	22576	-1
30	23169	1
49	22485	1
9	4611	-1
44	19546	-1
34	6961	1
49	13195	-1
5	30192	1
16	7669	1
45	4156	-1
34	2665	-1
4	26562	-1
45	3877	-1
27	27851	-1
36	1916	-1
39	25064	1
42	31006	1
16	9615	-1
13	2342	1
8	29683	1
36	16058	1
44	16086	1
10	6330	-1
35	92	-1
49	23508	-1
3	1051	-1
41	25098	1
5	24656	-1
24	19546	-1
3	21629	-1
8	23356	1
13	24418	1
24	5760	-1
35	17214	-1
49	29536	-1
15	25704	-1
37	3026	1
7	12799	-1
10	16163	-1
5	3632	1
43	19011	1
8	10857	1
12	30984	-1
8	11764	-1
47	22896	1
8	14898	1
0	3706	1
7	398	1
46	9649	1
6	27191	1
5	14175	-1
37	8154	-1
14	14070	1
18	19127	-1
40	22493	-1
4	2173	1
8	5206	-1
42	9041	-1
19	3753	-1
41	30424	1
33	19823	-1
43	26919	1
39	28885	1
13	2758	1
40	24828	1
14	13290	1
6	6560	1
4	15779	1
46	27560	1
3	16208	1
20	16288	-1
1	16106	-1
4	30781	1
20	23040	1
7	12394	-1
43	20342	1
25	9906	-1
33	10344	-1
3	12032	1
11	23225	-1
0	5418	1
6	23223	-1
10	9911	1
44	11807	1
47	17196	-1
40	14462	1
23	30260	-1
2	17586	-1
24	21662	-1
33	21742	-1
10	9073	1
18	4740	1
9	15757	-1
47	223	-1
27	23212	-1
19	29885	-1
6	10019	1
16	25783	1
36	25619	-1
28	26209	-1
13	18386	1
26	27923	-1
13	1082	-1
40	7936	1
15	29	1
43	18632	1
18	29500	-1
48	26502	1
23	23455	1
34	25453	-1
45	1104	1
7	13964	1
43	9645	1
4	11915	1
28	808	1
49	5423	-1
35	30797	1
7	2573	1
31	18155	-1
31	25532	-1
23	28911	1
29	143	-1
23	18495	-1
28	19824	1
25	11971	1
40	13880	1
35	25862	1
0	10354	1
10	28346	-1
43	486	1
2	29808	-1
32	23697	1
28	13808	1
0	10393	-1
48	9162	1
43	23817	1
23	25978	1
11	30237	-1
5	5693	1
11	3866	-1
8	30415	1
20	8820	1
42	7042	-1
28	14692	-1
19	29569	-1
46	17100	-1
23	12876	-1
43	24268	1
46	3951	1
35	3192	1
31	19368	-1
48	919	-1
13	22722	-1
26	15882	-1
22	8878	-1
31	8577	-1
42	72	-1
16	3813	1
43	30268	1
15	15074	-1
0	17421	1
10	30713	1
21	358	1
9	139	-1
4	8388	1
43	14623	1
25	3028	-1
46	30974	1
26	18580	-1
25	6697	-1
43	7615	1
28	4097	-1
4	13187	1
38	5456	1
4	25665	1
13	20190	-1
44	18535	-1
5	10547	-1
12	24504	-1
36	2764	-1
49	10743	-1
22	26013	-1
36	12697	-1
44	17942	-1
48	8470	1
18	30306	1
48	11128	1
8	27411	1
34	11240	-1
23	16073	-1
48	22929	-1
48	4408	1
8	26783	1
26	29765	-1
29	5768	-1
10	15036	-1
31	12859	-1
29	19895	1
23	12564	-1
43	2996	1
46	28614	-1
46	19555	1
31	13936	1
43	15352	1
28	30108	1
45	18059	-1
25	17890	1
47	18587	1
21	3511	1
27	2324	-1
13	14517	1
16	13029	-1
48	754	1
12	30120	-1
36	17328	-1
2	24818	-1
28	21164	-1
28	11271	-1
5	6656	-1
13	17959	1
27	9207	-1
10	5291	-1
43	18287	1
42	13272	1
8	21677	1
39	3105	-1
31	14368	1
42	1658	1
11	1615	-1
23	27864	1
35	14563	-1
5	21392	1
21	8384	1
7	11024	1
20	5338	-1
43	22505	1
44	12468	-1
42	2959	-1
31	7083	-1
48	8405	1
36	28149	-1
43	5917	1
15	5327	-1
38	7853	-1
1	25402	1
43	24082	1
6	5418	-1
30	27796	1
46	23349	1
6	22240	1
4	21878	1
44	13789	-1
1	17173	1
5	3566	1
29	16074	1
13	24624	1
43	27978	1
17	25552	-1
5	19939	1
1	763	-1
47	22351	-1
13	16229	1
33	5836	-1
28	8919	1
29	14242	-1
40	6983	1
8	16131	1
35	29260	1
38	4625	1
6	7162	-1
42	412	-1
20	26773	-1
37	24836	-1
43	23365	1
16	28518	-1
1	12790	1
43	20049	-1
16	30228	-1
23	17250	1
20	14739	1
49	12459	-1
46	24384	1
1	7506	-1
48	26696	1
48	18365	1
13	14952	1
0	2261	-1
29	13444	-1
11	11023	-1
29	3546	1
5	6771	1
22	18127	-1
49	30171	-1
4	25806	1
46	13605	1
36	19886	1
48	23213	1
5	11135	1
23	21732	1
33	10807	-1
19	15616	-1
7	18413	-1
46	30603	1
13	13344	-1
14	26143	-1
16	15663	1
1	21096	-1
4	19591	1
21	20840	-1
35	27670	-1
18	23320	-1
4	8351	1
14	23383	-1
37	6579	-1
48	3070	1
46	15333	1
38	7589	1
39	17439	1
0	19738	1
10	103	1
49	10511	1
18	6121	-1
26	17361	-1
4	13833	1
33	30974	-1
31	2324	-1
19	17774	-1
20	19509	1
30	23835	-1
6	19309	-1
25	24181	-1
48	16546	1
24	23553	-1
25	28687	-1
8	15346	1
39	3398	1
4	17225	-1
11	9117	-1
11	28808	-1
13	10003	-1
41	30695	-1
37	18814	-1
36	16955	1
46	24230	1
36	23098	1
43	9693	1
24	1902	-1
36	10399	-1
20	26673	1
39	21631	-1
24	339	-1
20	29526	1
31	28609	-1
0	10441	-1
46	23474	-1
4	18526	1
44	30272	1
47	29945	-1
23	26188	-1
43	7010	1
7	25118	1
6	28708	-1
36	723	-1
5	22214	1
48	21570	1
16	5373	-1
0	15129	-1
43	4509	1
17	9225	1
10	18035	1
48	12953	1
49	19888	-1
31	22032	-1
43	30456	1
36	6719	-1
18	19207	-1
34	9082	-1
17	8107	1
4	29527	1
29	8669	-1
38	8521	-1
21	17335	1
42	15185	-1
21	12766	-1
27	19025	-1
43	17876	1
9	21314	-1
11	11391	-1
2	20023	-1
47	8170	-1
9	8674	-1
48	16418	1
28	23664	1
33	16219	-1
37	23347	-1
35	30371	1
40	18572	-1
41	3606	-1
42	14132	1
20	1931	-1
49	8614	-1
30	11414	1
39	7371	1
10	30479	-1
23	12911	-1
46	8870	1
32	11139	1
38	27110	-1
48	1206	1
23	23037	-1
43	25419	1
43	7796	1
21	20736	-1
46	1327	1
48	27068	1
43	11726	1
42	3481	-1
3	24560	-1
39	11432	-1
9	4240	-1
35	23062	-1
28	5895	1
49	16350	-1
6	29289	1
21	19170	1
48	7242	1
21	4995	1
46	16712	1
28	17369	1
8	989	1
43	26184	1
6	14712	-1
1	22413	1
6	17323	-1
4	24791	1
43	553	1
37	7232	-1
49	12879	1
29	22169	-1
42	2725	1
38	15510	-1
48	17448	1
46	28237	-1
29	19622	-1
46	18522	1
49	12485	1
14	18895	-1
26	29593	-1
48	30430	-1
35	22378	-1
16	17428	1
43	20068	1
25	6902	1
43	20064	1
43	11949	1
13	26243	1
21	26798	-1
8	20663	1
8	5240	1
23	7158	1
8	21467	-1
49	18545	-1
3	3059	-1
33	23647	-1
35	29499	-1
42	10920	1
19	27701	1
0	29355	-1
23	16666	-1
27	24839	1
18	533	-1
0	619	1
21	12858	1
13	14397	1
46	25567	1
0	16088	-1
37	22491	-1
18	23193	1
22	1345	-1
34	25373	-1
18	16474	-1
13	2267	1
6	6328	1
27	14688	-1
37	22082	-1
40	29701	1
24	22852	-1
43	1084	1
48	3581	1
0	28141	1
47	11851	-1
31	20168	-1
16	24568	1
40	28788	1
48	803	1
40	1479	-1
45	27795	-1
16	17158	1
30	24178	-1
38	3541	1
27	17989	-1
8	7487	1
48	1156	1
1	28813	1
46	15999	1
40	24497	1
4	9796	1
46	1382	-1
38	23227	1
6	2837	-1
13	516	1
16	9184	-1
27	11677	-1
6	25345	1
0	29962	1
48	29743	1
37	6681	-1
39	17093	-1
40	25734	1
48	12816	1
37	19623	1
32	13778	-1
27	30122	-1
16	2003	1
29	9117	-1
22	5881	-1
47	7616	-1
16	29800	1
6	12813	1
29	8131	1
33	25136	-1
10	375	-1
12	29026	-1
39	24517	1
12	19617	-1
28	17171	-1
29	22879	-1
25	27420	-1
23	12863	-1
8	992	1
39	9940	1
46	14295	1
39	14582	-1
48	20186	-1
43	22190	1
7	17363	-1
35	9162	1
43	11481	1
8	1900	1
18	30556	-1
46	20225	-1
21	22508	-1
36	18136	-1
12	16375	-1
13	29213	1
44	27125	-1
48	11319	1
44	22920	-1
32	25147	-1
9	15042	1
5	16412	1
47	31002	-1
28	15317	-1
12	3637	-1
28	20151	1
32	5101	1
41	28585	-1
8	26177	1
38	16536	1
40	20398	1
16	17875	1
16	30644	1
45	11143	-1
39	4208	-1
7	9813	1
1	24526	-1
43	26955	1
13	25735	-1
10	5562	-1
10	21342	-1
11	10911	-1
35	30299	1
46	17165	1
0	16381	-1
8	17916	-1
13	26517	1
16	3437	1
7	23022	1
23	27751	-1
45	27508	1
39	2694	-1
14	20930	-1
9	6171	-1
31	27163	-1
45	17456	1
9	11295	-1
40	4121	1
20	6548	-1
33	3690	-1
20	3711	1
12	17316	-1
41	10167	1
45	440	1
13	30741	-1
45	15288	1
40	14370	1
36	6158	1
22	29594	-1
14	13168	-1
30	15929	1
23	11820	1
29	13763	-1
45	25211	1
6	22942	1
30	29664	-1
5	10631	1
30	13072	-1
31	1797	-1
15	269	-1
8	29460	1
13	10677	1
11	25002	-1
15	9570	-1
42	6162	-1
48	8829	1
31	20373	1
47	6116	-1
8	16148	1
6	16036	1
48	12829	-1
48	3256	1
17	9597	1
15	23900	1
39	29754	-1
8	12173	-1
1	24477	1
48	5138	1
20	21232	1
2	16331	-1
28	25588	1
11	7290	-1
8	20746	1
39	23577	1
23	10177	1
47	17808	-1
26	20022	-1
10	8189	1
35	8044	-1
18	16944	1
36	6875	1
45	20855	-1
49	13926	-1
22	29148	-1
46	25997	1
43	5208	1
24	27231	-1
9	22361	-1
35	17455	-1
36	28160	-1
46	13436	1
26	6207	1
37	9183	-1
17	23481	-1
8	16846	1
18	19606	1
9	25921	-1
6	27429	1
47	16541	-1
34	29835	1
46	8767	-1
42	1887	-1
4	16492	-1
0	20204	-1
2	18876	1
10	2952	1
48	26967	1
14	14124	-1
10	14510	1
13	28360	1
14	10655	-1
1	27668	1
28	17658	-1
17	768	-1
46	11450	-1
17	7935	-1
16	922	1
40	2373	1
8	14213	1
11	6975	-1
8	26626	1
42	6551	1
11	13223	-1
23	24885	-1
41	13504	-1
21	15503	-1
46	6201	1
32	1803	1
45	10026	1
45	8862	-1
37	1409	-1
25	20464	-1
28	26033	-1
6	18103	-1
35	1985	1
7	28339	1
48	20527	-1
14	28094	1
10	17323	1
12	28697	-1
6	5640	1
32	19476	1
20	6489	1
8	9832	-1
1	15756	-1
47	6486	-1
46	28419	1
14	20901	-1
6	30857	1
4	8938	1
40	980	1
47	5110	-1
48	27999	1
3	21437	-1
9	12196	-1
11	15123	-1
30	21078	-1
26	1364	-1
4	27212	1
46	28363	1
30	12003	-1
5	28377	-1
0	28888	-1
15	13117	-1
16	5487	1
36	28287	-1
28	17622	-1
36	8020	1
22	1184	-1
42	19506	-1
20	5060	-1
42	28402	1
25	316	-1
13	28713	1
39	15525	1
29	13034	1
35	6552	1
46	4997	1
37	1772	1
43	10534	1
30	29714	-1
48	1139	-1
28	5416	-1
6	26212	1
39	21521	1
43	18096	-1
0	9316	-1
12	22500	-1
42	9141	-1
23	23268	1
16	4593	1
9	453	-1
30	11378	1
46	25725	1
5	5007	-1
29	6005	-1
12	7445	-1
7	26737	1
28	221	-1
38	2331	1
16	21711	-1
32	3380	1
33	21943	-1
3	3164	-1
42	7437	-1
44	27822	1
5	8383	1
6	10941	1
40	1929	1
39	26652	1
33	4945	-1
35	24768	1
40	22449	-1
47	237	-1
8	5516	1
13	26750	1
11	4415	-1
1	30773	1
5	846	-1
21	17033	1
8	23580	-1
41	19226	-1
25	7248	-1
46	21260	1
25	29134	-1
36	633	-1
19	15460	-1
28	28741	-1
6	29257	-1
13	24219	1
6	27122	-1
22	25929	-1
41	29740	-1
29	24028	-1
27	29130	-1
4	1179	1
8	11795	1
45	17261	-1
43	28572	1
45	22861	-1
5	23428	1
6	3034	1
7	19756	-1
1	13668	-1
32	29112	-1
48	27855	1
6	13712	1
48	20106	-1
15	29623	-1
4	1069	1
43	16695	1
28	17849	-1
31	1907	-1
1	23217	-1
24	17261	-1
40	50	-1
34	23115	-1
32	5202	-1
1	9154	-1
39	24603	-1
10	3401	1
13	16117	1
26	31041	1
13	1853	1
32	11156	1
6	3433	1
29	5697	1
36	4784	-1
20	13499	-1
43	389	-1
20	11659	1
46	564	-1
35	26758	1
40	27799	-1
39	16813	-1
29	23780	1
36	22504	1
4	29926	1
5	5017	1
30	12454	-1
27	7830	-1
44	9853	-1
40	6356	-1
45	19334	1
18	23359	1
3	18126	-1
48	15600	-1
6	20264	-1
46	17836	1
21	13032	-1
1	1580	-1
17	11782	1
36	27540	1
35	27841	-1
36	1789	-1
2	21942	-1
13	4582	1
1	1715	1
34	11469	1
40	25026	1
34	22712	-1
36	11014	-1
3	26024	-1
17	25295	1
46	7121	-1
3	2750	1
42	20022	1
45	27299	1
40	32	1
43	1147	-1
48	9489	1
38	29287	-1
28	7668	1
8	27099	1
27	20642	-1
18	20936	-1
38	11078	-1
13	29062	1
5	10711	1
6	18628	-1
17	5241	1
43	15878	1
1	9260	1
44	8627	-1
16	5301	-1
17	3709	1
0	22146	-1
28	7332	-1
8	19230	1
14	17059	-1
1	2999	1
49	30166	-1
18	20323	1
40	8147	1
11	17652	-1
22	28043	-1
38	28245	1
14	11614	1
37	5813	-1
36	6522	1
39	22782	1
49	11485	-1
43	11105	-1
2	23847	-1
9	29663	-1
42	1022	-1
15	23475	-1
2	7414	-1
46	4347	1
26	25063	1
17	27161	1
6	2360	1
49	16533	1
41	30928	-1
7	694	-1
46	11422	1
41	23499	1
26	12678	1
46	20737	1
40	892	1
48	28850	1
10	23596	1
5	11855	1
18	6240	1
7	18419	-1
12	7889	-1
18	30931	-1
13	4886	1
29	18034	-1
36	11109	-1
48	24	1
48	29032	-1
35	21695	1
25	2539	-1
48	24374	1
48	1658	1
30	26354	-1
25	30380	1
43	29017	1
48	25845	1
47	11702	-1
12	5118	1
1	12135	1
43	10163	1
43	3051	1
25	3180	-1
16	12144	-1
43	24640	1
23	25405	1
12	21064	-1
16	19011	-1
6	10915	1
26	28278	-1
29	13612	-1
40	13741	1
38	30412	-1
12	3584	1
16	21902	-1
3	18114	-1
16	19341	-1
47	23595	-1
33	23986	-1
13	26449	1
39	20945	-1
28	20574	1
4	27968	-1
28	1133	1
36	2171	-1
26	22804	1
0	13745	1
16	1257	1
44	22243	-1
17	1816	-1
4	22002	1
43	11745	1
49	4238	1
41	30876	-1
48	25209	1
26	24270	-1
33	632	1
34	12955	-1
13	19250	-1
8	22215	-1
40	17675	1
7	14433	1
28	17216	1
43	19371	1
34	10057	1
18	10521	1
5	23329	-1
2	19539	-1
29	18709	-1
24	67	-1
19	26043	-1
1	1075	-1
35	1366	-1
14	19893	-1
43	7502	1
46	18910	1
29	25694	-1
31	19806	-1
40	30604	1
16	15552	-1
11	30806	-1
1	16253	1
6	10747	-1
4	5755	-1
42	25899	1
7	3077	1
0	19514	1
0	617	-1
14	24084	-1
20	14053	1
5	1418	-1
43	1588	1
4	18702	1
1	24527	-1
21	19928	-1
24	24604	1
5	11970	-1
14	8192	-1
4	8928	1
14	11548	-1
13	17982	1
5	23559	1
41	3465	1
36	7200	1
43	22837	1
45	6757	1
41	7561	-1
48	6736	1
6	16032	-1
8	24280	1
49	1242	-1
26	10437	1
38	2606	-1
27	14841	-1
15	26191	-1
42	29693	1
30	27892	-1
43	29489	1
8	2656	1
26	7825	-1
1	20869	1
43	16858	1
5	24274	-1
4	20013	-1
43	23983	1
8	23966	1
25	17543	1
37	8326	-1
0	372	1
23	7596	-1
45	5239	-1
7	26118	1
0	9621	1
42	13874	1
35	29345	-1
45	30315	-1
25	7430	1
46	22984	1
37	15540	-1
27	14037	-1
2	7526	-1
7	5853	-1
7	30262	-1
43	6350	-1
49	18957	1
14	21615	1
16	12433	1
43	16536	1
42	29149	1
24	21223	-1
9	19687	1
26	27973	-1
13	9790	1
27	4269	1
8	1781	-1
15	30039	-1
34	16980	-1
13	14942	1
15	14581	-1
3	2016	-1
21	10150	-1
39	9240	-1
8	21117	1
40	7225	-1
46	18007	1
48	21892	1
45	13741	-1
43	10774	1
36	6044	-1
43	12289	1
41	2613	-1
14	24743	1
12	8799	-1
1	27390	-1
46	22915	1
14	19351	1
47	5393	1
7	25758	-1
25	9882	-1
16	15759	1
37	3331	1
34	5166	1
6	9645	1
40	28395	1
37	28062	-1
49	10328	1
38	3616	1
7	5151	1
18	4860	-1
42	22904	1
46	13886	1
4	18357	1
28	19813	-1
47	13380	-1
37	4499	1
15	18571	-1
7	17789	-1
15	24608	-1
9	27057	-1
10	18923	1
3	2008	-1
16	26599	1
44	18251	-1
13	13206	1
46	2	-1
2	1207	-1
10	8330	1
43	18713	1
10	2619	1
14	19768	-1
8	9749	1
48	3593	1
44	8908	-1
17	28487	1
13	11611	1
16	14602	1
29	6142	-1
36	10500	1
5	12957	1
46	1422	1
5	11971	1
42	30635	-1
0	1784	1
32	10981	1
17	8150	1
43	14728	1
5	12481	1
23	20152	-1
8	26086	1
8	23178	1
4	27105	1
30	5644	1
6	9261	-1
13	22705	1
27	9054	-1
15	9533	-1
46	27047	1
25	15964	1
6	783	1
19	19553	-1
8	26306	-1
26	20580	-1
30	15078	1
4	17621	1
48	14102	-1
6	19842	1
1	16910	-1
8	16324	-1
28	8310	-1
48	3147	1
28	8018	1
30	18580	-1
5	5428	-1
33	27452	-1
13	3513	1
8	23593	1
9	24302	1
28	10195	-1
6	20152	1
0	1367	-1
6	14242	1
11	2345	-1
40	19779	1
30	22423	-1
43	23738	-1
23	2980	1
8	26392	-1
0	4899	1
8	18202	1
29	21289	1
35	13526	-1
23	19064	1
24	20658	-1
15	12203	1
35	25788	-1
43	10034	-1
39	24967	1
13	19500	-1
42	19522	-1
43	12825	1
7	16786	-1
20	12982	-1
42	14672	-1
27	11325	1
0	10506	-1
16	26823	1
13	6388	1
5	19123	-1
36	2532	1
40	5886	-1
22	468	-1
6	26409	-1
2	12227	-1
7	7403	-1
43	8407	1
48	21508	1
48	21474	1
8	13420	1
26	30437	-1
39	24528	1
27	5562	1
15	20340	1
43	5408	1
6	18806	1
43	21893	1
46	18143	1
43	18540	-1
2	3990	-1
43	17271	1
22	19744	-1
48	11235	1
48	22864	1
16	21602	1
46	333	1
35	12563	-1
30	12823	-1
10	16503	-1
44	17624	1
39	10851	1
25	28258	-1
43	28720	1
43	29666	1
49	26997	-1
7	13035	-1
23	27757	-1
20	4994	-1
39	6923	1
14	21556	-1
18	20778	1
32	11996	-1
44	7563	-1
9	29499	-1
43	25050	1
48	5962	1
9	20214	1
19	1279	1
48	3445	1
8	25698	1
47	16749	-1
31	15694	1
14	2982	-1
44	6911	1
13	9008	1
5	23100	1
21	15600	-1
1	23775	-1
11	2394	-1
21	8538	1
46	25015	1
41	21259	-1
40	9727	-1
11	22414	-1
48	22895	-1
18	23700	-1
25	24600	-1
7	16633	-1
28	4301	-1
21	3592	-1
36	12504	-1
8	15356	1
31	6040	-1
29	7278	-1
16	4473	1
21	15774	1
43	8274	1
3	15835	-1
6	19729	1
43	5684	1
6	21946	1
13	3660	1
15	5538	-1
18	23636	-1
23	7021	-1
35	8174	1
40	31	1
48	27192	-1
46	6222	-1
6	21887	1
48	21670	1
13	1588	1
10	26179	-1
28	29988	1
46	12096	-1
46	1881	-1
46	1138	1
21	26135	1
46	8365	-1
17	15664	-1
5	30439	1
28	12429	1
4	10258	1
18	31029	-1
4	10339	1
11	18777	-1
49	30128	1
8	18880	-1
28	27681	1
45	24244	-1
4	15821	1
22	10107	-1
4	3621	-1
5	20684	-1
43	28407	1
21	2556	-1
21	11716	-1
17	8519	1
7	23314	1
9	29921	-1
5	1636	1
26	11338	-1
20	20784	-1
12	17528	-1
13	17606	-1
17	15380	1
45	22982	-1
7	23138	-1
2	8573	-1
41	25605	-1
48	14348	-1
23	26022	1
46	3046	1
8	8272	1
16	11403	1
43	4526	1
7	410	1
46	6025	1
43	12600	1
43	21491	1
38	21101	1
8	21648	1
19	16608	-1
48	7512	1
42	17079	-1
36	15051	-1
31	3933	1
13	3494	1
10	5247	-1
17	2316	-1
33	15462	-1
32	17421	-1
40	23019	-1
13	1104	1
16	5510	1
27	16415	1
32	9984	-1
21	13968	-1
37	21383	-1
41	30016	-1
17	7609	1
44	26670	-1
42	11756	1
11	19112	-1
1	10644	1
32	18595	-1
23	21275	1
46	29868	1
7	8694	1
8	15411	1
19	10181	-1
1	11885	1
49	20084	-1
43	29993	1
13	10988	-1
18	15060	1
30	1326	-1
21	13781	-1
37	4409	1
40	12359	-1
9	922	-1
9	14906	1
29	26519	-1
18	4988	-1
5	27347	1
43	30720	-1
2	27480	-1
42	24651	1
8	13007	1
49	6572	-1
4	21914	1
4	8526	1
7	14360	1
34	11068	1
44	6179	-1
1	414	-1
13	9726	-1
42	1053	1
14	22464	-1
47	11411	-1
8	12348	-1
4	6296	1
24	18764	-1
48	665	-1
45	9859	1
2	5139	-1
30	18595	-1
1	23090	1
27	15797	1
25	15963	-1
6	6406	1
1	25939	-1
30	28059	1
36	3530	-1
36	24549	1
15	14904	-1
45	4985	-1
23	403	-1
48	22794	1
6	13508	1
39	8601	1
0	24326	1
22	28386	-1
9	22297	-1
43	19727	-1
25	3341	-1
48	18672	1
28	1385	1
17	7023	-1
6	15090	1
3	4069	-1
34	16444	-1
40	17377	1
35	30921	1
49	17069	-1
4	2664	1
45	26861	1
10	13552	-1
39	29911	-1
4	900	1
6	16976	1
42	30025	1
33	22346	1
25	4611	-1
0	9876	-1
8	25946	1
8	17728	1
8	1517	1
1	24607	1
2	5744	-1
4	20642	-1
24	17466	-1
6	2584	1
5	7125	1
43	24280	1
30	18297	-1
16	76	1
43	10775	1
43	28013	1
46	4164	1
0	519	-1
1	24957	1
8	26828	1
13	13810	1
28	17389	-1
43	1151	1
31	335	-1
20	11629	-1
2	27366	-1
13	28752	-1
30	29434	1
28	26088	1
41	16019	1
9	27353	1
3	11634	-1
4	3009	1
43	24907	1
47	26236	-1
29	20947	-1
48	30370	1
18	20741	1
46	8051	1
31	24626	1
28	13782	1
9	2256	-1
45	4652	1
31	3077	1
36	2096	-1
3	5405	-1
19	1689	-1
44	13575	-1
27	22738	-1
48	6890	1
38	30760	-1
45	23896	-1
25	17071	-1
13	17174	1
17	17047	-1
38	5407	1
34	19500	-1
7	7543	1
14	26811	-1
43	20853	1
32	3947	-1
16	15112	1
46	15902	-1
9	29570	1
37	14817	1
13	21888	1
6	17324	1
48	22513	1
18	24759	-1
17	6837	1
27	12465	1
25	11109	-1
40	20210	1
10	23713	-1
10	4136	1
10	3571	1
8	17930	1
44	18978	-1
41	8801	-1
35	14534	1
36	28818	1
44	16847	-1
11	18676	-1
6	9639	1
5	30349	1
13	21239	1
29	18074	-1
24	19661	-1
22	26256	-1
43	17164	1
13	8798	1
16	14323	1
23	26627	1
28	13321	1
43	11077	1
39	9549	-1
37	9753	-1
8	11095	1
30	24226	-1
41	6575	-1
8	3401	1
6	5596	-1
16	15511	-1
8	28267	1
21	6796	-1
25	7086	-1
46	18465	-1
46	11271	1
16	7929	1
8	12380	-1
46	11084	1
17	14308	-1
42	11850	1
34	29725	1
2	22017	-1
21	24023	-1
43	28731	1
29	12408	-1
41	18768	-1
43	128	-1
0	10826	1
27	30205	-1
19	26401	-1
4	6284	1
40	3615	1
8	23936	1
1	21405	1
22	5615	-1
37	30374	-1
19	14213	-1
16	14787	1
1	2243	-1
12	3835	1
32	16836	-1
10	22964	-1
30	6103	-1
42	6615	-1
10	14856	1
10	4342	-1
48	3008	1
27	30268	-1
49	30627	-1
14	6019	-1
5	26258	-1
44	22433	1
48	17473	1
18	21192	-1
32	26676	-1
8	25263	1
24	4721	-1
27	7303	-1
46	14639	1
43	12638	-1
48	25570	1
13	21772	1
2	20367	-1
38	23759	-1
4	1613	1
22	3842	-1
15	4901	-1
16	17099	1
29	15968	1
38	10295	-1
23	15412	1
30	26921	-1
25	2130	-1
5	6787	-1
2	14665	-1
37	6251	-1
17	7426	-1
31	17985	1
26	8937	-1
33	7970	-1
43	3656	1
24	2821	-1
7	5956	-1
25	907	-1
28	17313	-1
41	16977	-1
45	8133	-1
40	7373	-1
31	5028	1
48	13019	1
32	20944	1
4	24389	1
8	6857	-1
25	12190	-1
25	20195	-1
49	6094	-1
30	26794	1
35	23517	1
2	28339	-1
40	29805	1
40	9984	-1
48	13908	1
33	11070	-1
18	12653	-1
2	19093	-1
39	23744	-1
30	1827	-1
45	3772	-1
32	30718	-1
31	3998	1
12	16867	-1
46	21188	1
30	11424	-1
21	5099	1
19	29977	1
15	10661	1
23	18797	1
9	3350	-1
48	9566	1
38	3445	1
4	5671	1
3	14717	1
28	27577	-1
33	25708	-1
5	15962	1
43	6728	1
42	11117	1
11	1304	-1
41	7181	-1
6	20830	1
7	29408	-1
24	12588	-1
17	4935	1
3	2061	1
35	8747	1
16	28107	-1
48	4874	-1
28	3831	1
18	6831	1
33	10824	-1
43	28283	1
43	1666	1
48	4704	1
30	30106	1
10	7387	-1
31	15305	1
4	810	-1
26	2700	-1
26	5793	-1
20	9334	1
46	7774	1
9	22523	-1
15	5177	-1
48	10302	1
26	11599	-1
41	7475	-1
19	15009	-1
40	15898	1
6	4146	-1
18	27157	1
16	4303	1
21	11846	-1
1	28034	1
28	30928	-1
7	103	1
43	18330	1
8	17681	1
8	11252	1
16	5783	-1
48	4764	1
16	20528	-1
22	11511	1
48	22101	1
9	10644	-1
43	5960	1
17	22155	-1
49	29420	-1
48	19573	-1
43	2647	1
42	3154	1
31	2157	-1
12	22641	1
8	11741	-1
13	22003	1
0	15551	-1
40	11602	1
46	22689	1
17	25332	1
43	6247	1
5	169	-1
35	16661	-1
3	15391	-1
20	28102	1
32	19411	-1
25	20075	1
32	16271	1
7	23819	-1
8	22665	1
3	1170	-1
21	6916	1
43	25972	-1
37	21673	-1
40	8733	1
27	15243	-1
26	8429	-1
44	8097	-1
19	23916	-1
40	9785	1
20	4476	-1
8	3935	1
0	6817	-1
8	10272	1
11	21164	-1
48	29125	1
13	4854	1
29	2612	1
16	29296	1
43	14890	1
42	17071	-1
35	2314	-1
27	936	-1
16	15387	-1
46	7688	-1
8	30927	1
46	19464	-1
7	17802	-1
13	25308	1
24	1263	-1
46	28282	1
13	23509	1
24	29712	-1
36	12348	-1
37	9608	-1
38	8000	-1
40	26563	1
39	19391	1
28	21401	1
12	24380	-1
48	5952	1
20	8407	1
8	18746	-1
2	4177	-1
23	12060	1
15	5633	-1
14	30999	-1
45	3420	1
11	19200	-1
14	23404	-1
2	29834	1
44	22520	-1
30	17166	-1
12	2613	-1
17	3204	1
36	12743	1
6	3590	1
13	6189	-1
22	1915	1
8	2061	1
6	9802	1
42	11100	1
9	100	-1
32	25085	-1
20	25358	-1
8	6742	1
47	30123	-1
42	5626	1
1	17286	1
44	2558	-1
42	15420	1
43	12835	1
43	30149	-1
26	3201	1
17	22201	-1
16	24376	1
32	9808	-1
4	22840	1
36	18129	1
31	14349	-1
39	9009	-1
25	30901	-1
0	671	-1
16	15845	-1
48	25739	1
6	13533	1
34	16048	-1
17	5284	-1
44	16003	-1
8	11502	1
15	13633	1
20	4744	-1
21	963	1
46	8331	1
18	29518	1
41	16848	-1
7	25672	1
44	5023	-1
46	184	1
11	23465	-1
46	17299	1
2	15535	-1
8	8339	1
47	8828	1
4	9105	1
32	27127	-1
2	14880	-1
10	17861	-1
35	25060	-1
1	27944	-1
49	29177	1
35	4208	-1
39	10905	1
37	12208	-1
43	27471	1
40	18560	-1
17	18901	1
23	16557	-1
26	18226	-1
32	3117	-1
39	1949	-1
42	28620	-1
4	9257	-1
17	23711	1
49	8088	-1
8	18319	1
41	29515	-1
2	25938	-1
43	30455	-1
6	1242	1
1	28514	-1
13	2819	1
20	17033	-1
13	10905	-1
4	8727	1
19	14349	1
13	8476	1
40	12177	-1
9	3435	-1
47	27900	1
0	24036	1
16	978	-1
44	5307	1
44	11481	-1
35	1262	1
8	4378	-1
32	13256	1
46	15449	1
4	21791	1
43	8539	1
16	20977	-1
22	5422	-1
37	6773	1
40	8842	-1
48	17138	-1
10	17137	-1
41	15618	-1
26	8590	-1
24	8001	-1
46	11229	-1
17	28446	-1
47	19765	-1
49	19787	-1
38	8026	-1
17	17493	-1
38	18844	-1
7	19738	-1
47	21777	-1
7	24698	-1
46	20030	1
42	1499	-1
49	25210	-1
38	16518	1
41	7190	1
18	21386	-1
44	27176	1
29	22740	-1
26	2395	1
38	4726	-1
6	3293	-1
40	28574	1
7	13795	-1
13	1908	1
37	24234	1
7	7436	1
8	6500	-1
19	10972	-1
29	29012	1
10	340	1
21	5282	1
13	9048	1
6	8789	1
8	8472	1
20	22872	-1
1	764	1
48	22468	1
30	5418	-1
23	11582	1
25	9472	-1
28	28042	-1
23	25296	-1
40	5883	1
5	28116	1
43	26229	1
9	5101	-1
15	12861	1
11	16441	-1
31	3057	-1
47	9348	-1
20	545	-1
40	18398	-1
43	28668	1
19	20517	-1
43	30334	1
11	10353	-1
0	22380	-1
31	15089	-1
24	24439	1
19	16875	-1
13	21188	1
42	26712	1
48	17938	1
0	6189	1
41	15004	-1
3	26384	1
49	20771	-1
10	23453	-1
18	16882	-1
5	8874	1
5	8598	-1
19	26525	-1
30	23734	1
8	30981	-1
7	20637	-1
3	29435	-1
5	2308	-1
43	3345	1
5	21061	-1
46	9109	1
43	26976	1
42	11126	-1
20	13271	1
6	21149	1
5	15661	-1
47	13159	-1
1	20729	1
15	9329	-1
33	25978	-1
5	20307	-1
47	5285	-1
1	11236	1
47	7449	-1
43	231	1
45	26741	-1
48	19852	1
43	7000	-1
19	8013	-1
2	21221	-1
43	25508	1
36	10899	1
30	7248	1
21	24298	-1
42	22584	1
18	29483	1
46	30427	1
38	22359	-1
47	25773	-1
33	10310	-1
5	7938	-1
9	7008	1
16	2904	-1
42	19286	1
14	24515	-1
35	6093	1
26	27747	-1
47	27419	-1
24	1461	-1
45	25506	1
1	9110	-1
28	5140	1
43	14652	1
2	27398	-1
32	26859	-1
48	11602	-1
23	2471	-1
6	14912	1
8	30230	1
38	5079	-1
23	25289	-1
48	23319	1
26	6725	1
46	7918	1
44	5817	1
26	26257	-1
25	17358	-1
45	29919	1
48	19089	1
25	11683	-1
8	30506	1
30	7924	-1
35	12593	-1
45	13855	1
48	16604	1
40	20341	-1
46	14366	1
6	17160	1
5	3831	-1
42	2491	-1
49	16528	1
7	4093	-1
10	29812	-1
27	18610	-1
4	18057	1
5	10894	-1
48	4210	-1
38	25573	-1
45	26754	-1
25	15977	-1
19	10681	-1
8	25127	-1
2	9547	-1
8	29090	1
1	8697	1
43	5781	1
29	29778	-1
30	1999	-1
29	3776	1
47	10002	-1
1	1516	-1
26	13357	-1
48	6585	-1
26	21207	-1
8	2351	-1
25	14451	-1
31	11328	-1
46	2969	1
42	20109	1
5	17035	-1
16	26085	-1
12	28584	-1
23	24410	-1
11	2654	-1
46	12377	1
0	1854	-1
27	6554	1
21	12664	1
29	22222	-1
33	10868	-1
27	23740	1
43	29669	-1
26	7078	1
48	6001	1
29	20319	-1
3	5378	1
17	23186	1
43	8700	1
35	27478	1
40	3115	1
5	18896	1
1	12474	-1
12	4973	-1
30	6447	1
28	29513	-1
19	24785	1
47	5862	1
7	7916	1
42	4258	1
48	26197	1
24	16229	-1
8	11791	1
10	20944	1
38	20489	-1
21	25362	-1
8	7159	-1
13	8843	1
16	12459	1
6	26307	-1
5	16581	-1
6	13561	1
1	1093	-1
46	24947	1
43	7403	1
42	17510	1
20	10027	-1
0	25618	-1
23	23756	1
22	2015	-1
28	20730	1
29	28370	-1
27	15366	1
4	2940	1
48	20066	1
47	6791	-1
43	17444	1
40	27515	-1
6	9282	1
28	14873	1
22	11134	-1
38	5055	-1
8	24083	1
7	4731	-1
30	4834	-1
7	5900	1
43	23212	-1
32	7525	-1
24	24816	1
36	14848	-1
5	8113	1
18	5289	-1
28	6589	1
38	18501	-1
1	24665	1
43	12194	1
46	1085	1
43	18409	1
43	5942	1
7	16370	1
15	5812	1
41	19426	-1
35	13982	-1
35	26896	-1
32	28805	1
28	6054	-1
4	25825	1
48	28037	-1
48	2463	1
42	13448	1
16	4132	1
36	29733	1
46	5038	1
47	26496	-1
15	15807	1
46	19284	1
47	4643	1
42	207	1
36	9600	-1
16	9851	-1
7	9412	-1
35	30838	1
15	2222	-1
28	15145	1
38	24911	-1
6	30788	1
33	4223	-1
36	19282	1
10	24682	-1
6	28163	1
9	8735	-1
46	30643	1
45	20419	-1
16	21150	-1
2	7561	1
46	10680	1
31	2686	-1
8	22720	1
43	5489	1
6	30468	1
1	30827	-1
35	30575	1
13	17481	1
24	7165	-1
43	11822	1
24	12858	-1
34	25382	-1
22	9958	-1
26	2010	1
46	20624	1
3	12149	-1
18	26066	1
44	24041	-1
16	8853	-1
1	23405	1
40	16415	1
18	956	1
42	27313	1
34	15499	1
47	18884	-1
4	23941	-1
42	1223	1
16	29758	-1
43	29836	1
37	15520	1
49	25877	-1
28	29151	-1
26	1570	1
46	9449	-1
8	28280	1
39	6957	1
20	22591	1
39	18580	1
43	13959	-1
29	16303	-1
6	21344	1
17	15608	1
23	28800	1
42	18738	1
8	6212	1
3	13344	-1
13	12167	1
8	2707	1
46	6125	1
4	23692	-1
23	25774	-1
28	10228	1
31	2543	-1
32	7193	-1
18	18004	-1
46	805	-1
45	13834	-1
12	19165	-1
23	15987	-1
37	27517	-1
29	25535	1
1	19104	-1
14	16206	-1
39	1480	1
46	5622	1
5	24599	-1
17	8666	-1
48	3454	-1
40	12784	1
2	733	-1
46	28874	1
15	21702	-1
4	22915	1
30	10834	1
46	14253	-1
8	12810	1
43	19336	1
22	15873	-1
39	17690	1
6	5593	1
16	16821	1
23	22622	-1
48	9307	1
16	14451	1
35	27738	-1
36	23860	-1
25	16098	1
36	21157	1
9	520	1
24	15290	-1
21	29529	1
42	30325	1
23	11203	1
46	5633	-1
43	13790	-1
43	26874	1
1	15775	-1
13	20125	1
6	16972	1
48	6200	1
49	19782	-1
37	19562	1
6	5560	1
46	16174	1
17	25040	-1
28	26681	1
46	22702	1
5	19633	-1
42	6613	1
46	27713	1
38	24078	-1
0	28176	-1
2	18300	1
44	1140	-1
8	8053	1
22	28117	-1
48	17694	1
13	8262	-1
29	15327	-1
16	18648	-1
13	22113	-1
44	21132	-1
48	25531	-1
35	17024	-1
43	23965	1
49	29036	-1
6	4582	1
35	29394	-1
29	8993	1
16	13550	-1
28	5377	1
21	29231	1
35	29116	1
14	27569	-1
40	10750	1
43	21063	1
49	15869	-1
39	14646	-1
26	20338	1
8	14412	1
11	22662	-1
43	3770	1
42	28915	1
4	28692	1
37	22957	1
25	3959	-1
12	16255	-1
48	8329	1
45	5696	-1
38	26854	-1
12	29396	-1
31	26758	-1
2	15775	-1
44	2615	-1
30	6471	-1
2	30629	-1
44	23660	1
12	7587	-1
18	28710	-1
40	24865	1
3	13827	-1
22	14654	1
24	30447	-1
37	14040	1
17	26746	-1
33	20309	-1
15	27954	-1
30	19876	-1
17	12753	1
42	3820	1
21	19514	1
45	6635	-1
43	7056	-1
28	18773	1
31	4106	-1
26	26968	-1
13	4430	1
47	5835	1
21	23280	1
13	20065	1
45	20771	-1
46	2385	-1
44	6358	-1
9	27639	1
14	27160	-1
9	7657	-1
43	24360	1
17	20285	1
8	17591	1
42	2967	1
13	21285	1
23	12123	1
38	26394	-1
15	23623	-1
3	23358	-1
38	16663	-1
25	7975	-1
44	9941	-1
8	28597	1
15	1475	1
28	7618	-1
7	1028	1
37	24593	1
28	7600	1
43	28836	1
27	25599	-1
20	12008	-1
1	19993	-1
22	12501	-1
4	17051	1
21	4183	-1
25	9580	-1
22	30880	-1
8	17064	1
49	22654	1
43	2725	-1
39	22373	1
47	4493	-1
9	19729	-1
11	5156	-1
48	27298	1
48	19452	1
41	11420	1
35	18587	-1
15	14309	-1
3	6432	-1
4	9819	-1
17	17225	1
43	3827	1
1	20159	1
42	19539	1
29	4626	-1
16	22389	1
1	25399	1
4	27850	-1
4	25832	1
35	21399	-1
23	8583	1
28	863	1
23	21950	1
45	22452	-1
8	21507	1
24	9379	-1
10	27356	1
9	18288	-1
40	19008	1
8	18391	1
30	4979	-1
1	3149	-1
25	29288	1
13	23949	-1
40	16476	1
40	14815	-1
9	25520	-1
17	7603	1
24	20565	-1
38	21641	1
8	7991	1
16	8988	1
40	13453	1
48	17707	1
4	30141	1
42	19462	1
44	24455	1
45	14700	1
49	16371	-1
45	17343	1
38	1081	-1
25	77	1
7	8627	-1
42	3120	1
27	28023	-1
43	27924	1
15	14197	-1
36	24114	1
0	13892	-1
27	1918	1
39	20835	1
21	27961	1
42	28359	1
46	8039	1
30	23349	1
38	11901	-1
8	26104	1
43	2232	1
8	23140	1
46	20485	-1
8	24634	1
22	19885	-1
22	6610	-1
4	21253	1
28	24628	-1
33	6023	-1
26	20239	1
49	22322	1
44	20315	1
16	711	1
20	3672	-1
26	26809	-1
9	28658	-1
26	29183	-1
47	12563	1
47	14998	-1
28	18495	-1
46	18133	1
38	975	-1
30	28883	-1
3	993	1
46	5798	1
47	12797	-1
48	205	1
15	21600	-1
49	28625	-1
28	10068	-1
46	10112	1
6	10496	-1
42	14594	-1
8	4715	1
43	24595	1
33	4731	-1
44	3679	1
32	6623	1
4	29313	1
13	30230	1
8	11704	1
40	2029	1
43	26471	1
30	21086	-1
4	20166	1
28	26285	-1
17	11714	1
24	8130	-1
44	28334	-1
18	16823	-1
29	6624	1
35	28269	1
5	11279	1
38	12112	1
17	28069	-1
9	13763	-1
45	9418	1
5	6091	1
21	17582	-1
46	12961	1
21	867	1
36	2574	-1
43	28337	1
4	7402	1
10	22770	1
40	824	-1
23	17496	1
8	16636	1
20	17183	-1
13	23752	1
4	9905	1
43	8502	1
31	23610	1
43	9821	1
43	13962	1
45	2758	1
7	11891	1
6	13602	-1
43	30802	-1
47	21829	1
39	1653	1
10	30262	1
42	10042	1
44	5924	1
32	14429	-1
30	17334	1
5	10682	1
7	8806	1
23	4941	-1
16	22308	1
5	27136	1
2	26144	-1
35	26812	-1
24	21759	-1
14	12501	-1
12	27999	1
6	10269	-1
8	31001	1
27	2564	1
48	9106	1
36	2072	-1
6	25105	-1
30	13956	-1
15	29973	1
8	22818	1
46	7	1
5	21263	-1
46	4487	-1
23	22153	1
22	5983	-1
46	19362	1
9	7398	-1
14	5300	-1
30	30424	-1
43	14437	1
43	9358	1
36	3973	-1
28	23104	1
46	17702	-1
33	21663	-1
3	13871	-1
27	22088	-1
26	17959	1
35	22120	1
18	25324	-1
14	29144	-1
28	30425	1
40	19582	1
21	26407	-1
43	10374	1
27	28370	-1
16	30336	1
46	9838	1
21	3774	1
42	25168	-1
28	11047	1
17	9041	1
39	16182	-1
48	10838	1
35	27160	1
29	23898	-1
21	30093	1
3	29550	1
46	4838	-1
28	7597	1
43	23674	1
9	23857	-1
36	29806	-1
28	29883	-1
43	21248	-1
1	25435	1
13	241	1
48	2686	1
21	26932	-1
1	21033	1
1	1080	-1
34	24529	-1
26	26561	1
42	6897	1
23	13425	-1
20	23419	-1
36	23011	-1
4	26553	1
46	18908	1
7	15736	1
13	923	1
16	10089	-1
34	29911	-1
26	17890	-1
7	23358	1
8	1235	1
40	25335	-1
48	27044	1
44	17600	-1
14	2747	-1
1	8555	-1
8	14087	1
16	2591	1
38	22515	-1
5	3850	1
42	28172	1
0	21040	-1
12	10000	-1
13	18555	1
13	29939	1
4	1022	1
43	855	1
13	16543	1
13	4265	1
46	29822	1
23	8294	1
46	6683	1
2	5065	1
25	21800	-1
4	24054	-1
16	10683	-1
21	17691	1
4	16727	1
33	10983	-1
23	119	1
18	21720	1
18	2489	-1
30	8011	-1
42	19057	-1
49	12102	-1
14	28244	-1
35	6304	1
7	7928	1
13	23711	-1
36	30028	1
42	26533	1
28	28162	1
40	22730	-1
32	14793	-1
43	4679	1
10	4954	-1
35	18630	1
13	8186	1
48	10384	1
40	19876	1
46	19539	1
45	28039	-1
35	18733	1
20	9330	1
37	24497	1
40	7630	1
13	2099	-1
43	15040	-1
13	3346	1
28	10041	-1
17	26699	-1
37	20400	1
43	105	1
28	21267	1
48	13826	1
27	18214	-1
39	25144	-1
5	24416	1
36	11542	1
29	20335	-1
8	9964	1
10	534	1
41	22648	-1
13	20786	-1
6	14612	1
20	29350	-1
10	28064	-1
30	29445	-1
44	14293	1
45	12211	-1
34	5561	1
8	24243	1
13	9448	1
15	14959	-1
6	10324	-1
3	14672	1
43	2187	-1
6	17198	-1
29	25005	1
43	5600	1
37	4873	1
17	10810	1
5	15021	1
12	20008	-1
43	20967	1
37	17194	1
48	27927	1
44	21104	1
39	27732	1
24	30510	-1
39	22285	-1
43	14929	1
46	4805	1
13	10564	1
4	18337	1
42	9879	1
25	13143	-1
13	2335	1
32	10286	1
48	15489	1
12	25538	-1
43	4977	1
6	1882	-1
1	16980	-1
31	570	-1
2	20667	-1
12	6331	-1
6	5734	1
24	2173	1
21	2217	-1
48	14584	1
19	24339	-1
14	13745	1
7	6392	1
49	12220	1
0	28974	-1
44	17974	1
42	24874	1
40	15689	1
49	25329	-1
21	7803	1
18	28798	-1
42	1874	-1
18	2978	1
47	12032	-1
37	9611	1
46	15762	1
8	2836	1
16	29326	1
43	24188	1
8	12735	-1
0	16643	-1
18	9097	1
17	11757	1
48	24580	1
4	10607	-1
36	24171	1
6	23995	1
4	27782	1
6	19201	1
4	12364	1
31	5155	-1
32	15986	-1
36	884	1
17	3897	-1
48	13815	1
24	2999	1
42	3116	-1
8	21129	-1
42	13844	-1
30	11994	-1
35	26257	-1
7	2586	-1
23	15692	-1
28	7448	1
38	7108	-1
34	8620	1
10	6672	-1
9	25068	1
13	12233	-1
7	18277	-1
4	5945	1
40	20615	1
21	17430	-1
33	11860	-1
47	17352	-1
46	12247	-1
30	21082	-1
48	3651	1
8	20845	-1
6	17675	1
48	8121	-1
44	30730	-1
1	4358	-1
16	7263	-1
25	4677	1
36	8989	1
9	30376	1
39	10056	1
4	16523	-1
31	31060	-1
7	4322	1
43	20235	1
20	29519	1
48	26022	-1
30	24519	1
49	2146	-1
24	1335	-1
47	5905	1
4	16639	-1
7	1980	-1
4	22114	-1
13	944	1
48	26923	1
8	3196	1
15	30286	-1
49	325	-1
21	450	-1
43	30706	1
26	5164	1
13	10849	1
46	22157	1
35	7727	-1
1	12737	-1
28	15541	1
8	30676	1
6	10064	-1
39	2316	-1
19	20087	-1
40	4950	-1
43	13360	1
1	10884	1
16	9386	-1
16	9365	-1
36	23782	-1
26	18525	-1
42	23499	-1
32	10984	-1
25	10081	-1
6	1181	-1
29	10031	-1
13	16763	1
5	2852	1
29	7311	-1
45	104	-1
15	21558	-1
41	25976	1
4	7529	-1
39	7119	1
40	10264	1
45	26107	-1
40	21633	1
40	20275	1
2	969	-1
30	19029	1
17	14621	1
27	2309	-1
7	16259	1
36	1158	1
37	23896	-1
28	14323	1
46	18578	1
16	305	1
24	24772	-1
8	8666	-1
42	2001	-1
46	15989	1
0	1156	1
30	26076	-1
25	19918	1
23	5304	1
10	21212	1
40	5499	-1
43	8117	1
5	21143	1
9	5215	1
35	4642	1
7	3019	1
43	19146	1
47	30627	-1
4	16345	1
9	14338	-1
6	18373	1
43	20323	1
37	2686	1
21	3804	1
20	9071	1
4	14806	1
38	13819	-1
41	2881	-1
28	10420	-1
33	18934	-1
44	8917	1
43	2155	-1
28	17538	1
48	16880	1
38	27547	1
48	4368	1
0	5683	1
14	28804	1
17	2027	-1
40	26124	1
48	21979	1
14	18141	1
8	16092	1
0	6059	1
25	29685	-1
23	29550	-1
19	22453	-1
35	25724	1
16	4406	-1
43	23223	-1
48	23142	1
16	26640	-1
7	27420	-1
40	1571	-1
38	5570	-1
18	8981	-1
19	13180	-1
35	1425	1
15	25265	1
15	16804	-1
18	23895	1
8	2880	1
48	21321	1
9	8272	1
39	2374	1
8	19638	-1
46	20418	1
4	21781	1
33	599	-1
28	14614	1
26	30365	1
4	5858	-1
43	28648	1
5	3326	-1
2	4245	-1
4	23857	1
43	20234	1
13	9713	1
45	10177	-1
7	705	1
48	9408	1
16	8292	1
6	18543	1
21	17365	1
3	9847	-1
10	13970	1
4	19597	-1
10	17606	-1
13	8672	1
20	16336	-1
13	9185	1
30	7901	1
37	25935	-1
30	10943	-1
7	21304	1
46	26351	1
47	6290	-1
43	19629	1
10	10281	1
42	15319	1
13	25055	1
36	2835	1
6	10956	1
14	28850	1
13	22821	1
40	18868	1
12	3090	-1
48	23287	1
15	28167	-1
29	23513	1
13	991	-1
10	28538	-1
44	7019	1
46	4235	1
3	6727	-1
46	14123	1
27	21800	-1
29	14	-1
8	6719	-1
18	30287	1
43	23251	-1
5	20781	1
46	4074	1
26	3616	-1
1	22016	-1
13	23055	1
49	21361	-1
15	10350	-1
47	16622	-1
6	15095	1
24	7161	1
6	1417	1
35	16453	-1
38	1861	1
44	24211	1
1	6189	1
29	20379	1
39	2115	-1
16	30026	-1
45	20218	1
8	9306	1
46	15975	1
37	6241	1
43	13280	1
45	9477	1
43	5911	1
41	12288	-1
43	6586	1
10	26532	1
15	6197	-1
10	19221	1
13	3489	-1
48	16125	1
46	25828	1
8	21221	1
43	2015	1
9	28697	-1
19	18450	-1
21	25769	-1
7	2165	1
8	24354	-1
6	21848	1
1	23447	-1
22	29859	-1
46	23476	1
13	99	1
8	15357	1
13	28273	1
41	4985	-1
38	24116	-1
20	13301	1
17	6139	-1
17	29233	-1
36	138	1
40	17355	1
19	21205	-1
18	7242	1
47	2426	1
36	7675	1
39	3338	-1
6	8312	1
4	4887	1
18	26660	-1
14	5724	-1
13	700	1
43	28682	1
14	7254	-1
44	25875	-1
48	10449	1
6	27063	1
42	9058	1
17	4585	-1
34	131	-1
11	1227	-1
15	17551	-1
12	19579	-1
49	6776	1
30	1282	1
44	22502	-1
21	21223	-1
19	24826	1
2	15211	-1
5	28630	-1
24	7837	-1
11	28259	-1
46	19851	1
18	16776	1
23	29986	-1
14	10916	1
43	23821	1
6	21769	-1
13	19152	1
12	7527	-1
13	20673	1
49	30238	-1
7	14833	-1
10	5229	-1
21	14047	1
36	31016	-1
42	10797	-1
37	7425	-1
47	8521	-1
7	14396	-1
16	1872	1
8	2943	1
27	26543	-1
43	12061	1
4	1503	1
13	3880	-1
25	11279	1
36	5965	-1
33	10524	-1
48	10344	1
48	6434	1
2	23323	-1
4	10789	1
17	8168	-1
49	27591	-1
48	12034	1
23	27427	1
8	4475	1
28	29737	-1
46	29004	1
35	26123	-1
21	5602	-1
48	7629	1
41	27458	-1
28	16371	-1
25	24948	-1
48	4060	1
13	11282	-1
46	25560	1
45	16017	-1
16	13471	1
27	12131	-1
21	12731	1
12	27020	1
48	29169	1
32	21876	-1
16	15592	-1
32	20059	-1
5	27983	1
19	11131	-1
28	9180	-1
26	17240	1
38	8797	-1
17	20614	-1
45	8484	-1
23	25177	-1
46	9856	1
8	16935	1
5	19795	-1
17	23255	-1
36	17978	1
39	28443	1
13	14152	1
7	19253	-1
20	10966	1
48	3783	-1
6	28027	1
30	9110	-1
3	26383	-1
18	6525	-1
48	7484	-1
37	13537	-1
32	1482	1
35	15919	-1
3	10905	-1
31	30897	-1
6	27664	1
10	28325	1
48	13317	-1
33	17159	-1
18	3747	-1
5	10253	-1
49	2406	-1
10	29783	-1
6	6056	-1
20	6934	1
6	19331	1
0	18269	1
32	22903	1
25	10436	-1
9	2089	1
6	8701	1
1	17880	1
26	5783	1
31	21397	-1
21	18648	1
8	22042	1
46	20869	1
12	2758	-1
6	7086	1
20	668	-1
23	21404	-1
48	10818	1
12	14276	1
20	20131	-1
1	30156	1
23	22436	1
49	21761	1
7	28910	1
46	11993	1
34	23732	-1
4	16895	1
40	18225	1
30	7620	1
14	13888	-1
18	13364	-1
18	2237	1
29	6231	1
6	27954	-1
6	30431	-1
45	12842	-1
25	24356	-1
1	9656	-1
42	11724	1
44	7161	1
43	13874	-1
8	15846	1
21	5408	-1
46	3241	1
18	15322	1
3	30144	-1
38	4516	1
13	29228	1
23	27626	-1
16	1358	-1
29	4011	1
5	9684	1
44	10286	-1
48	22745	1
40	18506	1
40	28142	1
42	22887	-1
13	22837	1
20	27276	-1
48	30500	-1
11	10469	-1
39	29077	-1
33	15099	-1
15	27457	-1
3	9606	-1
18	2307	-1
7	16572	1
7	12398	1
29	23070	1
43	18470	1
48	4459	1
38	30622	-1
18	6885	1
33	21113	-1
23	27561	-1
27	6241	-1
26	2047	1
8	25618	1
45	7423	1
48	1286	1
22	5582	-1
42	9535	1
2	17192	-1
43	9459	1
13	30675	1
17	22742	-1
36	1242	-1
26	14442	-1
10	29725	-1
30	8469	-1
9	6961	-1
21	11237	1
2	18262	-1
18	29769	-1
23	3742	1
19	18169	-1
42	30892	1
40	29664	1
47	18647	1
32	27332	-1
17	12195	-1
49	8051	-1
14	22276	-1
4	14748	-1
22	23595	-1
14	4277	1
37	10460	1
47	24565	-1
28	30665	1
10	27769	-1
48	17185	-1
7	13502	1
49	27741	1
28	29197	-1
11	18612	-1
44	622	1
39	12639	-1
43	25427	1
9	14041	1
15	16498	-1
45	14853	-1
37	8488	1
9	18016	1
44	9479	1
26	9933	-1
48	25945	1
43	29484	1
1	2933	1
27	306	-1
38	3404	-1
44	4885	-1
16	25736	1
2	23036	-1
27	12036	-1
37	25264	-1
20	18207	-1
15	23205	-1
43	13261	1
16	1817	-1
0	29982	1
21	25534	1
46	405	1
23	23903	-1
49	8892	1
39	21565	-1
46	22424	1
13	16608	1
44	28091	-1
36	25836	1
34	19563	-1
4	20624	1
5	6641	1
27	29459	-1
46	5642	1
0	24786	-1
9	18481	-1
3	11598	-1
26	11213	-1
8	26399	1
37	14200	1
48	10388	-1
18	25136	-1
13	22596	1
6	17091	1
39	18415	-1
47	3192	-1
4	11974	1
5	30371	1
40	21370	1
25	8605	1
7	15762	-1
28	20709	-1
6	5508	1
17	22610	1
14	19682	1
48	802	1
10	8247	-1
35	5634	1
8	14229	1
46	23804	1
2	20213	-1
8	14139	1
23	24276	-1
27	10047	-1
34	19059	-1
43	7420	1
8	8278	1
37	13508	1
45	9548	1
41	29237	-1
3	22074	-1
44	22426	-1
23	31003	1
42	24055	1
46	7328	-1
10	10387	-1
42	943	1
43	2063	1
16	11374	1
16	21103	-1
8	4293	1
46	13222	-1
11	3182	-1
31	4552	-1
49	19085	1
48	6677	1
38	14517	-1
37	10384	1
44	10839	-1
43	6038	1
35	4291	1
27	21309	-1
5	18310	-1
48	7012	1
32	11749	-1
33	20701	-1
43	15410	1
30	27644	-1
49	29361	1
45	20582	-1
43	19222	1
39	25834	1
6	29115	-1
4	19583	1
8	18323	1
40	2477	-1
39	4047	-1
21	7547	-1
25	22712	-1
4	28517	-1
14	9369	-1
6	21632	-1
43	11333	-1
26	10259	-1
23	348	1
12	22727	-1
4	6342	1
35	7068	1
11	18864	-1
18	21432	-1
47	2861	-1
49	26379	-1
49	2160	1
1	4734	-1
48	15499	1
36	18	1
30	26309	-1
17	17601	1
15	28835	-1
13	19698	-1
4	12122	1
42	4522	-1
37	12785	-1
12	16237	1
3	935	-1
7	16471	1
27	27959	-1
46	13671	1
0	21523	-1
16	26531	-1
42	12774	-1
35	478	-1
43	1479	-1
42	11916	1
22	29783	-1
44	8502	1
35	29196	1
2	1981	-1
12	21736	1
45	10994	-1
36	9077	-1
8	1159	1
48	22297	1
49	2533	1
5	25246	-1
8	24216	1
39	29985	-1
48	18424	-1
8	20152	1
40	19581	1
29	13825	1
23	23709	-1
41	17928	-1
46	16644	1
14	26564	1
21	7953	-1
3	6582	-1
12	9365	-1
29	26065	-1
43	1756	1
47	3302	-1
27	21762	-1
16	12598	1
27	10804	-1
8	9863	-1
36	25209	-1
46	9071	-1
13	8148	-1
21	7662	-1
10	20584	-1
32	9045	-1
2	21113	1
42	2008	1
4	24138	-1
17	28643	1
32	20471	-1
16	23321	-1
40	6167	-1
21	4080	-1
37	15143	1
23	29723	-1
39	4172	-1
36	4646	-1
46	20227	1
37	15668	-1
8	7980	1
13	6856	-1
0	29812	-1
47	15158	-1
9	4165	-1
17	30321	1
26	23019	1
48	1854	1
9	7126	1
48	9994	1
17	28137	1
35	16209	-1
4	510	1
43	15069	1
34	2621	-1
46	11440	-1
43	4764	1
12	27862	-1
7	30638	1
8	16518	-1
31	25718	-1
8	6453	1
1	28015	-1
39	2529	1
44	16637	-1
46	19299	1
8	19401	1
37	7445	-1
3	14614	-1
45	5208	-1
16	29284	-1
34	28260	1
10	26344	1
15	4715	-1
28	16155	1
39	30392	1
39	26162	1
35	9950	-1
26	12924	-1
26	22907	1
48	7921	1
6	26746	-1
36	9700	-1
4	17190	1
7	20223	-1
34	3399	-1
5	10914	1
46	12639	1
0	2229	1
6	975	1
32	22650	1
39	2607	-1
1	7764	1
43	8973	1
43	3751	1
32	6917	-1
17	8174	1
23	140	-1
7	20046	1
5	13218	-1
49	23133	-1
47	10992	1
26	2491	-1
13	22944	-1
20	14679	1
10	27425	1
37	14328	-1
5	1868	1
14	9989	-1
45	22226	-1
43	9200	1
37	2205	-1
21	20391	-1
6	15815	1
42	15999	1
43	28156	-1
27	17175	-1
47	9797	-1
49	7599	1
26	29331	1
36	18027	1
48	5742	-1
1	25067	1
46	21676	1
27	7759	-1
39	2396	-1
4	15449	1
48	20528	1
41	12649	-1
43	6369	1
9	8121	1
28	14464	-1
41	5980	-1
37	2005	-1
26	2892	-1
28	871	-1
40	10204	1
4	29916	1
35	11641	1
35	19912	-1
35	29443	-1
28	21447	-1
40	2264	1
7	9104	-1
13	22143	1
15	5165	-1
15	19505	1
34	30670	-1
43	3416	1
25	17039	1
34	517	1
47	14704	-1
22	29187	-1
34	28709	-1
10	11955	-1
42	4360	1
14	23358	-1
35	29045	-1
39	22138	1
43	4728	1
4	15942	-1
1	6205	-1
16	13137	1
37	16043	-1
35	1304	1
29	6987	1
4	2440	-1
17	24024	1
30	19233	1
31	24336	1
5	29652	-1
22	15741	-1
3	566	-1
48	19297	1
23	9874	-1
26	24001	1
44	29238	-1
16	11274	-1
27	26991	-1
10	3019	1
15	24209	-1
5	2628	-1
31	13550	-1
12	20384	-1
10	2166	-1
16	12115	1
43	4209	1
1	22318	-1
46	29716	-1
6	13315	1
45	421	1
18	4852	-1
45	19959	1
32	15111	1
8	15865	1
49	6395	-1
45	10058	-1
0	6700	-1
48	26028	1
34	18099	-1
13	24088	-1
1	2303	-1
23	2706	-1
43	5140	1
44	15732	-1
8	18450	1
13	7506	-1
2	29797	-1
19	16337	-1
21	19838	1
45	216	1
17	13966	-1
11	30882	-1
30	19807	1
17	1188	1
26	12398	-1
6	22349	-1
20	23041	-1
42	26318	1
16	347	-1
26	25957	-1
5	8779	1
39	8093	1
39	5473	-1
46	24548	1
19	20574	-1
42	10246	1
32	16839	-1
5	10659	1
9	26999	-1
23	5495	-1
7	1942	1
40	11723	1
43	25151	1
48	19261	1
48	14310	1
0	17250	1
8	5270	1
22	9824	-1
6	20407	1
37	17790	-1
45	1175	1
37	9947	-1
35	19890	1
13	18970	1
43	22376	1
48	28055	1
39	316	1
8	17447	1
2	29004	-1
33	17577	-1
43	23759	1
9	18202	1
23	4901	1
39	19573	1
37	23051	-1
7	3557	1
5	30102	1
43	4663	1
8	7408	-1
32	23376	-1
18	28203	-1
7	29195	1
31	25665	-1
4	11577	1
27	22286	1
43	25320	1
16	1841	1
45	12919	-1
40	7516	1
19	10020	-1
3	4126	-1
42	25538	1
21	26783	-1
18	11784	-1
29	22404	-1
6	21849	-1
29	15749	-1
7	17018	-1
10	16900	1
43	7267	1
17	29332	-1
49	17966	-1
5	22329	-1
46	22741	1
8	28017	1
13	14604	-1
5	30335	1
32	21198	-1
30	11635	1
11	27690	-1
13	25232	1
31	11984	-1
44	5370	1
5	25382	1
0	9681	1
21	17879	1
48	15099	1
46	15920	1
1	27994	-1
44	23147	-1
17	5634	1
46	13840	1
21	20166	1
42	13283	-1
13	9407	1
46	15226	1
23	15506	1
22	20129	-1
6	20023	1
46	5817	1
45	28178	-1
48	18750	-1
31	11782	-1
45	19945	-1
3	24490	-1
42	2040	1
48	24601	1
5	9154	1
36	2966	-1
1	19265	-1
14	13558	-1
15	19241	-1
6	20446	1
48	12122	-1
42	10220	1
7	19435	1
40	2773	1
43	9610	1
20	19638	1
6	23686	1
13	7582	1
30	7557	-1
34	26643	-1
40	7326	1
12	381	-1
46	30035	1
11	9468	-1
37	28345	1
46	7354	1
27	14083	-1
46	5291	1
24	26009	-1
39	5417	-1
31	3250	1
31	320	-1
21	11997	-1
27	1104	1
43	2767	-1
43	11669	1
13	25036	-1
8	21563	-1
28	27818	1
46	22040	1
2	21181	-1
48	30350	1
21	30827	-1
11	10674	-1
12	2349	-1
22	222	-1
38	23507	-1
39	16139	1
2	29686	-1
32	24307	1
16	3973	-1
47	25143	-1
49	879	1
0	30300	-1
9	6628	-1
18	13171	-1
5	5074	-1
6	28210	1
36	27892	-1
43	11666	1
18	4112	-1
23	10316	1
22	13513	-1
46	17859	1
2	29709	-1
4	22508	1
35	6061	-1
48	11890	1
46	26872	1
43	3336	1
8	16506	1
46	13520	1
4	4176	1
48	27578	1
41	21343	-1
48	30924	-1
48	23134	1
9	25572	-1
43	15055	1
39	2511	-1
14	266	-1
40	17183	1
48	24607	1
1	18722	-1
40	8019	1
0	10905	-1
48	869	-1
4	12468	1
40	5627	1
3	6137	-1
38	14701	-1
10	29289	1
5	26552	-1
47	20452	1
16	30540	1
43	21509	1
29	29459	1
13	7778	1
47	29703	-1
45	1986	-1
16	10304	1
20	28936	1
45	19423	1
45	9666	1
5	1264	1
24	13119	-1
1	20392	-1
47	11654	-1
45	7424	-1
22	10532	-1
37	10218	1
26	20885	-1
48	4845	1
8	13477	1
24	2912	-1
25	22351	1
42	27972	1
2	2102	-1
24	23758	-1
43	16919	1
6	4699	1
48	12618	-1
26	3232	1
38	5078	-1
43	15910	1
27	25472	1
3	2153	-1
15	1515	1
43	26835	1
9	11527	1
23	30637	1
17	26335	-1
14	20843	-1
8	8987	1
6	9103	1
41	27795	1
29	8209	-1
16	14171	1
11	11723	-1
2	9703	-1
42	16	-1
14	29683	-1
49	5189	1
35	22544	-1
16	21	1
2	8219	-1
6	27373	1
5	25935	-1
13	22290	1
42	1284	1
44	13431	-1
6	24323	-1
0	7482	-1
0	4675	-1
13	29575	1
22	16315	-1
47	15629	-1
8	8878	1
15	6620	-1
4	20955	1
21	12271	-1
30	6497	-1
19	10464	-1
44	3613	-1
12	26990	-1
14	10751	-1
28	15055	1
2	14015	-1
35	12761	-1
34	412	-1
13	12814	1
33	7764	-1
39	20695	1
35	18020	-1
43	13926	-1
46	22910	1
1	15770	-1
8	435	-1
33	8581	-1
35	24700	-1
36	15292	1
40	19650	1
36	853	-1
18	19808	1
27	8403	-1
43	15385	1
8	29064	1
34	13435	-1
8	24119	1
41	25853	-1
17	9711	-1
37	12530	-1
32	23857	-1
21	14609	-1
6	14118	1
47	3520	-1
1	28952	1
42	18101	1
5	30380	-1
45	23634	-1
6	30037	1
27	15545	-1
17	8186	-1
35	24219	-1
5	8861	-1
13	26861	1
6	15290	-1
43	13810	1
19	30597	-1
10	28985	1
28	15342	-1
46	18738	1
40	21735	-1
15	27947	-1
17	27086	-1
8	11110	1
25	18810	-1
35	23010	-1
9	25836	-1
40	18034	-1
18	4442	1
43	756	1
31	6043	1
44	300	-1
29	4176	-1
8	23685	-1
14	9184	-1
16	29406	1
37	28788	-1
7	4732	-1
45	14143	1
39	20883	1
13	4932	1
43	7781	1
31	2529	1
17	11057	-1
26	7356	-1
0	90	1
0	30439	1
36	2510	-1
10	26419	-1
19	24405	-1
12	21488	1
14	10815	-1
39	9849	1
14	20157	-1
42	11198	1
16	8521	-1
4	5185	1
10	12059	-1
16	14551	-1
31	19695	-1
43	28705	1
27	922	-1
26	4558	-1
44	25358	1
23	9671	-1
13	9509	1
23	25402	1
4	7235	-1
4	23680	-1
1	17194	1
44	12791	1
20	26627	-1
8	22896	1
0	29288	1
17	17329	1
14	12812	1
4	5023	-1
39	2176	-1
43	24329	1
14	1173	-1
23	13209	-1
25	2814	-1
28	5296	1
24	28003	-1
13	27793	1
26	6902	-1
31	19084	-1
24	24628	-1
6	13816	1
9	25981	1
44	15066	-1
6	23653	-1
27	6989	-1
37	9484	-1
48	27300	1
43	22170	1
43	15568	-1
18	10054	-1
39	27286	-1
18	14560	-1
43	5767	1
35	7734	-1
12	18980	1
47	27590	1
37	18563	1
43	2911	1
44	16726	1
4	1447	1
14	21948	-1
43	10271	-1
43	28146	1
48	25010	-1
19	25791	-1
39	6181	-1
31	25450	-1
48	19085	-1
29	15833	-1
45	2057	-1
13	23328	-1
14	2280	-1
0	11396	-1
7	18395	1
24	17005	-1
21	5158	-1
48	9702	1
46	22906	1
46	17667	1
8	25111	1
6	25587	-1
26	7086	-1
36	8215	1
36	28933	-1
12	23081	-1
36	11415	1
8	1616	1
13	11914	1
38	28661	1
8	1539	-1
22	2125	-1
12	5369	1
48	17668	1
35	22025	1
24	5649	-1
1	24461	1
43	18665	-1
48	29919	1
39	30482	-1
18	30370	1
22	16146	-1
42	6289	1
21	26665	-1
19	25311	-1
26	20682	-1
40	19091	1
13	2337	1
39	18289	-1
34	14056	-1
3	19230	-1
45	23354	-1
1	3190	1
46	15248	1
46	2577	1
34	5384	-1
42	26420	1
26	3123	-1
0	24854	-1
32	19930	1
21	19416	-1
0	10552	-1
35	15057	1
6	13733	-1
42	14693	-1
23	23405	1
1	28146	-1
3	16211	-1
31	27857	1
43	8166	-1
43	3155	1
2	4867	-1
17	27125	-1
7	21080	-1
6	2608	1
32	23467	-1
48	29135	1
26	5049	-1
26	30101	-1
16	30126	1
41	11400	-1
0	26361	1
28	29007	1
41	3225	-1
8	3804	1
18	2897	-1
45	3511	1
33	4199	-1
45	387	-1
33	23330	-1
43	13862	1
8	11073	1
40	18839	-1
21	9779	-1
42	3165	1
21	1944	-1
23	21011	-1
14	2005	1
41	17096	1
28	10301	-1
17	19820	1
44	24378	1
19	30298	1
16	24646	-1
44	25491	1
33	3221	-1
43	21671	-1
24	3527	-1
18	1962	1
0	26687	-1
41	25439	-1
40	1076	1
9	10707	-1
8	14947	1
38	3538	1
49	26617	-1
43	31066	1
14	22502	-1
46	5184	-1
43	7101	1
15	29665	-1
38	11711	-1
4	16976	-1
46	29477	1
35	6857	1
18	14535	1
15	26414	-1
4	13769	1
3	1603	-1
13	17019	1
8	26142	1
17	13405	1
35	10177	1
42	19731	-1
10	9848	-1
31	17858	-1
42	16471	-1
31	23065	1
34	29628	-1
43	7132	1
48	23520	-1
16	25887	1
4	19415	-1
43	10999	1
4	21497	-1
27	29457	-1
4	9800	1
35	986	-1
15	3985	1
8	20921	1
26	2330	1
46	28930	1
8	26062	1
46	11709	1
13	789	1
17	3247	1
0	19648	-1
13	1518	1
6	18502	1
35	19333	1
40	9437	1
4	3491	1
27	22116	1
7	22643	-1
12	10764	-1
4	14783	1
42	1273	1
8	22262	-1
24	12268	-1
43	19709	-1
3	14580	-1
31	12091	-1
16	20392	-1
39	23712	1
47	23972	-1
18	13794	-1
31	16125	-1
37	8872	-1
9	29106	-1
5	29310	1
39	1563	1
48	13891	1
15	15611	1
21	8691	-1
43	11591	-1
26	1444	-1
43	13120	1
29	27174	1
7	12706	1
6	9859	1
36	4973	-1
38	26194	-1
1	28302	1
0	1562	-1
48	27003	1
31	12844	1
21	18049	1
6	10860	1
13	12095	1
41	30040	-1
16	25998	-1
4	61	-1
36	8107	1
3	9592	-1
4	8878	1
25	19034	1
5	6258	1
15	18870	-1
19	16783	-1
8	26864	-1
32	5251	-1
13	28544	1
46	12408	1
13	5111	-1
15	20641	-1
5	23041	1
31	14410	-1
46	17828	1
34	15850	-1
23	16745	1
42	13112	1
43	12970	1
2	24642	-1
42	15248	1
48	16483	1
45	2686	1
9	1028	-1
21	7853	-1
31	22811	-1
0	25201	1
8	4056	1
45	28183	1
32	3565	1
19	26270	-1
3	933	-1
35	472	1
14	21551	-1
20	29777	-1
6	26149	1
43	23169	1
31	16928	-1
35	15264	1
45	23643	-1
45	15075	-1
27	27738	1
3	1591	-1
10	20647	1
31	30368	-1
42	25036	-1
36	631	1
48	14694	1
14	7555	-1
21	2696	-1
34	279	-1
39	2367	-1
9	15282	1
37	24055	-1
18	27316	1
48	2121	1
30	20639	-1
19	10278	-1
43	15212	-1
8	4900	1
19	29595	-1
39	29510	-1
39	30457	1
12	9192	-1
31	21591	-1
27	12312	-1
18	12394	1
15	23753	-1
45	9330	1
28	26270	-1
36	22235	-1
16	19318	-1
16	25918	1
10	21622	1
8	5386	-1
44	3332	-1
37	30179	-1
47	18201	-1
35	14963	-1
48	10561	1
43	2648	1
40	6665	-1
15	13553	1
4	10447	1
13	20204	1
43	14903	1
31	724	-1
46	19615	1
18	12715	1
5	11641	1
9	23798	1
3	29206	-1
4	9898	1
33	10533	-1
10	2519	1
2	5013	-1
44	12499	-1
46	16766	-1
33	3910	-1
24	25975	-1
17	23402	1
45	14325	-1
43	25153	1
6	26935	1
18	14249	-1
8	7130	1
1	15688	-1
46	3816	1
45	9974	-1
27	16728	-1
47	24784	-1
17	22630	-1
35	1706	-1
6	5127	1
17	7212	1
3	15375	-1
46	14036	1
4	24692	-1
2	30405	1
0	30435	-1
34	2693	-1
0	6590	-1
44	8471	-1
32	17855	-1
6	12000	1
36	7348	-1
6	6268	-1
7	16934	-1
25	23701	-1
10	18284	-1
28	27007	1
29	8603	-1
0	27411	-1
42	21575	-1
48	1488	1
37	20555	1
39	14937	1
13	28820	-1
24	19	-1
43	15840	1
48	16623	1
28	28748	-1
36	844	-1
35	18735	-1
26	596	1
28	18769	1
43	9045	1
23	5933	1
17	29320	-1
4	4020	1
39	29295	-1
44	1933	-1
43	5351	1
22	17327	-1
36	918	-1
26	19332	1
38	11353	-1
43	564	1
41	18325	-1
36	27870	-1
12	23687	1
46	19603	1
35	17354	-1
4	1601	-1
48	14916	1
49	5634	1
43	27903	1
36	25749	1
24	25807	-1
13	11046	1
24	7198	-1
33	3356	-1
1	1656	1
46	29357	1
2	24011	-1
16	5932	1
29	28147	1
48	10220	1
3	5204	-1
44	21293	-1
1	6117	-1
37	30517	1
2	3323	-1
12	4888	1
7	5573	1
24	10737	-1
46	23921	-1
48	21617	1
46	7700	1
7	25925	1
13	30236	1
48	23387	1
15	23583	1
24	12985	1
30	2125	1
16	10586	1
8	18435	1
8	24329	1
17	5403	1
47	1694	-1
28	12170	1
29	918	1
29	28997	1
33	26420	-1
27	23892	-1
16	7142	1
5	15803	1
14	8995	-1
39	7322	1
3	23224	1
27	20616	-1
6	1940	1
1	17605	-1
23	6582	1
48	27156	-1
14	8503	-1
29	1602	1
5	731	-1
1	77	1
39	12582	-1
40	10629	-1
47	3933	1
24	20604	-1
30	2174	1
8	11604	1
48	25675	-1
41	7692	-1
9	24449	-1
13	24846	1
17	6465	-1
28	29509	1
15	29923	-1
8	30725	1
40	16788	1
23	28843	1
29	14263	1
13	8868	-1
5	13499	1
3	6140	-1
0	3201	1
48	11771	1
10	24764	-1
3	13341	-1
29	5179	1
41	6785	-1
13	27347	1
1	26701	1
43	8330	-1
34	30579	-1
30	847	-1
41	25376	-1
36	29831	-1
25	4942	-1
10	19594	-1
23	25932	1
42	5315	1
18	2253	1
45	25747	-1
8	12317	1
43	12001	1
43	10743	1
40	19127	1
3	7925	1
7	7893	1
44	1596	-1
43	22003	1
15	22083	1
45	30570	1
32	25423	-1
40	867	-1
3	1305	-1
13	28589	1
28	16536	1
38	26430	-1
20	28308	-1
30	393	-1
27	17610	-1
44	12886	1
43	30474	1
13	8723	1
39	2471	1
46	8581	-1
6	26563	1
23	18907	-1
10	17396	1
19	344	-1
28	31000	-1
6	21766	-1
5	9541	-1
0	9503	1
16	22893	1
30	15330	-1
13	19008	1
46	4284	1
8	29392	-1
12	16896	1
12	156	-1
43	1196	1
45	30669	-1
8	11062	-1
0	485	1
16	19369	1
22	19846	-1
2	28598	-1
12	11890	-1
40	9301	1
7	19790	1
49	15055	-1
47	9539	1
7	19136	-1
0	17696	-1
12	404	-1
29	8109	-1
6	21106	1
0	1416	1
4	27871	1
7	26862	-1
48	20701	1
6	28085	1
18	7539	1
6	5801	1
41	26193	-1
35	22146	1
45	16140	1
37	22047	1
46	28565	1
3	23355	-1
10	5417	-1
5	10977	1
43	29631	1
44	6843	-1
48	22883	1
14	21752	-1
20	16849	1
5	11376	1
6	16748	1
48	12893	1
30	14626	1
35	2139	1
30	17473	-1
11	24154	-1
30	30885	1
43	2054	1
22	26515	-1
21	10677	-1
46	17259	1
23	4824	-1
8	18627	1
43	19530	1
38	26770	1
34	28412	-1
20	16640	-1
42	24211	1
1	3242	1
1	13660	-1
14	15171	1
7	13729	1
40	6140	1
32	22579	-1
48	26301	1
48	12138	1
13	14353	1
46	5111	1
5	6631	1
33	28521	-1
44	16345	1
8	7461	-1
9	4214	1
17	24759	1
13	8702	1
36	17146	1
22	23757	-1
48	15371	1
38	22342	-1
9	30420	-1
9	4852	-1
16	10476	-1
35	5544	1
21	15593	-1
17	28082	1
25	454	-1
35	21120	-1
16	23131	1
29	9575	-1
35	5292	-1
17	13974	-1
35	4574	1
21	2205	-1
13	9596	1
28	3911	1
20	13086	-1
49	3186	-1
5	5884	-1
48	15244	1
7	20700	1
11	26943	-1
28	329	-1
35	1718	1
44	3866	-1
40	12193	-1
28	14565	1
14	14689	-1
7	19538	-1
4	3834	1
48	2400	1
16	19842	1
34	2028	-1
43	21547	-1
46	15132	1
1	27180	1
17	30451	1
43	18645	1
35	622	-1
40	30965	-1
42	16324	1
29	22069	-1
41	28360	-1
29	18880	1
47	6474	-1
16	24862	-1
4	5318	-1
11	16538	-1
14	16359	-1
3	21143	-1
48	6669	1
37	14379	1
5	14318	-1
43	1376	1
44	23944	1
13	9921	1
16	24140	-1
4	23281	-1
16	23007	1
2	18556	-1
17	25197	-1
23	16561	1
37	2923	1
40	20450	1
5	10104	-1
38	25551	-1
28	19977	-1
38	15209	-1
10	17048	1
1	6969	1
17	24313	-1
45	24192	1
21	30024	-1
42	3729	-1
32	7426	-1
5	22149	-1
22	25173	1
30	6290	-1
35	24449	-1
37	27160	-1
44	28915	-1
43	17352	-1
4	10430	-1
16	6955	1
23	23138	1
29	15760	-1
44	5465	1
9	17200	-1
15	6338	-1
38	21219	-1
24	20694	-1
30	26052	-1
10	27178	-1
0	9840	1
32	24912	1
17	18557	-1
41	6719	-1
23	2134	-1
8	7227	-1
0	4296	-1
3	11219	-1
4	21318	1
6	12448	-1
31	7981	-1
28	21782	1
39	25512	1
33	26585	-1
4	2532	1
7	22989	-1
44	27151	-1
29	12952	-1
1	26079	-1
30	792	-1
19	22807	-1
6	4153	1
37	11743	-1
22	1904	-1
8	9272	-1
4	23892	-1
0	24336	-1
44	28974	1
46	20226	1
4	1689	1
18	22743	-1
46	19761	1
44	20845	1
19	14767	-1
7	19468	1
29	30372	1
8	14656	-1
48	12240	1
32	29064	1
36	2787	1
28	29864	1
38	2185	1
42	21313	-1
34	17773	1
9	8298	-1
39	24515	-1
43	29195	1
36	158	1
46	20017	1
13	4393	-1
36	1353	-1
31	27926	-1
42	23747	1
30	5832	1
43	18180	1
46	19181	1
16	10705	-1
40	13790	1
39	13445	1
28	2880	1
45	20215	1
40	15664	1
43	20026	-1
7	3396	1
4	24914	1
48	3143	1
40	15585	1
6	5920	1
33	15299	1
40	27824	1
20	6074	-1
48	29007	-1
35	23789	-1
42	9634	1
11	15196	-1
4	13787	1
17	3005	1
8	26723	1
48	10826	1
48	12846	1
43	3688	1
29	29991	1
44	25731	-1
30	26952	-1
48	21382	1
34	7937	-1
39	28982	1
8	30257	-1
44	398	-1
45	23839	1
17	20957	1
40	21171	1
8	9937	1
48	25037	1
8	4063	1
28	13719	-1
43	26714	1
38	15098	1
44	11495	-1
39	23088	-1
18	27277	-1
1	16790	1
14	15519	1
1	22608	-1
47	11556	-1
40	25742	1
15	26232	-1
8	17758	1
17	26593	1
14	9432	-1
26	22499	-1
40	9598	1
29	21100	-1
25	16074	-1
6	28359	-1
22	9746	-1
29	1709	-1
15	11683	-1
35	2844	-1
43	14098	1
34	11826	1
9	13901	-1
21	15738	1
4	17542	1
22	24504	-1
28	15340	1
35	26214	1
48	4162	1
32	15807	-1
0	6530	-1
19	2987	-1
4	5017	-1
46	28209	1
48	23363	-1
20	11521	-1
21	16194	-1
43	12472	1
35	4387	1
28	10083	-1
43	9503	-1
18	10024	1
29	25023	-1
48	4697	-1
4	11778	1
40	14561	1
28	25140	-1
33	11497	-1
2	3680	-1
27	3343	-1
10	16623	-1
43	8964	-1
4	2856	1
24	13140	-1
18	12203	-1
40	25748	1
13	18867	1
23	19387	-1
8	8471	-1
11	8899	-1
31	26628	-1
1	7416	1
28	13981	-1
30	28272	1
44	16872	-1
47	27243	-1
8	22901	1
3	12086	-1
8	22706	1
28	27135	1
43	6732	1
6	2132	1
5	14434	-1
9	10314	-1
3	603	-1
40	27804	1
16	12780	-1
48	29637	1
7	14939	1
1	6918	-1
10	9421	1
44	26292	-1
24	6727	1
5	22145	1
23	10215	1
38	20308	1
46	25657	-1
48	24256	1
7	26769	-1
5	16537	-1
46	2520	1
10	1265	1
21	17311	1
18	26022	-1
42	9473	1
2	27547	-1
33	16365	-1
25	30158	1
10	5021	-1
21	6429	1
46	23696	1
40	19714	-1
16	12971	1
13	5465	-1
12	4400	-1
0	3384	-1
46	4948	1
40	8893	1
15	27630	1
13	7271	1
4	27822	1
41	14387	-1
29	1223	-1
44	24506	1
24	9490	-1
40	12875	1
13	12577	1
48	10214	1
44	3424	-1
26	26097	-1
25	6474	-1
27	4694	-1
13	5499	1
34	993	1
35	9041	-1
45	26713	1
10	28222	1
30	28174	1
12	17190	-1
10	25059	1
39	26060	-1
7	16586	-1
17	13917	1
41	16791	-1
13	14885	1
16	290	1
34	17287	-1
48	20467	1
9	20447	1
9	5723	1
19	8347	1
28	22724	1
40	27315	-1
2	16486	-1
47	19465	-1
28	25175	-1
0	16187	1
13	24232	1
0	10983	1
4	23528	1
0	3343	-1
19	12749	-1
19	15155	-1
20	16787	-1
16	6044	1
6	2788	1
8	20644	1
45	7526	1
18	30654	-1
20	19111	1
18	29712	1
20	11612	1
34	17152	-1
13	27797	1
31	17235	-1
48	838	1
42	15355	1
29	22435	-1
40	27747	1
18	26333	-1
8	21257	1
6	18702	-1
18	19701	1
31	2597	-1
28	27322	-1
35	16332	1
28	30275	-1
8	23505	1
35	14008	1
49	22357	-1
8	17587	1
14	8628	1
41	24654	1
17	14102	-1
26	22127	-1
5	17742	1
3	18267	-1
36	24872	1
48	491	1
23	2693	1
37	12770	-1
36	7505	1
2	16643	-1
47	19689	-1
7	13606	1
11	4957	-1
48	28915	1
23	17463	-1
29	23005	-1
12	12448	1
1	25401	-1
16	6014	-1
45	10356	1
7	16020	-1
8	25133	-1
43	17707	1
7	24637	1
42	29211	1
13	17421	-1
39	24725	1
42	1479	1
38	28628	-1
20	15350	1
11	29930	-1
4	9317	1
11	25588	-1
28	11560	-1
1	13304	-1
16	14624	1
22	14272	-1
37	25556	-1
13	1946	1
4	3228	1
28	30549	-1
5	13760	1
14	15344	1
31	24395	1
47	26244	-1
27	16376	-1
36	14126	-1
8	27296	-1
27	3327	1
13	18981	1
20	13639	1
13	18523	-1
2	11464	-1
17	21083	-1
14	29749	-1
8	20850	-1
35	23964	-1
40	25451	1
24	605	-1
6	29586	1
14	18266	-1
31	29697	-1
16	17254	-1
4	11919	1
43	10154	1
48	9711	1
34	21346	-1
29	15860	1
5	555	-1
8	2377	1
30	22009	-1
4	11142	1
14	11209	-1
28	24002	1
46	27845	1
29	5451	-1
39	16168	1
43	30863	1
35	27040	1
0	16707	-1
4	9556	-1
5	17601	-1
19	1989	-1
24	26347	-1
45	16806	-1
33	6226	-1
9	22420	-1
19	15717	-1
30	13678	1
14	26222	1
32	11274	-1
2	2585	-1
39	11977	1
13	720	1
9	13847	1
27	10292	1
36	27307	-1
6	25614	1
13	2672	-1
2	1832	-1
11	27608	-1
40	6554	1
39	17759	-1
5	8992	1
40	5937	1
28	9305	1
38	19422	-1
24	19812	-1
32	12409	-1
28	14791	1
5	14755	1
31	30964	-1
6	14318	1
10	10562	1
18	1890	-1
46	25206	1
13	27009	1
44	13427	1
35	1324	-1
21	17571	1
36	5695	-1
28	19405	1
46	29972	1
9	29108	1
27	23659	1
3	21325	-1
18	26964	-1
27	5057	-1
26	14479	1
2	5487	-1
43	6929	1
4	27959	-1
7	13385	1
46	9115	1
48	28228	1
48	30981	1
0	4958	1
25	28691	-1
35	15905	1
13	25587	1
26	27641	-1
48	29173	1
46	3786	-1
11	8490	-1
31	18891	-1
24	23477	-1
39	27328	1
42	7892	1
36	20118	-1
46	13803	1
4	1453	1
30	855	-1
45	9778	-1
44	17831	1
4	2903	1
40	9222	1
3	17656	-1
7	28088	-1
7	21728	-1
1	1729	-1
13	26028	1
6	1728	1
46	126	1
18	23117	-1
19	23232	-1
8	30152	1
16	22075	1
6	24433	1
16	4262	1
5	26008	-1
29	29977	1
16	27942	1
46	14419	1
22	17374	-1
32	9638	1
43	6978	1
22	19250	-1
32	29941	-1
7	2403	1
8	376	1
29	27254	-1
49	27879	1
34	462	1
18	29078	1
5	13608	-1
43	6961	1
13	178	1
43	7659	1
35	14376	1
24	17294	-1
41	19033	-1
39	23237	1
40	18283	1
13	26868	1
35	5383	-1
32	23718	1
34	29332	-1
4	9972	1
21	27966	1
48	26960	1
24	11995	-1
13	27527	1
43	2343	1
42	27713	1
5	19991	1
13	1767	1
46	3005	-1
10	18782	1
48	5898	1
8	11236	1
19	1696	1
15	8637	-1
35	30989	-1
8	3213	1
22	29031	-1
28	7991	1
7	15342	-1
7	22807	1
21	28288	1
42	22648	1
29	22937	1
4	11965	-1
4	30082	-1
32	31029	1
2	21723	-1
10	4213	-1
5	6335	1
37	1880	-1
8	1424	1
14	1484	-1
41	25602	-1
42	18982	1
37	10281	-1
8	25822	1
3	7360	-1
16	3355	-1
10	14582	-1
18	25972	-1
45	18768	-1
45	8643	1
18	15405	1
37	22647	-1
38	26384	1
13	4772	-1
46	10250	1
43	9948	1
46	22593	1
6	30183	1
46	1917	-1
16	26732	-1
31	4602	-1
6	4544	-1
35	7542	-1
3	24031	-1
42	13164	1
28	23469	-1
2	14132	-1
10	80	1
33	12729	-1
35	7241	1
48	23941	1
6	4245	-1
27	6709	-1
1	9684	-1
28	23183	-1
45	23985	-1
42	11475	-1
29	447	-1
47	18996	-1
11	22628	-1
14	1002	-1
44	157	-1
48	1695	1
43	20376	1
33	21314	-1
32	5491	-1
46	420	1
2	22047	-1
4	6071	-1
1	4602	1
16	8704	-1
18	11243	-1
44	22798	-1
18	28094	1
16	19575	-1
9	5724	-1
33	21977	-1
34	29534	1
13	22912	-1
40	29887	-1
3	14288	-1
22	8463	-1
13	6172	1
24	19655	-1
34	9505	-1
37	11248	-1
21	11749	1
13	21736	1
10	20367	1
30	14758	-1
13	22685	1
41	3097	-1
21	13247	-1
48	13112	1
43	5505	-1
23	21057	1
7	6749	1
47	6653	-1
13	3838	1
19	27344	-1
37	16496	1
18	1794	-1
9	9537	-1
43	9904	1
1	28255	1
39	16269	1
21	24586	-1
8	6971	1
28	11441	-1
30	6640	1
46	4627	-1
2	15397	1
8	23019	-1
12	27366	-1
6	19794	1
35	30758	1
21	5202	1
32	23048	1
40	1312	1
24	20476	-1
35	289	-1
42	26852	-1
32	27341	-1
21	21732	1
6	5390	1
46	22694	1
46	16099	1
28	27436	-1
38	1970	-1
0	14833	-1
10	24841	-1
7	2621	1
37	30757	-1
15	24291	-1
18	20445	1
1	24930	1
10	16640	-1
5	29164	1
8	19651	1
33	21486	-1
44	7816	-1
43	18802	1
19	9399	-1
0	11083	1
49	19875	1
18	29959	-1
23	30192	1
8	604	1
28	5408	-1
46	10060	-1
27	12607	1
46	17484	1
49	2064	-1
1	23094	-1
16	28598	1
45	4161	-1
40	21059	1
30	14345	-1
31	6353	-1
4	8254	-1
5	29102	1
24	15878	-1
16	14221	-1
36	16813	-1
10	2095	-1
17	10623	1
13	17412	-1
43	19684	1
37	24146	-1
16	14610	-1
17	15861	-1
21	26900	-1
5	7139	1
13	3704	1
42	27732	-1
20	6764	-1
6	8803	-1
43	29235	1
30	13841	1
35	2741	1
48	30709	1
42	6447	1
8	477	1
26	6661	-1
10	14246	1
43	9637	1
40	8068	-1
34	2454	1
46	24392	-1
40	22669	1
35	18477	1
26	8079	-1
5	18071	1
28	15417	1
16	667	-1
7	3211	1
13	1935	-1
28	28712	1
30	4271	1
36	15894	1
23	431	1
7	7855	-1
29	6723	1
32	12510	1
36	18186	-1
13	5432	-1
25	29828	-1
30	22308	-1
44	21918	-1
13	15698	1
48	31026	1
17	29158	1
23	12431	1
27	16989	-1
4	18399	-1
43	27636	1
28	6196	-1
13	26663	1
14	9420	1
43	21186	-1
15	13940	-1
39	5110	-1
47	8984	-1
17	18825	-1
5	14024	1
2	28068	-1
4	23623	1
45	27335	-1
41	14419	-1
8	11325	1
46	13052	-1
43	20618	1
12	29259	-1
10	30543	1
39	18070	-1
38	19896	-1
44	22424	1
8	4263	1
45	5152	-1
8	13251	1
4	5370	1
3	14986	-1
10	28020	1
9	14996	-1
4	19888	-1
2	9106	-1
25	21045	1
27	13026	-1
30	16865	1
19	4208	-1
26	20932	1
4	9192	1
48	9207	1
37	3521	-1
7	11784	-1
10	30413	-1
9	26574	1
40	18808	1
17	16082	1
20	20815	-1
30	11284	-1
22	8188	-1
26	5934	-1
43	19230	1
2	5321	1
42	18653	1
14	21314	1
6	23570	1
40	6226	1
38	28445	-1
4	9978	1
7	30669	-1
49	15837	1
43	30792	1
28	3385	1
11	23521	-1
27	11791	-1
48	752	1
22	24195	-1
43	30459	1
32	6911	-1
48	5826	-1
8	6006	-1
44	29602	-1
18	6229	-1
42	12703	1
46	22202	1
5	1912	1
48	9693	1
9	7231	1
23	10645	-1
37	901	-1
44	23014	1
43	21011	1
17	3376	1
13	2927	1
35	20084	1
48	8612	1
4	17122	1
40	8740	1
43	28318	-1
34	9212	-1
31	1652	1
14	22263	-1
21	26084	-1
25	8455	-1
45	25494	-1
11	30382	-1
17	5587	-1
36	4878	1
34	7171	-1
36	8281	-1
36	14685	1
44	24289	1
36	19715	1
38	16348	-1
40	4443	1
43	2916	1
6	25150	-1
43	22384	1
13	4059	1
44	12726	-1
21	30122	1
44	21975	-1
6	6716	1
1	21591	-1
20	14720	-1
7	15426	1
26	14165	1
42	7564	1
25	28633	-1
48	15787	-1
1	19020	1
29	10613	1
36	22431	1
7	26880	-1
48	7101	1
43	5490	1
18	2758	1
36	5541	-1
6	14996	1
21	16160	1
4	29518	1
24	17939	-1
29	27788	-1
28	17632	-1
37	17834	-1
18	30865	-1
7	6420	1
13	8408	-1
8	7447	1
44	10370	1
15	9070	1
1	21147	1
40	15493	-1
1	17556	-1
19	16894	-1
34	18584	1
46	26330	1
43	17290	1
4	29	-1
6	8692	-1
33	9522	-1
41	5241	-1
28	27733	1
6	8463	1
6	21570	1
42	22000	1
4	28562	1
27	12271	-1
39	2371	1
49	30395	1
6	29672	-1
9	20293	-1
16	17977	1
28	17242	1
42	16352	1
0	16442	-1
36	6237	1
3	30538	-1
22	8877	-1
28	28595	-1
48	10548	1
35	27267	1
41	9534	1
15	14308	1
7	19204	1
27	19015	-1
25	25189	-1
47	935	-1
7	13826	-1
43	30204	1
0	8324	1
43	21605	1
6	5466	1
48	21984	1
25	1772	1
41	1748	-1
7	13552	-1
26	24295	-1
1	16141	-1
40	513	-1
33	11983	-1
0	18553	-1
45	1451	-1
8	16705	-1
17	9250	-1
48	1187	-1
7	341	1
45	10838	1
12	22207	-1
27	7721	-1
29	7537	-1
15	23123	-1
41	638	-1
4	5983	1
12	13626	-1
1	4217	-1
47	1931	1
48	12078	1
23	22160	-1
3	23510	-1
39	4548	1
2	5144	1
24	5962	-1
11	2032	-1
33	6785	-1
17	22293	-1
17	29151	-1
42	14473	1
23	24649	-1
16	16348	-1
48	1068	1
1	6182	1
38	10435	-1
21	24034	-1
42	31022	1
26	12286	-1
20	18799	1
3	22099	-1
42	22232	-1
40	18837	1
35	5691	-1
22	16968	-1
34	4794	1
0	30305	1
20	13157	-1
31	25654	-1
39	15736	1
36	2805	-1
28	29888	1
22	4089	-1
16	27178	-1
45	20403	-1
11	14363	-1
42	3907	-1
28	23129	1
13	6085	1
4	10224	1
2	21643	-1
11	9174	-1
1	28561	-1
29	19656	-1
42	14179	1
13	22675	1
4	21839	1
2	15158	-1
40	280	1
17	26160	1
27	10952	-1
27	581	-1
26	7046	-1
46	6773	-1
13	8032	-1
14	14550	-1
6	13902	1
20	14633	-1
7	25476	-1
31	25244	-1
35	26615	1
6	562	1
18	13478	1
22	7925	-1
2	18049	-1
38	28584	-1
0	3907	-1
0	17192	-1
21	22160	1
43	11554	-1
13	21052	1
49	2320	-1
28	24941	-1
48	23481	1
4	24412	1
8	13792	1
8	23589	1
12	24348	-1
7	11816	-1
48	17714	1
5	8960	-1
35	5611	1
13	15944	1
26	3370	1
33	16503	-1
18	1684	1
2	24285	-1
9	20256	1
4	18255	1
40	3844	1
23	29753	-1
40	23927	1
7	3854	-1
42	14703	1
32	29955	-1
48	4712	1
37	13680	-1
43	29053	1
3	23889	-1
44	21260	1
1	1921	1
46	11402	1
18	6493	-1
1	23005	1
35	12779	1
40	2602	1
8	24315	1
29	8852	1
39	6692	-1
4	25439	1
6	26718	-1
42	10712	1
1	4557	1
30	11009	-1
38	22582	-1
21	895	1
46	3309	-1
45	29721	1
32	23097	-1
40	7682	1
43	13762	1
17	13140	1
42	1495	1
46	27967	1
41	24558	-1
12	23285	-1
41	1159	-1
35	15705	1
10	6782	-1
5	21808	-1
12	24761	-1
28	20181	-1
17	29410	1
0	21739	-1
4	1766	1
9	10373	-1
13	29984	1
28	2353	1
42	23082	-1
43	709	1
36	10073	1
45	20833	-1
39	26298	-1
43	9592	-1
30	6061	-1
35	12284	1
29	25870	-1
34	14341	-1
33	29068	-1
48	18205	1
4	20802	1
40	14656	1
8	14152	1
4	24398	1
43	17319	1
35	5238	-1
1	24747	1
27	8933	-1
42	2732	1
35	28856	1
6	9921	1
31	26357	-1
43	26927	1
8	24111	1
42	25607	1
2	9693	-1
25	5634	-1
33	18401	-1
17	18878	1
37	22329	-1
42	18134	1
24	27563	-1
1	29250	-1
5	12753	1
24	17811	-1
32	6939	1
30	9610	1
44	6549	-1
13	22413	-1
8	8837	-1
10	25225	-1
16	9246	1
21	27668	1
10	14548	-1
8	21601	1
47	29192	-1
34	6944	-1
14	20598	-1
37	9064	-1
13	267	1
2	12333	-1
47	20460	-1
2	27541	-1
29	23575	-1
35	6328	1
1	12119	-1
11	24908	-1
39	2719	1
12	16075	-1
13	26748	1
48	23066	1
49	19095	1
37	3008	1
48	3762	-1
49	21837	-1
43	17093	1
1	1864	1
45	20673	-1
27	1474	1
8	17838	1
43	26069	1
32	21350	-1
1	21394	-1
43	18088	1
19	9565	-1
24	4258	-1
18	3149	1
16	20825	1
48	7298	1
4	19972	1
46	9325	-1
41	16281	-1
14	2199	-1
43	29309	1
35	23805	1
47	8792	-1
46	22519	1
23	24893	1
43	23387	1
38	1777	-1
16	27387	-1
13	18293	1
24	13679	-1
1	23006	1
18	20846	1
45	4298	1
13	11090	-1
46	11826	1
11	8275	-1
13	27005	-1
6	28929	1
46	8409	1
26	30988	1
16	17619	1
44	619	-1
25	24063	-1
37	7060	-1
23	16373	-1
32	25660	-1
27	23161	-1
46	11838	1
42	2222	1
29	27684	-1
5	18820	1
27	4043	-1
40	11648	1
44	8462	1
22	14839	-1
21	8707	-1
46	859	-1
31	17686	-1
28	18546	-1
35	11478	1
48	17969	1
8	23147	-1
48	15855	-1
44	8029	1
22	3964	-1
49	4270	-1
30	18774	-1
15	24626	1
1	29677	1
9	8378	-1
16	29991	1
43	5692	1
22	25738	-1
23	21067	-1
5	24809	-1
48	696	1
19	16596	-1
37	3733	-1
2	21452	-1
0	20211	-1
36	30590	-1
13	25925	1
36	18229	-1
5	26063	1
4	29756	-1
38	3777	-1
5	25611	1
34	29109	-1
49	8648	1
48	27293	1
7	27031	1
13	18159	1
2	30389	1
21	21770	-1
48	27961	-1
0	23714	-1
14	10211	-1
40	5901	-1
31	26215	-1
1	27130	1
47	24107	-1
40	23915	1
46	17023	1
9	24589	-1
10	21816	1
40	14021	1
46	351	1
40	14002	1
39	29558	1
16	25331	-1
38	27695	-1
1	2686	1
3	11492	-1
27	20961	-1
18	10826	1
29	5466	1
46	25706	-1
23	9654	-1
43	15602	1
6	20889	1
30	30514	1
30	28220	-1
10	17936	1
45	2344	-1
35	30682	1
13	6272	1
16	15450	1
8	28948	1
42	7898	-1
46	12263	1
29	25863	1
5	27135	-1
5	14860	1
21	22005	-1
0	19729	-1
29	2538	-1
42	22379	1
40	194	1
46	26160	-1
16	30129	-1
32	13839	-1
24	4294	-1
36	11108	1
8	12049	1
27	21521	-1
2	3933	1
42	11446	1
44	30013	-1
24	9502	-1
33	3639	-1
27	17825	-1
42	29623	1
46	8807	1
23	18384	1
43	23640	1
44	3274	-1
27	19731	-1
43	27103	1
31	14883	-1
8	17712	1
12	20402	-1
39	3216	-1
30	21412	1
23	11817	1
0	1765	1
16	17235	1
48	25650	1
25	22659	-1
25	20003	1
36	10327	1
8	22717	1
32	28720	-1
29	6492	-1
16	6816	1
2	12231	-1
42	16627	1
46	26048	1
41	28577	-1
41	11184	-1
31	20489	-1
10	26848	-1
2	23734	1
0	18899	-1
40	14557	1
48	1335	-1
43	1702	1
46	26288	-1
19	25489	-1
23	650	-1
10	15872	1
49	11067	-1
13	3392	1
37	5875	1
43	2511	-1
28	12132	-1
27	25822	-1
0	11787	1
0	7277	1
37	22894	-1
33	1817	-1
28	20306	-1
34	14363	-1
32	2560	-1
6	23169	1
48	2143	1
48	18237	-1
18	10354	1
46	1503	1
26	17116	-1
2	26216	1
38	1	-1
7	12948	1
6	31017	1
37	12113	1
46	5486	1
27	8906	-1
43	8266	1
41	6276	-1
49	877	1
32	23538	-1
6	16543	-1
23	18087	-1
6	5957	1
15	15748	-1
25	20366	1
48	16641	1
46	22332	-1
47	23353	-1
26	11398	-1
43	20031	-1
10	28258	-1
43	419	1
42	7655	-1
45	11085	1
43	1532	1
18	11501	1
40	7141	1
34	19681	-1
4	2193	1
43	25173	1
46	10269	1
41	11431	1
33	30412	-1
4	10697	1
1	22268	1
26	12370	1
30	28632	-1
25	5832	-1
24	18039	-1
41	27219	1
15	16050	-1
43	1269	1
45	21344	1
32	11913	-1
46	23396	1
23	4794	-1
30	6564	-1
8	20211	1
32	25590	1
43	6704	1
42	14850	1
17	27568	-1
31	17232	-1
8	23693	-1
42	24712	1
17	5117	-1
35	2714	-1
8	17907	1
7	17297	-1
0	27429	-1
10	28402	-1
37	6802	1
32	3217	-1
35	25885	-1
40	14432	1
27	30058	-1
46	29387	1
24	23352	-1
44	11682	1
1	25898	-1
36	23946	-1
19	29621	-1
17	16796	1
38	16508	1
40	20622	1
46	7408	1
23	460	-1
15	5603	1
49	18091	1
37	11577	-1
34	21786	-1
43	7775	-1
38	10467	1
14	28906	-1
17	26135	1
42	8016	1
28	21415	-1
7	13116	-1
48	2028	1
4	17207	-1
20	15848	1
32	25354	1
16	8747	-1
28	26092	1
8	30052	1
40	17975	-1
8	26813	1
6	27486	-1
0	29702	-1
49	26982	-1
30	4838	-1
42	22088	1
18	11561	-1
36	19512	-1
0	5761	-1
39	22201	1
24	20896	-1
25	10313	-1
29	25955	1
39	7866	-1
18	14881	1
13	26845	-1
12	26567	-1
41	6668	1
11	3081	-1
28	22469	-1
0	18035	1
5	21545	1
9	16543	1
8	22440	1
0	9504	-1
3	17645	-1
34	21964	-1
40	14274	-1
8	7236	-1
46	13585	-1
49	12063	-1
39	12566	-1
17	29417	1
42	17475	-1
7	7977	-1
19	5634	-1
39	30703	-1
40	22584	-1
43	6750	1
8	15713	1
46	21929	1
36	20648	-1
13	24713	-1
18	16735	1
37	21681	1
48	15942	1
37	30302	-1
46	8949	-1
8	1963	1
14	5208	-1
31	25895	1
18	27489	-1
18	19450	-1
40	19179	1
48	20042	1
46	8322	1
42	2918	1
6	26269	-1
16	10832	1
27	13129	-1
35	30964	1
4	4297	1
2	14199	-1
13	173	-1
35	14803	-1
10	26808	-1
48	6171	1
37	8377	-1
8	14138	-1
49	571	-1
35	10710	-1
30	24652	1
25	836	1
2	11399	1
23	2007	1
32	3257	1
21	22104	-1
48	5306	1
16	15425	1
20	6796	-1
35	12079	1
31	12398	1
10	27813	1
46	25459	1
42	29454	-1
9	16003	-1
31	14826	-1
0	21349	1
48	11528	-1
20	13813	1
12	26611	-1
15	12288	1
8	5720	-1
30	18636	-1
13	28857	1
12	6256	-1
17	30258	-1
4	3543	-1
45	17810	-1
13	1720	1
17	887	-1
13	27745	1
43	27554	1
35	31063	-1
19	8067	-1
43	27762	1
3	23544	-1
49	26181	-1
46	2260	1
26	26215	-1
15	25209	-1
21	12882	1
45	9005	-1
9	10753	1
43	8272	-1
34	7918	-1
19	13205	1
2	29216	-1
48	15209	1
46	8943	-1
8	15100	1
43	22503	1
46	28801	-1
47	709	1
43	14532	1
46	13424	1
35	8490	1
48	14038	1
34	3001	-1
19	16513	-1
15	7124	-1
8	2111	1
27	15947	-1
39	27662	-1
2	23998	-1
46	15988	1
14	10336	1
42	25234	-1
39	10341	-1
48	21101	1
46	3834	1
16	11279	-1
30	27508	-1
40	14513	-1
20	11817	-1
18	19435	1
24	14384	-1
33	30028	-1
13	6479	1
18	17551	1
6	27333	1
42	14410	-1
36	14038	-1
28	18231	1
32	5738	-1
31	177	-1
13	27948	1
48	12526	1
7	27499	-1
45	19931	-1
17	19252	-1
17	7996	-1
46	12877	1
7	15715	-1
18	26947	-1
37	11755	-1
28	11384	-1
4	9174	1
48	18748	-1
4	515	-1
46	23101	1
32	6953	-1
49	18206	1
24	6499	-1
20	7835	-1
40	14136	-1
12	6229	-1
6	9156	1
14	8973	-1
3	20597	-1
48	5165	1
8	7629	1
43	15200	1
26	12664	-1
36	22204	1
44	20184	-1
48	693	1
47	19727	-1
46	20166	1
3	8815	-1
26	3919	1
11	4272	-1
21	17577	-1
13	12070	-1
8	12897	1
29	19816	-1
46	13547	1
40	19205	1
16	1454	1
38	28912	1
48	25992	1
46	8638	1
17	9259	-1
28	11039	1
2	9287	-1
25	5282	1
40	22972	-1
1	25393	1
24	10940	-1
16	28349	-1
39	965	-1
46	27538	1
29	8433	1
42	18631	1
16	27375	1
4	24992	1
26	25566	-1
43	21967	1
20	9571	1
32	19175	1
42	16272	-1
6	12809	1
42	16025	1
46	15227	1
48	4170	1
1	7868	-1
45	195	-1
49	21167	-1
43	7865	-1
7	2006	1
21	18510	-1
2	10846	1
8	7808	-1
29	28636	-1
4	8675	1
32	1100	-1
40	26599	1
33	24831	-1
5	2395	-1
6	3886	1
16	16959	1
19	21788	-1
43	28287	1
44	24173	1
7	20834	-1
27	20260	1
8	9569	-1
38	10903	1
4	18222	-1
9	6742	1
38	7870	-1
5	24868	1
23	19910	-1
16	18033	1
26	6589	-1
4	14396	1
5	12200	1
38	7160	1
30	28563	1
23	3129	-1
16	6322	1
49	26075	-1
22	12459	-1
9	12555	1
48	19022	1
18	7015	-1
4	24968	1
26	9374	1
40	11322	1
1	10610	1
49	30579	-1
28	26434	-1
14	17502	-1
8	20086	-1
43	30872	1
44	28317	-1
31	5574	-1
44	26547	1
36	28412	-1
45	4437	-1
43	3108	1
20	13254	1
12	16514	-1
35	12673	-1
40	744	1
40	3904	1
37	2765	1
29	22515	1
42	30806	1
6	24237	1
39	371	-1
32	7931	1
44	22204	1
46	5049	-1
6	30362	1
17	7400	-1
46	4797	1
13	2200	1
27	19296	-1
30	23773	1
40	4888	-1
17	11906	1
17	15106	-1
13	26602	1
27	26194	-1
12	231	-1
30	20591	1
13	20678	-1
13	1749	-1
43	18834	1
43	28767	1
8	6181	1
6	12842	-1
23	29757	-1
46	10061	1
24	3156	-1
0	21699	-1
12	8120	-1
48	5389	1
29	23108	-1
45	5325	1
37	20960	-1
43	14358	1
4	14134	-1
40	26025	-1
15	29509	-1
1	7588	1
3	30410	1
7	8885	1
25	16487	1
40	3923	-1
33	30992	1
23	2691	1
1	3544	1
0	27497	1
2	17511	-1
31	22706	-1
3	26693	-1
5	10805	-1
31	6637	1
29	27423	-1
13	14631	1
19	19457	-1
13	10769	-1
48	25977	-1
7	25174	1
9	25381	1
11	25303	-1
29	6352	1
29	30638	1
37	28180	1
32	5029	-1
39	7460	1
41	8944	-1
46	21703	1
41	12072	-1
14	8163	-1
36	3151	-1
35	10701	-1
17	5845	1
24	2535	-1
23	21940	1
31	14007	-1
20	5725	-1
24	11151	-1
28	29619	1
29	6020	-1
43	18790	1
32	25895	1
49	7877	1
7	14314	-1
30	259	-1
18	13155	-1
31	29231	-1
22	10453	-1
27	2457	-1
40	4598	1
4	22155	1
45	23901	-1
7	27750	-1
37	26455	-1
28	24938	1
13	25450	1
27	19319	-1
46	7929	-1
8	17839	1
35	14834	1
4	21204	-1
15	24143	1
6	2857	1
43	17893	1
27	27885	-1
18	556	1
6	1977	1
32	14605	-1
3	236	-1
21	26606	-1
8	25350	1
17	14921	1
6	11381	-1
40	24428	1
43	27328	-1
0	16515	-1
45	23315	1
7	27571	-1
2	28538	-1
7	21903	1
40	22395	-1
14	26761	-1
42	10639	1
19	12943	-1
23	26919	-1
16	27801	1
23	1551	1
40	27507	1
35	28790	1
42	1616	1
46	334	1
43	26605	1
30	29932	-1
17	27650	-1
33	16589	-1
36	4354	1
48	3115	1
38	14138	-1
2	9372	-1
42	7360	1
23	5201	1
30	29136	1
28	22553	1
12	3558	-1
43	14219	1
33	16968	-1
48	21924	1
48	2084	1
28	17841	1
48	30228	1
36	21691	-1
8	4009	1
6	256	1
43	3406	1
4	16734	-1
26	13112	1
47	10443	-1
48	6407	1
43	12121	1
40	701	1
16	9440	-1
39	8265	1
38	34	-1
46	27633	1
17	546	-1
4	9721	1
7	22616	1
23	7322	-1
42	22154	1
29	6088	-1
7	4545	1
15	8357	-1
11	19089	-1
0	10427	-1
16	4798	1
10	2606	-1
42	10673	-1
12	8559	1
48	3599	1
2	12561	-1
28	9525	-1
21	11211	-1
4	16292	1
1	15170	1
43	15267	1
16	1337	1
32	27099	1
7	20881	-1
43	23999	1
15	1982	1
37	16941	1
13	15047	1
18	24850	1
18	30355	1
43	7150	1
49	13475	-1
27	20031	1
27	9761	1
34	4989	-1
12	1080	1
46	15217	1
18	21090	1
48	10968	1
13	8034	1
38	29435	1
1	28287	1
43	9846	1
1	23105	1
40	16125	1
37	7758	-1
18	16406	-1
23	19939	1
34	1768	1
42	2460	-1
18	15489	1
28	18262	-1
14	8395	-1
17	17739	1
40	30203	1
42	29978	-1
25	11998	-1
37	10677	-1
37	27599	-1
14	17508	1
42	26104	1
43	30617	1
19	11345	-1
10	3423	1
35	26281	-1
8	2528	-1
28	7928	1
32	24934	-1
7	4747	1
4	503	1
12	30413	-1
37	18066	1
8	12361	1
29	9734	-1
48	12940	1
16	20922	1
36	27161	1
17	3177	1
25	30153	1
43	19251	1
1	3489	1
6	6332	-1
25	4310	1
15	2340	-1
10	21790	1
7	1070	1
45	25936	1
42	18573	1
46	6555	1
9	15850	1
34	5052	-1
21	1745	1
5	1950	1
39	15169	-1
17	19251	-1
45	7143	-1
13	28502	1
18	916	-1
28	27273	1
5	20043	-1
8	11272	1
10	29077	1
36	4940	1
0	990	1
48	4780	-1
13	16780	-1
13	2954	1
34	22951	-1
13	8789	1
32	16195	-1
49	25628	1
29	16135	-1
6	28374	1
4	12889	-1
46	6961	1
29	28773	-1
32	22680	-1
1	2022	1
8	19825	1
36	3048	-1
49	9491	-1
49	9411	-1
9	27262	-1
36	26946	-1
16	7559	1
44	9379	-1
37	26816	-1
5	11727	-1
43	14680	1
25	23265	-1
7	6191	1
45	21874	-1
33	30776	-1
8	14586	1
37	29061	-1
43	26289	1
13	2369	1
4	8369	1
26	11611	1
15	20071	-1
23	19715	1
35	24030	1
38	17086	-1
9	10287	-1
13	8555	1
4	30799	-1
27	5063	-1
8	22777	-1
48	12930	1
23	9046	-1
17	30130	1
48	16155	1
4	30157	-1
35	27885	1
23	16079	-1
6	11978	1
43	1925	-1
21	20945	1
15	28353	-1
18	6499	-1
42	2718	1
46	2431	1
22	26015	-1
40	3194	-1
22	9512	-1
7	24656	1
27	4201	-1
28	21530	1
18	25292	-1
33	1308	-1
33	19092	-1
10	16651	-1
35	11925	1
35	9734	1
13	3863	1
48	25973	1
19	16411	-1
12	27463	1
0	28116	1
5	21698	1
21	12225	1
29	29698	1
28	10951	1
49	11145	-1
29	29390	-1
6	23261	1
21	2881	-1
4	12606	1
13	29755	1
20	18669	1
2	17966	-1
8	20497	1
44	5679	-1
12	23931	-1
36	8743	-1
8	29125	1
45	21079	1
49	30894	-1
9	18700	-1
44	24526	1
40	15941	-1
13	5706	-1
4	1757	-1
40	23534	1
15	2040	-1
6	10531	1
35	13077	1
5	5434	-1
42	29493	-1
44	17389	1
38	21288	-1
0	30623	1
18	24926	1
46	30272	1
10	18832	1
14	20860	-1
16	16930	1
49	22058	-1
49	1351	-1
41	18951	-1
1	5545	1
34	26774	-1
5	8346	1
18	5862	1
21	2708	-1
29	6125	-1
41	4107	-1
46	6371	-1
40	26484	-1
46	26026	-1
5	11553	1
3	6973	1
36	28708	-1
42	16542	1
16	1879	1
45	24617	1
43	5878	1
42	22983	1
31	4599	-1
40	9752	1
8	29302	1
23	8032	-1
49	13370	1
39	23452	-1
3	20614	1
6	8308	1
1	27331	-1
41	1493	1
20	4557	-1
17	24140	1
23	3241	1
24	7906	-1
45	20893	-1
6	30500	1
4	18286	-1
46	26904	1
0	27042	-1
8	21170	-1
37	14700	-1
33	13895	1
27	19497	1
16	7516	1
19	8627	-1
46	10734	1
4	23255	1
31	18408	-1
18	26129	-1
22	26563	-1
49	11511	1
10	29958	-1
25	15384	1
14	25554	-1
1	19783	1
28	9547	1
21	21104	1
21	14191	-1
13	27561	1
1	17632	1
16	27335	1
16	21215	1
18	19580	-1
36	22297	-1
4	18666	-1
0	3365	1
43	1247	1
29	22266	1
25	30813	1
4	23096	1
38	8264	1
48	19537	1
46	11484	-1
39	17389	-1
9	2420	-1
12	14929	1
39	7023	1
0	3539	-1
49	16457	-1
17	17715	-1
5	19319	1
10	29507	-1
8	10985	-1
46	18874	-1
18	1625	-1
29	22797	1
21	17046	1
11	2481	-1
40	18195	1
40	24900	1
21	1000	1
9	15541	1
43	9975	-1
10	25812	-1
45	28949	1
6	26143	1
21	20183	-1
45	6953	1
40	30039	1
44	2242	1
46	20791	1
19	1402	1
4	12763	1
16	29792	1
40	30214	1
8	27901	1
13	18045	1
13	29568	1
4	12548	1
1	17129	-1
40	4947	1
23	10714	1
1	21473	1
12	30254	-1
21	12812	1
44	2290	1
13	245	1
30	30098	-1
2	16296	-1
17	13321	-1
21	25690	1
36	9835	-1
7	8770	1
48	4761	1
23	21436	1
33	166	-1
17	1408	1
28	8031	-1
9	21622	1
3	24736	-1
26	3348	-1
4	13235	1
13	8105	1
42	23269	1
10	18330	-1
22	16138	-1
46	1213	1
15	27073	-1
4	12988	1
44	22453	1
14	11353	-1
38	10981	1
22	2164	-1
4	27998	1
48	30293	1
8	27918	-1
25	28583	1
23	8937	1
16	16751	1
44	10440	1
47	2720	-1
38	25562	-1
11	17839	-1
8	3718	-1
20	5710	-1
46	8425	1
14	7483	-1
16	30383	1
28	8734	1
47	19568	-1
4	20912	-1
41	13940	-1
31	30830	1
20	946	-1
42	5380	1
48	16071	-1
8	29654	-1
17	149	1
43	13414	1
8	10745	1
40	29983	1
16	4217	1
9	9859	-1
44	26847	1
23	4596	1
5	30809	1
6	18848	1
15	29974	-1
7	8553	-1
48	29123	1
40	4471	-1
11	15437	-1
46	21945	1
36	17048	-1
47	22972	-1
25	17181	-1
14	11851	1
20	9668	1
35	4554	1
8	6112	1
34	29324	-1
21	18760	1
44	27423	-1
25	28615	-1
19	30267	-1
11	27168	-1
28	10337	-1
49	20641	1
49	9219	-1
45	14797	-1
19	25168	-1
42	21020	-1
8	19396	1
16	9522	-1
45	15314	-1
37	16544	1
26	25815	1
41	30170	-1
35	19529	1
34	22556	-1
42	6711	-1
1	11513	-1
37	19514	1
19	21997	-1
35	17515	-1
37	11098	1
2	910	-1
35	4925	-1
48	8790	-1
9	11956	1
45	3144	-1
8	14343	-1
33	9673	-1
40	11139	-1
18	5077	-1
48	6507	1
48	13925	1
17	9657	-1
9	27419	-1
12	27469	1
47	5489	1
19	10877	-1
4	11373	1
43	26504	1
8	24436	1
40	20050	-1
43	4528	1
47	328	1
6	27737	-1
43	25345	1
42	24110	1
13	28809	-1
8	6448	1
13	20060	1
37	30413	-1
13	30355	-1
42	22412	-1
40	29561	1
15	10477	-1
9	28992	-1
6	30401	1
12	1361	-1
8	1747	1
23	11736	-1
48	19783	-1
43	22586	1
48	26353	1
16	1183	-1
16	13057	1
40	25548	-1
35	28639	-1
16	10727	-1
12	26187	-1
48	23890	1
17	4902	1
19	25180	-1
48	28076	1
3	2728	-1
5	23105	1
19	5399	-1
16	19019	-1
13	15244	-1
42	12798	1
14	15266	-1
8	14492	1
18	18126	-1
17	19183	1
29	3094	-1
28	6764	-1
31	29295	1
8	16961	1
37	785	-1
17	10758	1
2	1794	1
42	1724	-1
48	2551	1
3	28990	-1
46	10624	1
28	22739	1
22	4331	-1
5	25849	1
29	12744	-1
4	8053	1
40	8897	1
34	2590	-1
36	21643	1
29	27933	1
16	14083	1
6	11819	1
32	2134	-1
17	8143	-1
4	25502	-1
18	12531	1
23	3290	-1
4	19502	1
8	5000	1
23	14511	-1
8	21961	-1
43	17335	-1
13	11764	1
32	23457	-1
9	16788	-1
10	21060	1
41	17418	-1
4	18134	1
21	13846	1
43	12412	1
1	3959	-1
21	19751	-1
38	8091	-1
49	17386	-1
32	2751	1
0	25575	-1
8	28698	-1
18	26400	-1
7	8961	-1
16	3118	-1
42	17667	1
46	7614	1
1	11781	-1
20	30105	-1
34	20033	-1
47	6606	-1
28	19562	-1
35	21960	-1
28	3442	-1
26	4243	-1
0	17142	-1
6	3988	1
48	10502	1
42	18136	1
5	27029	1
42	18153	1
39	27109	-1
45	23687	1
20	22692	-1
43	21040	1
16	29969	1
40	7692	-1
33	18935	-1
10	22405	1
19	29925	-1
36	21822	1
23	24734	1
21	24432	1
13	18719	1
38	13139	-1
13	10223	1
23	17173	-1
1	28878	1
13	562	1
8	1311	-1
13	1960	1
16	115	1
7	15445	-1
41	27629	-1
17	8945	1
6	29563	1
14	2356	1
46	734	-1
33	16978	-1
13	9799	1
37	11380	1
33	19728	-1
48	13245	1
18	10219	-1
37	24759	1
39	21684	1
22	29726	-1
6	15443	1
13	7907	1
43	18021	1
44	23588	-1
8	13368	1
25	21345	1
40	635	1
42	1922	1
45	9065	1
44	15853	1
43	16338	1
46	25834	1
40	8650	1
19	15095	-1
16	18294	1
34	19726	-1
18	24516	-1
4	14834	-1
14	17206	1
31	3199	-1
17	30443	1
46	21134	1
48	23193	1
43	25625	1
16	30339	1
39	1690	-1
46	23835	1
27	29455	1
38	2432	-1
9	26684	1
28	28216	1
38	6728	-1
0	15941	1
43	3246	1
13	25510	1
45	26264	1
40	15254	1
39	23624	-1
48	1134	1
7	12502	1
23	6364	-1
6	24694	1
9	1062	-1
29	7992	-1
14	19217	1
27	2687	-1
13	14465	1
3	4721	-1
13	23256	-1
25	28575	-1
2	7628	-1
3	6303	-1
11	2825	-1
28	4390	-1
14	15767	1
44	9247	-1
32	28553	-1
12	977	-1
6	29616	1
13	13512	1
23	13328	-1
12	16448	-1
31	22403	-1
37	14436	-1
35	414	-1
15	4374	-1
46	8548	1
40	487	1
31	5228	-1
42	11220	1
42	8723	1
29	7870	-1
25	1585	-1
48	325	1
4	24023	-1
26	13227	-1
36	10730	1
43	15273	1
39	18165	-1
45	27386	-1
35	26072	1
30	19223	-1
39	15034	-1
0	25303	1
8	19904	1
35	25524	-1
45	22713	1
48	23810	-1
40	11021	-1
13	1263	1
40	19418	1
48	31010	-1
36	19190	-1
46	5328	1
4	23734	1
36	14602	-1
29	13833	-1
6	21566	1
36	7679	1
7	22103	1
12	2787	-1
37	30161	1
18	12660	1
9	6928	-1
41	15925	-1
12	26448	-1
16	11834	-1
33	26799	-1
45	22741	-1
36	20815	-1
19	3508	-1
10	24339	-1
21	14258	1
6	2041	1
4	22058	-1
21	3868	-1
42	13156	1
43	29062	1
44	14258	1
7	29342	1
48	13871	1
47	4411	-1
6	23752	1
43	8878	-1
26	6492	1
49	15172	-1
6	8544	1
23	2088	1
32	7894	-1
31	9718	-1
16	19993	1
39	29924	-1
9	7723	-1
18	29411	1
13	16433	1
24	7548	-1
4	22331	1
0	29289	-1
31	27270	-1
48	16460	1
7	24145	1
29	29350	-1
28	12251	-1
0	11360	-1
25	15386	-1
6	16257	-1
15	20775	-1
48	29551	1
0	28606	-1
43	22477	1
41	1674	-1
8	6642	1
44	20033	1
17	26287	1
11	2986	-1
46	16817	1
8	12484	-1
4	14546	1
48	2993	1
36	23841	-1
36	11437	1
34	3703	-1
0	20774	-1
46	13841	1
36	29983	-1
39	8244	-1
28	15438	-1
26	20913	1
23	29930	-1
39	12816	-1
4	13922	1
8	30566	1
48	27599	1
9	1888	1
9	3574	-1
24	22793	-1
16	30848	1
1	10013	-1
1	18726	1
2	19601	-1
48	16825	1
6	12688	1
45	2640	-1
2	24014	-1
30	26648	-1
21	27016	1
35	6572	-1
17	659	1
30	30272	1
39	21721	1
3	19019	-1
46	27911	1
36	27315	-1
25	9327	-1
40	2437	-1
47	30865	-1
4	13072	-1
8	6298	1
46	19256	1
45	29801	-1
41	20666	-1
46	12765	1
47	11573	-1
4	23632	1
37	14284	-1
17	14058	1
47	27058	1
39	30147	1
20	12409	-1
33	13087	-1
0	8646	-1
46	14023	-1
17	10818	1
18	22422	1
38	6338	1
36	28156	-1
46	16051	1
40	10686	-1
44	17283	-1
48	14437	1
5	8490	-1
9	17415	1
18	29196	1
3	8448	-1
18	10740	-1
17	24776	1
26	22618	1
48	22500	1
15	13210	1
46	20324	-1
26	9347	-1
9	28422	-1
6	7141	1
42	18458	1
1	25537	1
4	30250	1
33	10414	-1
28	5383	1
21	11768	1
42	26177	1
17	2645	-1
22	16743	-1
27	2910	1
49	26860	-1
6	1918	1
13	11508	-1
42	20726	-1
48	24419	-1
26	6506	1
48	2114	1
43	29959	1
31	9585	-1
32	26257	-1
24	21681	-1
14	19937	-1
43	14339	1
18	13134	-1
36	16211	-1
34	2258	-1
37	13730	-1
13	21749	-1
13	16385	-1
13	11185	1
4	4026	1
1	26533	1
44	4909	1
17	18405	1
48	8407	1
17	15583	-1
31	6720	-1
7	7736	1
10	10426	-1
22	5164	-1
18	21119	1
40	10270	1
16	12485	-1
31	21849	-1
46	29336	1
39	16429	-1
40	23465	1
25	23481	-1
49	16771	-1
7	19422	-1
14	13165	-1
35	20705	-1
6	19178	-1
48	14558	1
9	30173	-1
34	19270	-1
8	13621	1
36	21387	-1
13	27818	1
12	2231	1
28	28143	-1
20	30288	-1
6	10569	1
25	9119	1
5	6742	-1
8	24975	1
13	20961	-1
31	18888	-1
37	2164	-1
49	17060	-1
34	17466	-1
7	29925	1
16	17272	-1
29	24704	-1
0	10211	-1
33	30716	-1
46	11354	-1
43	21849	1
2	4534	-1
5	17513	1
7	8430	1
46	5437	1
44	27420	-1
35	4433	-1
8	21361	1
34	5546	1
28	26224	1
8	4083	1
39	1104	-1
49	13690	-1
7	29570	1
4	27369	1
36	30335	1
46	2662	1
26	5749	1
13	24969	1
13	2531	-1
13	12574	1
8	3794	1
0	25756	1
18	7155	-1
43	30037	1
37	1260	1
34	10285	1
44	9891	1
14	3453	-1
42	2034	-1
3	3554	-1
4	4424	1
34	778	-1
39	4673	-1
16	4878	-1
1	4636	1
23	23458	1
46	15996	1
14	23008	-1
9	10665	1
32	23694	-1
25	28457	-1
43	17041	1
49	22998	-1
46	14894	1
46	6164	1
45	16481	1
1	10601	-1
4	19023	-1
9	23023	-1
18	31002	-1
42	18417	1
44	16448	-1
8	5917	1
9	7288	-1
43	15608	-1
8	9929	1
4	7635	1
21	30813	1
17	30439	1
6	9548	1
46	10303	-1
39	29434	-1
19	18480	-1
6	15099	-1
32	9572	1
36	27186	1
47	8022	-1
43	29294	1
4	21386	-1
9	12932	-1
8	18419	1
7	21806	1
9	1738	1
43	3995	-1
48	8412	1
8	4204	1
42	29996	1
46	21052	-1
46	20793	1
46	595	1
33	29344	-1
37	3262	-1
8	22532	1
25	7832	-1
48	20328	-1
6	2985	-1
16	19963	-1
1	2159	-1
35	11508	-1
42	27422	1
49	7123	-1
31	26304	-1
17	16568	-1
47	14851	1
7	2339	1
35	28088	1
6	3471	1
18	12718	-1
10	30436	1
39	16834	-1
9	24917	1
1	4983	-1
47	8749	-1
3	18723	-1
42	20154	-1
19	15070	-1
28	5069	1
10	6644	-1
13	28054	1
18	8522	-1
32	2030	-1
6	3187	1
0	9115	1
0	26289	-1
3	23373	1
5	8091	-1
16	9835	1
14	28542	1
21	1946	-1
8	30525	1
8	29840	1
31	19057	1
40	8313	1
26	9697	-1
29	22555	1
29	14317	1
29	19557	-1
14	28125	-1
43	8884	1
42	6996	-1
6	10384	-1
38	2308	1
4	6549	1
32	29947	-1
43	9888	1
42	18968	1
33	21759	-1
22	27080	1
41	21075	-1
9	6246	1
16	19677	-1
23	25782	-1
27	1526	-1
0	20940	1
46	29600	-1
37	12762	-1
25	9280	-1
13	24190	1
21	13785	-1
15	14759	-1
21	6501	1
5	11202	-1
6	5690	-1
4	22422	1
35	26897	-1
10	30578	1
7	17535	-1
41	19096	-1
43	29671	1
15	6219	-1
5	9344	1
44	21948	1
32	1985	-1
4	23035	1
46	28809	1
8	11455	-1
31	14325	-1
34	3632	-1
48	4433	-1
40	3634	-1
23	21976	1
40	11099	1
29	6323	1
13	7083	-1
35	7420	-1
26	12269	-1
29	23337	1
16	23181	1
49	12050	1
13	27542	-1
5	795	-1
0	31067	-1
26	7472	-1
15	29079	-1
42	6428	1
18	1717	1
37	15685	-1
1	23269	1
15	6420	-1
14	21196	-1
6	27095	1
28	26564	-1
49	30318	1
8	4182	1
36	644	-1
40	4123	1
40	16338	-1
7	23109	1
18	5974	-1
20	6051	-1
4	24592	1
13	5192	1
47	27888	1
23	12939	-1
46	30160	1
48	18455	1
4	3434	1
4	4660	1
5	954	1
41	14554	-1
30	26665	-1
23	20766	1
40	26111	1
49	10818	1
29	24666	-1
49	9633	-1
4	27194	-1
17	789	-1
10	23975	-1
43	7286	1
48	10311	1
8	19708	1
7	9176	-1
23	9605	1
40	17083	-1
5	20604	1
14	8644	-1
23	7181	1
45	4062	-1
16	5442	1
4	15218	1
49	9964	-1
38	19884	-1
28	25351	-1
26	26734	-1
4	9527	1
11	11984	-1
43	8373	1
4	7308	1
29	8583	-1
40	28450	1
1	30834	1
27	26264	1
48	10418	-1
35	2871	1
5	2766	1
5	21140	1
43	12718	1
29	10575	-1
35	25118	-1
35	7925	-1
24	9352	-1
28	6897	-1
40	29484	-1
1	27829	-1
22	4035	-1
45	6803	1
4	28709	-1
38	18055	1
20	15309	-1
39	28984	1
4	27982	-1
24	1932	-1
9	30097	1
27	25090	-1
43	30323	-1
47	2144	-1
15	5319	-1
8	24973	1
7	30225	-1
46	21246	1
40	4532	1
31	14686	-1
6	1582	1
14	11819	-1
22	20211	-1
38	17426	-1
6	22121	-1
6	1723	-1
26	3900	1
30	18409	-1
24	419	-1
13	28659	1
18	1647	1
5	11118	-1
28	2168	1
1	16830	1
43	5022	1
5	9697	-1
10	23495	-1
44	13253	1
3	10336	-1
19	2267	-1
10	9397	-1
32	16279	-1
4	26921	1
48	12674	1
40	30657	1
7	19410	1
43	4439	1
8	10716	-1
33	20834	-1
17	13740	-1
26	4188	-1
24	30283	-1
25	27331	-1
46	28270	1
6	26638	1
16	18706	1
31	30138	-1
36	4920	-1
31	21897	-1
15	1358	-1
3	14615	1
13	21236	1
23	26753	1
27	15596	-1
8	27353	1
42	12790	1
12	13210	-1
8	18589	1
21	25936	-1
41	28713	-1
14	24634	-1
23	11187	1
18	23403	1
30	1381	-1
14	7551	1
42	21816	-1
8	26817	1
16	9255	1
34	16122	-1
13	21974	1
34	10413	-1
33	21182	-1
8	4902	-1
47	12884	-1
31	24408	-1
42	12505	-1
1	15504	1
45	12418	1
17	23765	1
37	4717	-1
46	2204	1
37	13465	-1
13	9867	1
34	17083	-1
19	5653	-1
16	6325	-1
48	12189	1
11	21646	-1
44	29795	-1
43	6428	1
46	16010	-1
28	28898	-1
14	9965	-1
26	29968	1
46	24960	1
43	30590	1
20	26930	-1
25	82	-1
22	4063	-1
43	11862	-1
43	13096	1
0	3596	1
29	13573	1
13	26453	1
16	12412	-1
42	15759	-1
9	4227	1
43	2987	1
23	10080	1
14	5712	1
46	28046	1
48	172	1
21	23286	1
36	17178	-1
15	19616	1
18	17935	1
16	24073	-1
43	10067	1
40	17004	1
8	17334	-1
46	5046	1
26	1140	-1
36	25156	-1
14	11146	-1
1	13102	-1
43	24587	-1
5	9435	1
18	14890	-1
6	25465	-1
4	27863	1
48	13094	1
14	1280	1
20	8627	1
46	21004	-1
17	3648	1
29	14964	-1
46	26861	1
12	19691	-1
43	28133	1
25	28194	-1
39	5658	1
24	22594	-1
38	3523	-1
32	5246	-1
42	12678	1
37	17433	1
17	18020	1
1	17336	-1
31	13881	1
29	24479	-1
19	22154	-1
39	26497	-1
46	14626	1
13	24491	-1
38	26326	-1
37	1133	-1
46	1940	-1
10	14991	1
30	11196	-1
48	21000	1
3	25217	-1
2	22736	-1
46	5240	-1
33	22329	1
7	25750	1
7	23611	-1
9	28552	-1
9	26252	-1
45	18527	-1
42	8982	1
48	17224	1
10	11271	1
43	27114	1
18	20202	-1
30	517	-1
42	4479	1
46	9494	-1
10	6717	1
15	5168	-1
46	7779	1
22	16476	-1
14	12876	-1
28	22197	1
16	28981	1
49	28857	1
13	10706	1
45	17735	-1
32	1698	-1
46	6515	1
4	5310	-1
7	15946	1
4	15358	1
12	1155	1
23	7569	1
13	11368	1
1	15125	1
2	21755	-1
22	12887	-1
11	5695	-1
17	5390	-1
45	18562	1
14	19555	-1
13	2935	1
38	5656	-1
48	17011	1
21	9869	-1
6	8298	1
43	9914	1
8	14273	1
10	941	-1
13	22942	1
5	531	1
7	10124	-1
8	4131	1
9	24544	-1
43	2030	1
5	1350	-1
22	1154	-1
46	20685	-1
31	17063	-1
46	6055	1
25	3809	-1
43	370	-1
17	13481	1
46	25999	1
46	4882	-1
43	23391	1
22	710	-1
0	12497	-1
47	16696	-1
2	15879	-1
26	22131	-1
17	19037	-1
7	15622	-1
24	7973	-1
33	18069	-1
28	11873	1
42	14869	-1
39	4134	-1
16	21721	-1
10	19622	-1
33	81	-1
39	7224	1
40	5865	1
29	8656	-1
40	5270	1
43	8796	1
2	24298	1
8	8187	1
38	4667	1
45	7318	-1
42	14120	-1
23	617	-1
19	27752	1
6	19404	1
18	4725	1
3	10431	-1
9	28108	-1
8	22953	1
48	14336	1
5	7485	1
7	24648	-1
5	24344	1
17	25205	-1
39	29534	-1
27	15271	-1
37	13309	-1
40	13873	-1
0	12097	-1
12	20660	-1
48	14290	1
31	22700	-1
21	10361	-1
27	27867	-1
49	15373	-1
39	16116	1
40	24540	1
6	22459	1
45	28810	1
49	26954	-1
31	272	-1
47	13992	-1
42	7263	-1
0	1017	1
30	863	-1
16	14194	-1
8	28321	1
27	8323	-1
13	26898	1
4	14625	-1
4	20470	-1
23	27026	1
30	1166	1
19	30139	-1
8	28151	-1
15	7343	-1
35	29531	1
13	28242	-1
14	14332	-1
19	6615	-1
12	7154	-1
17	21778	1
37	9988	1
36	20493	-1
46	11645	1
39	19476	-1
42	28232	1
15	21020	-1
6	25443	-1
36	20196	1
29	21767	1
42	20820	-1
41	20432	-1
2	4179	-1
18	8034	-1
12	20071	1
14	16912	1
13	9920	1
6	2674	-1
20	19698	-1
16	5385	-1
35	30786	-1
2	695	-1
8	25711	1
42	20076	1
13	23997	1
40	1951	1
48	699	1
44	3340	-1
1	18259	-1
9	24580	1
7	15428	1
26	6209	1
46	14820	1
35	8831	-1
41	25679	-1
48	5606	-1
8	7475	1
39	10534	-1
39	9283	1
28	2265	1
25	17814	-1
28	14966	1
36	6470	-1
8	5721	1
32	20068	-1
41	12208	-1
39	5946	-1
22	29946	-1
46	12259	1
49	4796	-1
29	20516	-1
22	13692	1
5	4676	-1
39	5533	1
45	21685	-1
10	1931	1
39	14231	-1
5	23938	1
37	23258	-1
14	17629	-1
49	22120	1
28	26346	1
17	7260	1
48	24816	1
37	26861	1
1	16856	-1
46	28534	1
20	10745	-1
35	5532	1
45	829	-1
23	19447	-1
18	25454	1
4	20911	1
24	23525	-1
18	19547	1
26	8491	-1
48	3497	1
35	24167	1
44	1736	1
18	26414	1
5	24786	1
48	8738	-1
48	15078	1
36	12730	-1
4	25826	1
40	22238	1
46	9429	-1
41	10228	-1
18	13222	1
32	4914	-1
32	4591	-1
32	22727	-1
41	9486	-1
13	2542	1
23	6501	1
4	10181	-1
16	9938	1
36	28302	1
48	20840	1
26	25569	-1
20	13463	-1
48	14073	1
12	12144	1
1	8428	-1
38	4513	-1
36	28447	1
33	15717	-1
17	29116	1
30	17904	1
4	11702	1
48	21568	1
27	21035	1
38	731	-1
33	7746	-1
14	23456	-1
25	13207	-1
35	6893	1
39	30429	1
4	19249	-1
23	21415	1
7	13178	1
31	26230	-1
42	17512	1
13	9106	-1
14	17310	1
14	26053	1
13	21360	1
6	617	1
24	21022	-1
7	17731	1
29	6945	-1
5	5427	1
49	26449	1
40	23829	1
43	19378	-1
32	19616	1
13	6321	1
33	26514	-1
23	19294	-1
30	20414	-1
3	10870	-1
44	20706	1
34	12627	-1
49	15120	-1
8	3375	1
23	14857	1
1	22924	1
6	7286	1
41	15082	-1
11	401	-1
0	28804	1
29	30648	1
40	12063	1
39	1942	1
48	26512	1
48	16118	1
49	8312	-1
14	18070	-1
47	174	-1
14	13242	-1
43	19380	1
39	3483	-1
21	20919	-1
42	20969	-1
13	11044	1
10	28090	1
4	14449	1
46	6521	1
0	23365	-1
35	30345	1
8	8326	1
34	12165	-1
11	3577	-1
41	15053	1
35	5644	-1
27	9829	1
41	11521	-1
38	26941	-1
0	27017	1
11	27811	-1
46	12387	1
4	16335	1
23	26747	1
45	14208	1
29	3101	1
30	10906	-1
19	25499	-1
48	26291	-1
36	30371	-1
1	27704	1
27	16008	-1
13	26120	1
24	28290	-1
18	2570	-1
9	17726	-1
8	8901	1
17	20234	-1
32	6175	-1
29	14291	-1
21	28690	-1
40	27365	-1
28	151	-1
21	23196	-1
18	30941	-1
1	24486	-1
12	4252	-1
13	25250	-1
28	12762	1
22	15521	-1
43	23414	1
4	18185	1
29	12817	1
0	13644	-1
17	27193	1
35	23147	1
16	14215	1
43	17961	1
7	14445	1
44	13845	1
35	24854	1
24	9821	-1
45	12801	1
2	11026	-1
46	7495	-1
19	3241	-1
1	29757	1
46	2583	1
8	4296	1
8	3793	1
16	8537	-1
14	24288	-1
0	4976	-1
12	5271	-1
6	8189	1
35	20301	1
13	22565	1
4	8702	-1
9	19223	1
42	30180	-1
8	20781	-1
29	1019	-1
30	5266	-1
21	19807	-1
18	4817	1
38	14251	-1
48	7088	-1
36	25750	-1
45	20992	-1
23	1191	1
33	27473	-1
15	9939	-1
8	4709	1
0	6140	-1
23	27607	1
21	4551	1
5	10722	-1
46	10924	-1
19	28303	-1
6	1003	1
15	30582	-1
38	11926	1
43	25523	1
3	9290	-1
35	15767	-1
2	23561	-1
31	620	-1
30	17974	1
49	28160	-1
21	13775	-1
8	55	1
43	8127	1
30	19900	-1
18	20214	-1
20	21505	-1
8	21960	1
45	5796	-1
8	5010	1
20	11054	-1
9	18192	-1
36	2077	1
13	26996	1
12	26836	-1
30	18465	-1
41	9822	-1
4	6719	1
23	11855	1
46	30420	1
13	23754	1
5	10635	-1
23	24818	1
18	6797	-1
43	5320	1
35	1660	1
17	30173	-1
19	15577	-1
8	14247	1
12	25362	-1
42	17196	1
42	1969	1
42	10694	1
4	1355	1
13	25835	1
49	2049	-1
46	16504	1
40	1597	1
48	27840	1
5	5334	1
42	31019	1
13	30092	1
38	13473	-1
36	8111	1
41	24721	-1
35	25283	-1
38	21929	-1
43	7825	1
41	18662	-1
16	17221	1
0	24462	-1
30	2861	1
31	6992	-1
18	23824	1
17	9522	-1
27	1427	1
10	24783	-1
4	16602	1
28	7453	-1
35	6337	-1
48	8053	1
7	6213	1
9	13196	-1
44	15997	1
44	17318	1
36	2828	-1
13	24325	1
4	9261	-1
15	6828	-1
26	16016	1
31	6104	-1
11	23495	-1
49	24885	-1
46	21549	1
36	2452	1
7	8697	-1
20	18454	-1
0	21033	1
16	12439	1
24	5943	-1
36	8357	1
5	8842	1
31	16339	1
1	24228	1
43	27485	1
44	26062	-1
28	16627	-1
37	4200	-1
7	28022	1
40	6222	1
8	25641	-1
22	2912	1
4	5890	-1
25	30003	-1
0	5896	-1
30	18000	-1
7	9567	-1
45	9572	1
30	19962	-1
23	24351	1
44	5802	1
15	27335	-1
35	2658	1
48	29775	1
1	29662	1
43	27314	1
2	10651	-1
36	12217	-1
44	19817	-1
43	14424	1
15	21221	-1
18	25791	1
10	29404	-1
28	23920	1
9	16558	-1
48	28949	1
4	14705	-1
40	19594	1
48	18851	1
49	3750	-1
29	27035	1
49	1383	1
35	26099	1
16	12576	1
4	16576	-1
46	16878	1
36	8153	-1
40	19492	1
6	18688	1
0	22538	-1
7	17845	-1
42	1115	1
30	15960	1
38	2856	-1
5	14295	-1
13	28317	1
43	29183	1
46	5888	1
5	7452	1
20	20487	-1
6	7082	1
23	16165	1
28	9498	1
13	6561	1
16	13389	1
45	28910	-1
6	7979	1
17	17451	1
43	21184	1
4	4810	1
10	7902	1
2	13732	-1
6	21006	1
0	27133	-1
39	30391	-1
23	26947	-1
28	6440	-1
22	8969	1
28	11581	1
41	17066	-1
42	23957	1
15	27464	1
39	27164	-1
5	7849	1
13	9547	1
24	28813	-1
8	24491	1
27	24597	-1
47	28164	-1
5	22397	-1
46	31015	1
44	14997	1
17	431	1
40	6505	1
43	28932	1
25	20965	-1
42	18291	1
42	24636	-1
42	148	-1
40	16753	1
49	26664	-1
32	25299	-1
25	10104	-1
26	17598	-1
21	10348	1
23	18504	1
31	2717	-1
10	1950	-1
20	20345	1
0	18712	1
41	15095	-1
13	1231	1
31	30703	-1
29	5526	1
46	10226	1
8	10594	1
2	13448	1
34	20859	-1
13	5757	1
18	9011	-1
46	26036	1
2	25286	-1
42	4931	-1
39	10501	1
30	1303	-1
13	13260	1
42	27	-1
46	9166	-1
17	13947	-1
48	26330	1
41	17153	-1
9	19027	-1
2	7892	-1
40	4694	1
8	24072	1
48	83	-1
48	6621	-1
48	9954	-1
29	22588	-1
23	17318	-1
46	8395	1
21	29676	-1
43	23347	-1
2	12236	-1
40	6569	1
16	12006	-1
42	23680	1
8	7536	1
6	3918	-1
42	4435	1
46	11516	1
26	9678	-1
38	14667	1
47	7703	-1
36	2483	-1
4	25720	1
8	8828	1
24	5171	-1
19	25429	-1
7	24210	1
39	24696	-1
29	13682	-1
48	16256	1
9	18599	-1
10	6123	1
16	11408	1
47	19088	-1
26	20974	-1
48	19180	1
0	17753	1
19	29235	-1
43	17441	1
36	24803	1
20	13438	1
25	28927	-1
13	15837	1
43	7535	1
45	28738	-1
40	15184	-1
15	24332	-1
26	25457	-1
43	17469	1
23	26199	-1
23	14981	1
2	27913	1
29	25473	-1
48	14439	-1
14	24786	1
5	5817	-1
30	1874	-1
42	24052	1
25	3911	-1
46	2293	1
8	987	-1
8	24	1
36	10631	-1
48	23691	1
38	28897	-1
45	26415	-1
40	26500	1
21	8418	-1
46	15472	-1
19	719	-1
8	18315	1
48	17201	1
4	9109	1
42	21319	1
6	19511	-1
41	3170	-1
45	14559	1
40	25055	1
42	28241	-1
3	10720	1
35	1104	-1
20	29570	-1
40	7234	1
4	3583	1
24	6302	-1
39	19352	1
46	4772	1
26	1329	1
7	29246	-1
10	12021	-1
0	23382	-1
13	5228	1
36	28304	-1
42	11544	1
17	26894	1
23	22615	1
6	4350	-1
9	26535	1
46	30769	1
33	20662	-1
37	19504	-1
49	20410	1
35	16103	-1
3	15287	1
21	18622	1
35	26373	-1
40	28556	-1
5	2383	1
11	13997	-1
3	15458	-1
1	28001	1
26	26596	-1
48	9032	1
5	10443	-1
43	8707	1
8	733	1
13	18557	-1
15	690	1
20	7300	-1
4	18778	1
28	2081	1
11	30123	-1
42	23682	1
48	10280	1
43	23924	1
8	25261	-1
17	24081	1
30	26030	1
49	15749	-1
43	15897	1
5	18285	1
3	6071	-1
38	21937	-1
17	17358	-1
18	22451	-1
48	19978	1
2	20093	-1
46	15430	-1
32	4301	-1
43	6825	1
22	25392	-1
8	1778	1
12	16838	-1
16	3415	1
40	20416	1
31	23171	-1
31	8078	-1
42	8818	1
48	12812	1
20	26523	-1
2	13650	1
49	6089	1
33	8918	-1
15	3556	-1
0	6501	-1
13	9785	1
4	22758	-1
35	18897	-1
46	18484	1
9	21602	-1
6	26244	1
17	16137	-1
40	18941	1
8	1726	-1
46	6357	1
11	13461	-1
48	28006	-1
22	22392	-1
23	26763	-1
17	6991	-1
44	28368	-1
28	14595	1
0	1019	-1
40	13956	1
31	10337	-1
45	13140	-1
23	30614	-1
8	29448	1
8	6297	-1
39	30960	1
11	21710	-1
21	2922	-1
43	9822	1
46	24034	1
37	30837	-1
48	25990	1
6	20791	1
36	6328	1
7	27570	1
17	30694	1
40	21817	-1
0	9651	-1
43	24833	1
4	16200	1
3	30886	-1
6	6124	-1
21	10797	-1
18	11323	1
46	26476	-1
20	23691	-1
45	14714	1
43	25966	-1
48	3882	1
1	25381	-1
39	30348	-1
48	8956	-1
26	12612	-1
13	18471	-1
20	16586	1
4	21925	1
45	9542	-1
45	15218	-1
15	1191	-1
41	28471	-1
4	28268	1
15	3056	-1
49	5565	-1
26	7367	-1
46	28174	1
22	2656	-1
36	15473	-1
0	16932	1
36	18899	-1
25	10715	-1
16	25261	1
29	3209	-1
44	8527	1
23	13850	-1
32	25715	-1
28	30137	1
20	18772	-1
46	9203	-1
13	28684	1
10	23313	1
10	518	1
20	16052	-1
1	26472	-1
28	14291	1
23	12391	1
39	6124	1
48	17480	1
46	710	1
42	988	1
4	9285	1
15	4681	1
1	9164	-1
31	21115	-1
43	18888	-1
31	9176	-1
30	26324	-1
17	28849	-1
23	21566	-1
0	22407	-1
11	20897	-1
35	12774	-1
23	12508	1
27	21927	-1
4	29052	1
13	18153	1
10	10515	-1
10	21935	-1
47	18745	-1
42	2907	1
30	2124	1
13	1916	1
38	28490	-1
48	25936	1
16	30040	-1
27	14020	1
48	6944	1
7	189	-1
28	3736	1
32	1028	1
37	2064	1
48	27336	1
29	22763	1
25	2720	-1
30	22525	-1
45	2591	-1
6	82	-1
0	4738	-1
43	10116	-1
44	973	-1
3	11588	-1
8	26712	1
13	8308	1
46	13773	-1
43	2332	1
9	10842	-1
5	11723	-1
42	13989	-1
48	26254	1
36	16573	1
28	15383	1
19	16974	1
36	11008	-1
20	26951	-1
22	6492	-1
29	14991	-1
31	6306	-1
17	21247	1
8	15391	-1
21	16406	1
46	6381	1
11	24855	-1
43	1345	1
7	6971	1
3	7612	-1
10	26274	1
13	30094	1
7	4098	1
18	29035	-1
25	29995	-1
36	20494	-1
13	1684	1
42	20228	1
41	899	-1
11	8264	-1
23	23231	1
23	21939	1
5	27030	-1
42	1952	1
18	11652	-1
49	15953	-1
49	18257	-1
48	860	1
35	28243	1
6	6409	1
49	11059	-1
5	25295	1
33	12493	-1
48	2407	1
8	26040	1
20	21768	-1
6	339	-1
26	15487	-1
13	2996	1
23	9240	1
3	1004	-1
43	14343	1
48	26005	-1
13	3135	1
43	25211	1
7	6548	-1
36	23927	-1
10	11816	1
7	16609	-1
4	28859	1
10	11882	-1
48	13009	1
4	21807	1
29	10850	1
30	4518	1
22	27469	-1
21	8015	-1
5	22121	-1
43	10406	1
16	9288	-1
1	13581	-1
5	15475	-1
43	24765	1
4	3072	1
42	9380	1
17	1108	-1
25	4483	-1
45	13584	-1
16	7395	1
23	4405	-1
43	16793	1
14	23941	1
40	19058	1
46	14738	1
28	22445	1
40	10534	1
46	11197	1
46	4101	1
23	9449	1
12	6204	-1
13	28910	-1
29	28634	-1
8	22383	-1
18	3609	1
0	7742	-1
13	4641	1
7	21325	-1
37	30426	-1
22	19481	-1
19	26096	-1
49	28614	-1
4	29911	1
44	18179	-1
18	29004	-1
13	29850	1
8	7672	1
1	7797	1
46	19862	1
27	19672	1
39	5516	-1
16	1274	1
25	6847	1
28	17845	1
39	4730	-1
37	13428	-1
47	18159	-1
13	22264	1
18	16093	-1
39	4135	-1
12	3410	-1
36	9116	1
48	24577	-1
21	29219	-1
13	15213	-1
26	419	-1
17	1789	1
13	4261	1
45	22267	-1
43	26139	1
40	21201	-1
1	9519	-1
23	9013	1
41	1850	-1
33	16712	-1
23	2315	1
43	17721	1
5	2545	-1
43	19564	1
43	19231	1
3	12692	-1
5	23914	1
41	9239	-1
0	710	-1
10	8450	1
36	25421	-1
47	23226	-1
10	21046	-1
36	6794	1
13	2686	1
7	11141	-1
18	27003	-1
33	6523	-1
46	2466	1
24	2773	-1
21	1623	-1
9	28147	-1
4	26030	1
17	11045	1
13	24581	1
44	18676	1
47	2162	-1
44	21601	-1
26	10712	-1
4	14470	1
17	22094	1
2	18855	-1
48	24144	1
42	7988	1
43	20575	-1
45	4479	1
31	10777	-1
8	14753	1
15	18105	1
12	14779	1
22	10225	-1
14	22422	1
46	6215	1
43	26899	1
48	1775	1
44	20032	-1
12	29361	-1
38	3003	1
29	16858	-1
7	688	1
13	23876	1
29	24437	-1
5	9741	1
7	15976	1
41	13851	-1
36	15599	-1
42	15994	1
34	14255	-1
39	26198	1
18	30734	-1
16	16641	-1
48	7679	-1
4	3938	1
41	24189	-1
7	19431	-1
42	30845	-1
22	13560	-1
46	27750	1
14	22404	-1
1	8540	1
21	20328	-1
39	13052	-1
6	27403	1
29	12133	-1
32	29097	-1
48	25222	1
43	25857	1
36	8597	-1
49	11289	1
39	12168	1
5	13550	1
39	11644	-1
40	8340	1
1	17939	-1
8	13332	1
43	16225	-1
48	20434	-1
7	30038	1
2	20011	-1
18	2641	-1
35	8003	1
4	14887	1
2	1745	-1
40	6476	-1
13	20417	1
40	1329	1
0	22522	-1
44	7392	1
11	28370	-1
42	18929	-1
12	12511	-1
1	25237	-1
44	25442	1
45	23145	-1
19	3739	-1
44	9091	1
30	9158	1
33	15965	-1
12	28613	-1
46	1591	1
43	30146	1
49	2450	-1
43	24323	1
0	698	-1
20	13593	-1
23	13089	1
46	29211	1
9	3412	-1
40	7171	1
26	11842	-1
30	23347	1
5	12692	-1
8	20792	-1
9	15430	1
37	12845	-1
9	27200	1
46	16782	1
6	21177	-1
13	19182	1
47	14116	-1
34	12371	1
38	5542	1
14	21575	-1
1	9776	-1
43	260	1
34	13608	-1
49	9502	1
12	9337	-1
6	10117	-1
36	8804	-1
28	19952	1
46	25877	1
49	22850	-1
48	30179	1
1	16019	-1
45	10863	1
46	25107	1
18	24082	1
12	20597	-1
11	26264	-1
4	27103	-1
39	30071	1
35	22437	-1
24	6135	-1
14	25398	1
1	26792	1
0	29474	1
33	6949	-1
35	28050	-1
46	27640	1
28	19591	1
0	235	-1
8	8573	-1
19	19361	-1
23	2217	1
45	79	-1
38	10280	1
32	12916	-1
37	14754	1
4	19592	1
38	3699	-1
25	7618	1
24	11892	-1
46	29960	1
16	22050	-1
48	1247	1
5	30708	1
13	11323	1
26	4288	1
37	11093	-1
0	1234	1
40	27490	1
17	4636	1
12	5483	-1
48	23629	1
1	5179	-1
38	26817	-1
34	14830	-1
40	2010	-1
40	15875	1
23	15191	1
16	25184	-1
44	16957	-1
23	16282	-1
48	28927	1
40	2147	1
7	18330	1
49	6160	1
4	4998	1
13	13065	-1
1	18791	-1
18	22397	-1
28	21964	1
13	19378	1
16	4962	1
26	7734	1
11	20638	-1
23	2219	1
8	28623	1
36	9417	-1
6	15930	-1
43	21455	1
36	23183	-1
36	28174	-1
28	21656	1
39	17899	1
32	21717	-1
40	8723	1
11	1525	-1
9	21734	1
1	28968	1
35	9890	-1
6	18043	1
17	30438	-1
43	21549	1
6	8734	-1
1	13407	-1
13	13182	1
43	6291	1
41	3953	-1
43	3730	1
40	24644	1
31	15915	-1
49	20734	-1
37	17250	1
17	11700	1
1	17115	1
13	22354	1
16	10001	1
30	7154	-1
8	25750	1
15	30949	-1
30	20173	-1
41	26033	-1
0	23119	1
10	21407	-1
43	24908	1
24	4573	1
43	19792	1
9	24516	-1
25	28844	-1
48	9532	1
48	13789	1
8	10959	-1
1	914	-1
35	22289	1
48	30791	-1
13	17839	1
46	23630	1
31	11978	-1
46	4057	1
46	21902	1
21	20871	-1
25	17463	1
9	10539	-1
23	28356	1
43	19594	1
9	22388	-1
44	298	1
28	16415	1
6	25765	-1
15	18069	1
26	25160	-1
30	9329	1
49	1834	1
13	18749	-1
29	9383	-1
13	5076	1
13	20635	1
44	1702	-1
16	13390	-1
6	13578	1
17	4379	-1
20	23100	-1
23	25910	-1
40	27728	-1
31	29837	-1
12	27794	-1
6	28899	1
35	28336	1
27	15614	-1
3	16708	1
1	24786	1
46	22023	1
26	7896	-1
19	19345	-1
20	0	-1
2	21236	-1
0	12473	1
47	15068	-1
9	570	-1
5	21389	1
16	15568	1
12	18029	-1
37	21735	-1
42	9739	-1
5	19248	1
42	23679	1
7	4674	1
29	13468	1
1	15434	1
5	21700	1
42	28410	1
46	24055	1
41	11776	-1
48	12693	-1
39	13876	-1
16	27997	-1
14	23012	-1
31	25753	-1
43	14754	1
24	7385	-1
43	27265	1
8	8318	1
1	24623	1
38	5871	1
26	29901	1
42	10954	-1
40	5019	1
39	27094	-1
19	27471	-1
28	6896	-1
47	23835	-1
5	17804	1
18	16981	1
10	8689	1
46	29830	1
25	29263	-1
20	21999	-1
5	6564	-1
12	26447	-1
15	30461	-1
35	410	-1
39	22799	-1
35	15970	1
18	440	1
4	3374	1
40	30377	1
40	7806	-1
27	5308	-1
0	15664	-1
35	19006	1
8	4257	1
35	21392	1
46	6142	-1
37	8855	-1
18	27239	-1
16	22665	1
6	9747	1
26	16944	-1
25	29969	-1
43	14184	1
14	23377	1
17	3431	1
30	9196	1
13	26124	1
45	3526	1
18	6115	-1
5	27638	-1
21	12869	-1
4	22774	1
32	17514	1
35	4521	-1
46	12197	1
30	13653	1
45	21521	-1
42	19029	1
17	591	-1
21	2685	1
46	6956	1
46	2469	1
8	534	1
48	23685	-1
32	3166	-1
0	5415	-1
40	14351	1
36	17250	1
6	15094	1
29	19759	-1
13	21601	1
6	15759	-1
8	21101	1
7	23032	1
13	18371	1
6	30771	1
47	16913	-1
48	21188	1
48	10504	1
12	303	-1
1	28165	1
26	20215	-1
38	12022	-1
6	29585	-1
13	2481	-1
40	8494	1
39	10196	-1
49	18760	-1
46	19796	1
17	6059	1
48	16278	1
37	20729	1
41	7578	1
10	12332	-1
39	24476	-1
7	225	-1
28	16164	-1
30	13778	-1
23	5845	1
37	1031	-1
33	10255	-1
4	15233	-1
8	21802	1
23	16777	1
8	27465	1
27	3753	-1
20	29483	-1
8	7777	1
23	30294	1
45	24085	1
42	13742	1
45	12721	-1
35	14741	1
42	9651	1
48	2411	-1
12	13789	-1
43	27310	1
43	14914	1
15	14310	-1
3	9992	-1
42	28210	1
14	23205	-1
10	7024	1
15	28242	-1
48	12279	1
34	2688	1
24	13721	-1
43	23009	-1
32	26862	-1
37	13119	1
33	30360	-1
21	22316	-1
13	24636	1
12	26173	1
27	16845	-1
45	28473	-1
45	19575	-1
16	7257	1
7	24423	-1
30	12336	1
43	23766	1
36	7342	1
3	7662	1
13	14600	1
41	22326	-1
28	17673	-1
43	1850	1
29	5648	1
39	27124	-1
9	25225	1
40	7570	1
13	18310	1
1	3069	1
40	18936	-1
23	19198	1
6	30740	-1
37	12250	1
25	15616	-1
8	24330	-1
17	11472	1
29	24374	-1
24	30171	-1
19	13711	-1
8	30455	1
15	30290	-1
8	8048	-1
49	21694	-1
8	19379	1
42	5760	1
27	25597	1
25	5213	-1
21	3813	-1
17	28030	1
22	3723	-1
2	23547	-1
15	6428	-1
13	14725	1
44	19724	1
16	232	1
5	11012	1
35	30158	1
13	28472	-1
7	30270	-1
37	9715	-1
1	6686	-1
25	29923	-1
40	8608	1
7	17396	1
48	16302	1
26	20977	1
20	5404	-1
17	25324	1
43	22443	1
32	5329	-1
47	253	-1
1	16996	-1
48	29495	-1
13	2807	1
9	28605	-1
4	13210	-1
0	14027	-1
5	20301	1
48	96	1
48	18404	1
30	2653	1
8	21379	1
43	10769	1
43	16489	1
2	28508	-1
43	2306	1
17	4689	1
15	3161	1
38	22358	-1
42	25446	-1
29	28999	1
48	23024	1
48	2288	-1
34	9601	1
0	24351	1
49	20281	-1
42	9046	1
43	15958	1
3	4870	-1
31	30894	-1
31	11815	-1
16	16719	-1
37	17369	-1
9	3262	-1
10	13774	1
43	25893	1
46	4785	1
13	21098	1
42	30945	1
20	10638	-1
13	13875	1
23	21058	-1
8	5474	1
48	1298	1
39	7634	-1
21	1654	-1
7	3750	1
46	21467	1
43	28305	1
40	5376	1
42	15333	1
22	19136	1
43	18197	1
46	12288	-1
37	20428	-1
28	22925	-1
12	10704	-1
0	6171	1
27	3932	-1
13	10606	1
46	23456	-1
48	27791	1
38	22483	-1
40	7937	-1
8	5320	1
24	19962	-1
35	14362	-1
48	20293	1
29	5996	1
42	17646	-1
40	13431	1
17	2906	1
13	28672	1
9	15577	-1
48	28034	1
4	23972	1
17	24466	-1
44	17490	1
2	22220	-1
44	26522	1
17	10872	-1
26	8466	-1
9	18868	-1
45	25702	-1
31	1268	-1
9	29509	1
3	22776	-1
8	3997	1
1	21581	-1
9	26120	-1
48	21647	1
13	28482	1
6	11735	1
14	9735	-1
40	17447	-1
33	30083	-1
46	21259	1
32	11049	-1
36	12499	-1
19	2364	-1
4	26336	1
12	19451	-1
2	28281	-1
5	17148	-1
17	29460	-1
26	1700	1
40	16875	1
41	12552	-1
16	25137	1
42	1666	1
46	24962	1
40	5129	-1
13	28836	-1
43	9547	1
11	19323	-1
6	25515	1
40	29321	1
23	3003	-1
49	20233	1
3	16235	-1
13	1445	1
20	8915	1
7	4890	1
40	26602	1
4	27663	1
49	12070	-1
49	20681	-1
8	6405	1
6	21972	-1
4	27564	-1
40	27261	1
30	14515	-1
42	1888	-1
19	1681	-1
4	5538	1
8	17932	1
43	16247	-1
5	21485	1
24	24992	-1
43	7562	1
48	18443	1
18	22525	1
21	8718	-1
16	9518	1
8	13802	1
14	8602	-1
32	14683	1
29	5898	-1
40	26575	1
17	22179	1
9	13936	-1
6	20947	1
43	19813	-1
41	20140	1
46	3432	1
11	24820	-1
44	18779	1
48	7160	1
1	27662	-1
36	17642	1
22	10245	-1
8	19190	-1
43	6759	1
21	15540	1
35	19727	1
22	19882	-1
33	14450	-1
10	22358	-1
43	13237	1
42	25154	1
18	28161	-1
49	3588	-1
38	24702	-1
16	8997	1
43	782	1
16	13813	1
10	27963	1
8	17501	1
0	2402	-1
37	11371	1
34	8750	-1
47	24527	-1
21	9292	-1
18	10065	-1
13	30574	1
43	16683	1
46	21441	1
8	30416	1
43	17423	-1
16	24191	-1
0	13301	-1
14	21670	-1
39	26871	-1
20	12849	-1
27	11569	-1
38	21736	-1
7	944	-1
26	15398	-1
22	13694	-1
43	27344	1
42	30750	1
48	10635	-1
16	5251	1
1	18277	-1
1	6146	-1
4	30549	-1
39	481	1
48	22507	1
38	6575	1
36	28545	1
36	13930	-1
4	19788	-1
13	8848	-1
28	20719	1
9	767	-1
14	9926	-1
19	15652	-1
45	25944	-1
46	27279	1
10	3732	-1
16	18078	1
15	28561	1
8	26739	1
9	3043	1
23	3169	1
17	25029	1
48	944	1
39	26163	-1
44	27113	-1
22	4158	-1
17	26423	1
20	6869	-1
12	13968	-1
21	26080	1
4	27612	1
13	12747	1
32	3834	-1
15	15901	-1
22	9373	-1
5	17634	1
20	27484	1
16	5215	1
9	25367	-1
8	8091	1
19	7821	-1
0	5484	-1
16	14319	-1
14	5672	1
0	14609	1
21	2215	1
6	18049	1
3	15855	-1
41	12497	-1
3	5744	-1
0	27979	-1
48	13192	1
30	25126	-1
37	4491	-1
25	5237	-1
0	8556	-1
39	10442	1
6	23486	1
46	20129	1
21	16078	1
46	19347	1
47	8308	-1
30	10025	1
40	6509	1
43	9039	1
6	13252	1
40	8813	-1
48	1039	-1
42	10822	1
48	15107	-1
8	12282	1
5	6571	1
48	25365	-1
38	8876	-1
7	10990	1
30	2426	1
48	14891	1
29	15339	-1
12	20335	-1
37	29877	-1
3	13691	1
36	6585	-1
14	21804	-1
21	7161	1
21	26138	-1
28	1868	-1
43	19109	1
1	16763	-1
5	11882	-1
6	24128	1
12	20195	-1
33	22839	-1
25	2772	-1
40	30499	1
36	21968	1
14	12238	-1
36	8402	1
13	29409	-1
8	9561	-1
7	12932	1
35	14601	-1
14	10104	1
46	1935	1
23	5349	1
10	19722	1
18	4430	1
10	29743	-1
0	3574	1
7	6684	-1
8	13048	1
34	18201	-1
45	25993	1
4	2505	1
10	15367	-1
23	6640	-1
18	15939	-1
44	1534	1
40	6400	1
32	12235	1
13	10673	1
38	28466	-1
0	877	-1
1	415	1
1	25960	1
20	15708	1
38	7535	-1
10	18183	-1
46	4450	1
26	4010	-1
10	4343	1
46	25538	-1
8	12980	1
19	2015	-1
34	11007	-1
10	22913	1
43	26730	-1
5	16318	1
6	20536	-1
27	1268	-1
6	19234	1
43	28866	1
11	24102	-1
48	22281	1
13	5585	1
39	26439	-1
35	29984	-1
29	25783	1
44	10309	1
35	5986	-1
19	12451	-1
10	29020	1
13	718	1
13	3625	1
31	11424	1
40	26416	1
8	23900	1
31	4618	1
46	14804	1
13	9519	-1
15	13221	-1
31	11081	1
17	7708	1
16	20021	1
46	448	1
13	28888	1
40	12621	1
45	13058	1
10	1236	1
5	17654	-1
3	11254	-1
43	24602	1
42	21297	1
41	20994	-1
3	17209	-1
18	11235	1
16	20271	-1
28	14032	-1
29	15950	-1
15	26686	-1
32	4626	1
6	5013	-1
17	27776	-1
26	29259	-1
43	27832	-1
48	11059	1
15	2820	1
21	9476	1
34	4862	-1
19	26935	-1
9	29010	-1
13	12450	1
49	1871	-1
13	28893	1
40	30442	1
28	6918	1
6	6229	-1
47	15126	-1
1	1659	1
6	22805	1
13	26499	1
29	18511	-1
1	11340	1
15	26254	-1
1	5319	-1
8	26110	1
31	21597	-1
48	8047	1
22	11682	1
29	9209	1
5	9988	-1
19	7805	-1
38	6141	-1
1	27089	-1
6	21658	-1
10	14635	-1
46	18803	1
43	12777	1
46	14886	1
1	27162	1
6	10441	-1
24	22056	-1
42	1939	1
24	10923	-1
39	2216	-1
8	13591	1
2	20752	-1
17	1547	1
38	20624	-1
16	5290	1
18	4623	1
49	10707	1
42	15909	1
2	9805	-1
0	19393	1
40	6109	1
13	20189	1
7	4394	-1
16	7432	-1
0	18807	-1
31	18105	1
7	22714	-1
13	24379	1
19	22753	-1
1	4398	-1
17	20042	-1
27	21593	-1
27	27931	-1
35	30746	-1
3	11683	-1
12	25226	1
5	27118	1
8	24038	1
26	26396	-1
29	17913	-1
8	8584	1
8	7118	1
42	9466	-1
21	2026	-1
21	6822	1
40	12776	1
44	23682	1
43	4738	1
35	16739	1
10	1616	1
40	21225	1
24	15411	-1
25	23977	-1
36	29873	-1
4	25891	1
11	3280	-1
49	24298	-1
46	12043	1
2	9171	-1
13	3384	-1
46	10983	1
26	14387	-1
49	9335	1
28	2283	1
1	22429	-1
18	8605	-1
36	7870	-1
21	16744	-1
9	28061	1
46	1207	-1
14	17822	-1
6	18433	1
0	19898	1
7	26089	-1
30	8087	1
45	11245	-1
3	26715	-1
35	29517	1
39	16437	-1
48	3888	1
10	14990	-1
42	18930	-1
24	26825	-1
30	13801	-1
35	5639	1
45	214	1
26	23143	1
48	7307	1
8	7506	1
37	28850	1
0	25709	-1
12	21993	-1
43	23008	1
15	10596	-1
33	19209	-1
43	24379	1
48	1407	1
49	24858	-1
39	3587	1
8	3884	1
46	21563	-1
18	17472	1
10	28371	1
43	5001	-1
45	22033	-1
6	30530	-1
49	7951	-1
42	29680	1
43	4871	1
42	25573	1
23	25257	-1
4	23167	1
40	2048	1
47	29977	-1
18	22439	1
10	16767	-1
10	6240	-1
1	21086	-1
46	7473	1
15	29510	-1
16	3691	1
44	5673	-1
19	8609	-1
48	25347	1
39	11088	-1
14	7026	1
13	3082	1
41	27918	-1
20	3181	-1
40	30005	-1
23	20668	-1
41	3653	-1
49	22446	-1
17	22700	1
41	4925	-1
17	16452	1
41	6254	1
35	1777	-1
35	18027	1
13	6193	1
17	26761	1
7	27518	-1
3	14195	-1
4	24814	-1
30	5901	-1
15	20529	-1
39	14883	1
48	8036	-1
39	3381	1
16	16340	-1
43	1965	-1
13	1405	-1
17	25862	1
16	5661	1
15	129	-1
48	24190	1
39	1521	1
46	23769	-1
9	10811	-1
6	28439	-1
13	16009	1
8	11045	-1
23	18618	1
26	5511	-1
12	11546	-1
28	8551	1
21	20964	1
43	10333	1
4	13465	1
33	302	-1
8	18753	1
27	2825	-1
8	5806	-1
28	29435	1
43	14208	-1
16	13554	-1
35	1460	1
41	25956	1
1	10444	-1
28	227	-1
7	7877	-1
13	4920	-1
25	23050	-1
16	1639	1
34	24696	-1
5	28741	1
10	19125	-1
5	5769	1
48	22942	1
8	3087	1
47	21182	1
38	131	-1
27	22061	1
42	30315	-1
13	7453	1
24	3509	-1
42	17685	1
0	5734	1
25	8187	-1
42	9951	1
35	3614	-1
39	30712	-1
28	22302	1
47	13869	-1
20	25441	-1
2	12003	-1
29	22394	1
21	13713	1
4	19280	1
40	12480	1
13	5810	1
18	27206	-1
38	18324	-1
20	17332	-1
32	20715	-1
16	3226	1
24	15663	-1
16	6015	-1
17	24091	1
27	28090	-1
40	6599	1
42	15988	1
48	14527	1
4	12461	-1
34	18539	-1
23	14214	-1
6	13626	1
26	28371	-1
5	15057	1
46	22209	1
8	16085	1
13	14458	1
1	18101	-1
0	20458	1
8	30948	-1
28	4915	1
15	17717	-1
43	1571	1
42	18779	1
46	5603	1
12	158	-1
40	25658	-1
15	4419	1
36	30900	-1
6	16068	-1
21	22240	1
8	6630	1
44	13589	-1
42	17929	-1
45	14318	-1
20	5666	-1
40	17142	1
16	17173	-1
26	22284	1
48	2623	1
0	23664	-1
29	15173	-1
31	16608	-1
15	17985	1
8	25663	-1
49	19920	-1
6	19788	-1
0	8826	-1
5	26129	-1
27	27586	1
29	311	-1
20	8513	-1
27	30237	1
41	30955	-1
43	17809	1
38	9412	1
12	8908	1
23	3667	1
46	7816	1
28	15135	1
34	9196	-1
18	1994	1
2	30745	1
1	5845	1
15	29595	-1
15	15981	-1
6	19006	1
19	15490	-1
23	11294	1
35	20075	1
0	26307	-1
49	14219	1
37	24921	1
31	7710	-1
44	4949	1
40	28902	1
17	5285	-1
8	11027	1
20	20653	-1
21	4688	-1
0	2232	1
32	3799	1
46	26575	-1
6	2208	1
25	23147	-1
27	27980	-1
38	18564	-1
33	9592	-1
49	22673	-1
3	1316	-1
43	30997	1
48	8816	1
6	9021	1
6	20676	-1
42	5494	1
23	17895	1
20	1783	1
48	15918	-1
34	25358	-1
4	3236	-1
16	11010	1
47	4398	-1
49	9177	1
2	1214	-1
39	28607	1
47	7379	-1
43	23064	1
19	12103	-1
1	20711	1
13	20301	-1
44	9318	1
40	24379	1
23	4049	-1
17	12273	-1
26	3240	-1
10	25089	-1
12	3107	-1
23	15993	1
48	9756	1
43	10885	1
6	3701	-1
40	7266	1
11	12834	-1
13	18951	-1
46	19236	-1
49	30796	1
7	17854	-1
9	20044	1
14	20614	-1
35	21562	-1
9	20823	-1
32	16761	1
21	22676	1
21	2508	-1
35	13523	1
12	22705	-1
35	30321	1
40	11416	-1
14	21360	-1
20	7400	-1
44	18280	-1
43	12813	1
8	9485	1
39	14335	1
48	20584	-1
27	20052	-1
35	20970	1
35	18452	1
36	17185	-1
13	19281	-1
17	20682	1
5	23241	-1
39	14304	1
0	20501	-1
41	4896	1
36	10566	1
29	6377	1
20	23076	-1
48	2738	1
45	14941	-1
13	10292	-1
39	2428	-1
43	8293	1
27	26399	-1
7	29274	-1
8	7036	1
35	10282	1
25	7041	-1
14	12395	-1
43	15982	1
27	8136	-1
47	25014	-1
26	29681	-1
25	14042	1
48	13339	1
45	30035	1
16	17734	1
25	26231	-1
23	13703	-1
13	3061	1
8	10848	1
31	2454	1
45	30623	-1
48	30998	1
46	9496	-1
15	20045	-1
5	22960	-1
11	23492	-1
41	24086	1
17	6584	-1
12	22860	1
5	5	-1
35	25635	-1
45	24945	-1
14	27368	1
28	7226	-1
1	25919	-1
30	595	1
43	20405	1
37	23955	-1
48	2074	-1
46	29075	1
6	8665	1
9	30502	1
12	2900	-1
8	18097	-1
16	22520	1
43	23957	-1
5	19199	1
20	12037	-1
11	26461	-1
38	4284	-1
43	10302	-1
43	18249	-1
6	14679	1
31	14520	-1
2	3427	-1
35	4891	-1
31	7657	-1
5	30924	-1
10	19207	1
45	24364	1
8	16691	-1
17	11927	-1
17	874	1
35	28664	-1
35	23646	1
38	993	1
4	22822	1
7	6894	1
7	22571	1
24	2871	-1
7	3245	1
3	5385	-1
17	25520	1
38	28214	-1
42	26425	1
0	21249	1
32	18731	-1
13	2218	1
18	25940	1
37	2188	-1
43	22299	1
44	30604	-1
13	11509	-1
21	25044	1
16	10439	1
49	26956	1
44	24991	1
13	13483	1
46	1125	1
48	30410	1
22	16174	-1
44	23728	1
4	8698	1
27	12265	-1
46	20278	1
7	15782	1
9	15026	-1
8	13363	1
2	16202	-1
35	30589	1
6	15677	-1
48	15372	1
46	3808	-1
15	19974	1
36	11927	1
11	29621	-1
37	10601	-1
1	28756	1
8	12618	1
0	23735	1
23	27253	-1
35	28523	1
42	18535	-1
13	21686	-1
10	16158	-1
2	21374	-1
23	20673	-1
0	17132	-1
36	12089	1
44	7653	-1
38	1927	-1
42	12393	1
9	14296	1
6	24956	-1
7	17210	1
2	17287	-1
33	12389	-1
13	17153	1
1	24153	-1
38	19905	-1
21	5704	-1
13	28635	1
9	9898	-1
32	31030	-1
0	21942	-1
7	25846	1
9	4914	-1
42	25859	1
11	19613	-1
43	25004	1
33	6612	1
7	5277	1
21	691	-1
13	10620	1
48	9330	1
48	13282	1
39	29493	-1
11	16809	-1
43	15090	1
43	9213	1
11	7546	-1
13	18308	1
29	26093	-1
29	28643	-1
32	22276	-1
6	8274	1
27	10212	1
17	9269	1
2	853	-1
2	587	-1
40	17166	1
48	2217	-1
46	6073	-1
28	24330	1
44	8102	1
33	12636	-1
40	368	-1
28	27012	1
21	10469	-1
3	434	-1
4	22070	1
38	12121	-1
42	17075	-1
5	5740	-1
41	10272	-1
25	9917	-1
34	1286	-1
28	30545	-1
48	26611	1
2	25255	1
18	12226	1
12	26153	-1
25	11221	-1
8	6414	1
21	29549	1
2	28509	-1
9	14187	1
5	6405	-1
13	13	-1
29	29256	1
37	27419	-1
8	13000	1
36	23483	1
36	13650	-1
40	26578	1
43	3872	1
30	31026	-1
2	17869	-1
37	30561	-1
38	16937	1
46	16343	1
17	8713	1
10	19745	1
46	2964	1
27	20774	1
43	9548	1
5	26244	1
49	20075	1
46	9617	-1
42	6264	1
17	6965	-1
13	18694	1
46	3491	1
15	6073	-1
23	2045	1
37	16283	-1
43	14286	-1
37	24011	-1
49	30117	-1
28	17669	-1
37	3658	-1
9	6251	-1
36	29288	1
3	17706	-1
13	13675	1
46	16979	1
15	810	-1
30	23790	-1
21	13231	-1
40	6043	-1
6	27058	-1
45	5595	1
44	9295	1
30	14063	-1
28	21756	1
28	12169	1
13	12970	1
16	27227	1
3	17355	-1
8	26891	1
43	2492	1
49	11383	1
23	5441	-1
7	9540	-1
38	14489	-1
41	27031	1
35	5056	-1
32	14643	-1
22	23430	-1
16	22442	-1
48	17438	1
23	10245	-1
16	11123	-1
13	15394	1
17	22124	1
35	17466	1
8	8906	1
3	1641	-1
27	21058	-1
18	21901	-1
1	21376	1
24	27310	-1
32	9044	1
5	8845	-1
9	13624	-1
6	8151	1
7	15669	1
21	3457	-1
8	18135	-1
6	6872	-1
33	20534	-1
38	19375	-1
49	12777	-1
12	26648	-1
41	232	-1
30	28609	-1
46	27777	1
16	4052	-1
45	17441	-1
35	25127	1
13	25249	-1
31	249	-1
35	20792	1
40	17886	-1
28	5350	-1
24	25720	-1
48	29932	1
44	16560	-1
17	15596	1
5	11383	1
9	27245	-1
8	13115	1
46	4151	-1
32	580	-1
26	29265	1
26	20064	1
3	13885	-1
8	8031	1
27	3629	-1
6	25603	1
45	6745	-1
21	25627	1
37	5532	-1
43	20211	1
21	1977	1
27	4165	-1
23	17922	1
1	2240	1
1	20719	-1
20	17100	-1
39	28087	-1
17	26604	-1
35	25279	1
28	5949	-1
17	20564	1
17	13929	-1
28	23106	1
49	23379	-1
5	19124	1
30	29137	1
7	28331	1
28	17447	1
13	16646	-1
40	24976	1
17	5693	1
26	2454	-1
18	364	-1
6	29568	1
15	21214	-1
31	8559	-1
30	3051	1
43	29681	1
42	29125	1
45	7104	-1
49	13440	-1
35	4776	-1
39	149	-1
37	30767	-1
20	24838	-1
48	16615	1
35	30611	-1
35	8996	1
36	25438	1
16	27060	1
21	9800	1
28	2889	1
30	15204	1
3	13903	-1
28	17945	1
41	7689	1
29	14113	-1
14	14060	-1
16	19172	1
48	14489	1
35	23914	1
39	18645	1
9	8635	-1
22	24378	-1
7	18645	1
13	24020	1
48	4415	1
8	11212	1
7	3234	1
27	27533	-1
35	8965	-1
14	15674	-1
30	1	-1
0	8194	1
7	15001	-1
42	6403	1
7	10874	-1
36	24831	-1
2	25734	-1
5	19118	-1
16	6941	1
20	2092	-1
32	12666	-1
0	1003	1
20	17459	-1
37	20494	1
2	12667	-1
35	12769	1
41	13468	-1
39	9444	-1
49	6012	1
13	5971	1
47	21537	1
46	23697	-1
45	30328	-1
4	12083	1
46	13190	1
28	5268	-1
15	24827	1
8	29940	1
17	25957	-1
11	21610	-1
42	22096	1
43	27333	1
21	22724	-1
13	25507	1
16	23259	1
6	29925	1
46	30672	1
43	30824	1
43	2757	1
30	21702	-1
28	25647	-1
4	14366	1
4	4634	1
3	16035	-1
46	15193	1
42	8311	1
12	10079	-1
9	3800	-1
21	29657	1
41	20651	1
39	16310	-1
32	17071	-1
7	28838	1
7	23015	1
25	23237	-1
13	10059	1
19	15853	-1
43	14429	1
48	24474	1
36	23064	-1
7	11901	1
26	29414	1
29	28934	-1
43	16087	1
46	5105	1
22	28806	-1
13	20054	1
40	12583	1
22	28546	-1
40	11701	1
6	28338	1
6	18388	1
43	26728	1
0	20734	-1
26	13243	1
48	22381	1
9	12609	-1
9	28792	1
47	8183	-1
4	541	1
0	17479	1
20	20505	-1
29	29706	1
13	5574	1
37	244	-1
43	23762	1
8	16767	-1
25	4087	-1
35	18108	1
41	6329	1
7	28499	-1
22	1792	-1
7	13993	-1
33	9958	-1
17	14749	1
1	11129	1
31	9982	-1
46	16614	1
26	4057	-1
40	2970	1
3	14718	-1
21	29754	-1
39	11867	-1
40	10351	1
16	22043	-1
48	8557	1
29	7410	1
28	7885	1
4	8735	1
32	22010	1
44	1207	1
36	7402	-1
43	21717	1
39	21014	-1
46	12482	1
49	19951	1
9	19888	-1
35	27946	1
16	4092	1
20	27498	-1
21	11222	-1
18	26283	-1
26	4923	-1
39	22870	1
27	18569	-1
37	19343	1
37	18035	1
48	10634	1
13	26150	1
6	7073	1
40	24042	1
4	12339	1
23	24575	1
31	21793	-1
47	8102	-1
25	19543	-1
23	29165	1
9	17914	-1
43	1459	1
15	2607	1
15	22656	-1
49	26108	1
39	14868	-1
23	966	-1
29	28839	-1
37	7473	-1
9	13717	-1
40	2202	-1
43	13999	1
40	10845	1
5	20208	1
4	10286	1
20	17844	-1
22	21141	-1
39	24152	-1
36	20084	1
13	13364	1
19	19130	-1
9	1070	-1
32	18299	1
43	27979	-1
2	11375	-1
4	42	1
8	9524	-1
17	26664	1
26	30311	-1
18	21313	1
48	26588	1
20	11370	-1
4	15219	1
45	30666	-1
35	21415	1
20	16470	-1
26	4286	1
9	27255	-1
42	5623	-1
48	23208	1
13	21868	-1
48	9828	-1
42	12442	1
1	24766	1
46	21556	-1
6	8921	-1
32	8294	-1
3	29289	-1
44	2583	1
35	14933	-1
35	434	1
19	14798	-1
6	3403	-1
8	12801	-1
2	11784	-1
6	10779	1
8	27106	1
4	1494	-1
16	13225	1
7	13388	-1
36	15841	-1
36	2260	-1
40	25393	1
19	13425	1
37	14974	-1
48	10174	1
10	17045	1
7	5601	1
18	15389	-1
5	5805	-1
45	23889	-1
35	9294	-1
44	2878	1
26	12653	1
24	1146	-1
43	21512	1
46	10108	1
20	20745	1
27	2099	1
42	27052	1
44	6296	1
4	7596	1
38	22409	-1
14	12306	-1
21	13409	-1
15	11555	-1
48	7346	1
5	23197	1
6	4435	1
15	1587	-1
1	5972	1
43	5584	-1
6	2120	-1
17	22621	1
7	59	1
20	1527	-1
1	20458	1
40	28594	1
32	1158	-1
7	8832	1
1	15658	-1
21	818	1
21	648	-1
13	4981	1
5	18532	1
21	1772	1
45	4784	1
40	28141	-1
47	1044	1
12	11030	-1
25	3469	-1
12	7995	1
16	16145	1
38	8749	1
29	7546	-1
41	25760	1
6	29582	1
0	20864	1
23	17329	1
20	23440	-1
4	27233	1
5	16389	-1
25	24769	-1
16	20831	1
10	21902	-1
3	22240	-1
23	19827	1
43	25015	1
4	7558	1
1	17861	1
7	916	-1
35	3100	1
32	3574	-1
40	23155	1
38	24311	1
8	23974	-1
19	675	-1
38	28811	-1
34	13663	-1
23	30814	1
23	7107	-1
43	18469	1
21	808	-1
22	5791	-1
1	25765	1
6	30245	1
27	20177	1
37	4427	-1
49	8973	-1
14	8617	1
25	30293	-1
8	7817	1
24	30565	-1
46	21191	1
6	869	-1
5	17132	1
16	11964	1
8	16432	1
7	4120	-1
28	24010	1
8	5982	1
23	25172	-1
13	12603	-1
17	17771	-1
6	21169	1
40	24926	1
28	28287	-1
43	25854	1
25	390	-1
21	22287	-1
42	4904	1
23	14528	1
7	6608	-1
16	10938	1
19	19968	-1
37	29906	-1
25	27891	-1
36	3411	-1
5	12945	-1
36	30876	-1
46	21081	1
8	15180	-1
13	6943	-1
0	15799	1
42	1562	1
21	8496	1
36	26117	1
43	27294	-1
44	26319	-1
35	27523	-1
39	23518	-1
48	3505	1
3	21462	-1
39	22934	-1
17	9729	1
38	25333	-1
42	696	1
4	20375	1
46	13935	1
29	6752	1
2	8201	-1
3	7364	-1
48	16849	1
42	20324	1
42	5560	-1
18	7895	-1
0	16562	-1
11	13607	-1
3	22169	-1
46	15110	1
18	14830	-1
27	22357	-1
41	22048	-1
49	4380	-1
35	3728	-1
5	14388	-1
4	26923	1
4	7473	1
26	16999	1
15	20863	-1
46	5307	1
14	4671	1
0	2147	-1
49	21473	1
38	27277	-1
29	10286	-1
8	26772	1
43	9813	-1
9	21647	-1
45	18449	-1
5	29632	-1
46	24304	1
39	2386	-1
16	27521	-1
7	29705	-1
43	3525	-1
13	24064	1
34	8906	-1
27	6630	-1
43	1565	-1
16	9438	1
48	24804	1
13	26247	1
23	29819	1
23	21225	-1
46	26553	1
43	3325	1
43	11947	1
41	23622	-1
0	23644	-1
48	15757	1
29	15615	-1
39	7961	-1
13	28179	1
37	725	-1
44	6457	-1
48	28136	1
9	4662	-1
2	27652	-1
14	4815	1
20	5249	1
48	10493	1
40	21279	1
25	28976	-1
13	8916	1
25	16882	-1
1	7668	-1
13	4672	-1
18	23665	1
4	6705	1
30	16089	-1
39	8229	1
39	21284	-1
45	30320	-1
1	27928	1
1	8464	-1
30	26425	1
10	3833	1
47	9647	-1
46	8917	1
47	10850	-1
1	17824	1
13	19091	1
48	15504	1
48	17314	-1
24	843	-1
5	23348	1
6	29354	1
25	4461	-1
35	20093	1
17	20308	-1
4	9084	1
48	6293	1
32	15950	1
16	1279	1
8	4146	1
16	18103	-1
46	16311	1
9	3751	-1
1	19890	1
24	8224	-1
25	19391	-1
6	9427	1
3	27405	-1
34	8081	-1
46	3752	1
43	16411	1
41	23772	1
40	13333	-1
16	21133	-1
21	11642	-1
36	27198	-1
30	17087	1
39	7933	-1
5	2994	1
43	28321	1
1	13347	-1
10	29763	1
33	11352	-1
45	18463	1
40	6007	-1
40	28133	1
46	27757	-1
30	19147	1
48	9011	1
40	7548	-1
3	10265	-1
23	20277	1
24	19600	-1
25	18105	-1
23	7382	-1
45	15115	-1
23	29475	-1
40	23876	1
39	10015	-1
4	29809	1
31	18913	-1
9	29892	1
43	20553	1
40	2443	1
10	29767	1
40	25558	-1
19	29700	-1
28	12573	1
42	19365	1
0	22278	1
8	21103	1
48	23235	1
38	1672	1
14	8375	1
42	28866	-1
22	6562	-1
45	24346	-1
8	11547	1
22	24900	-1
23	17831	-1
3	24102	-1
46	19804	1
47	8873	-1
27	10064	1
31	4167	-1
19	23112	-1
41	11366	1
17	28434	-1
11	10457	-1
18	24173	-1
38	27385	-1
21	10309	-1
13	13618	1
47	23089	-1
32	25228	-1
39	10531	-1
42	22799	1
43	17063	1
24	17979	-1
43	15341	1
10	6246	1
13	18373	1
41	11485	-1
31	27788	-1
49	11287	1
35	3894	-1
44	7791	1
48	23143	1
48	24859	-1
46	9130	1
45	20360	1
48	11818	-1
46	28038	-1
23	1394	-1
5	16787	-1
34	19771	-1
39	30627	1
2	21293	-1
10	1315	-1
30	2989	1
12	12103	-1
47	14789	-1
43	14119	1
36	14761	-1
48	28001	1
42	20208	-1
48	26540	1
13	25551	-1
13	18372	-1
30	1908	-1
10	7827	1
12	5434	-1
21	25143	-1
23	12257	1
40	17177	1
46	12454	1
42	8911	1
35	10793	1
41	15531	1
10	9586	1
1	15737	-1
21	15414	-1
43	4818	-1
16	15035	1
12	4742	-1
8	21614	1
13	17597	1
39	19481	-1
41	26385	-1
16	30962	-1
8	18914	1
18	30614	-1
20	26820	1
6	12927	-1
48	7486	1
29	11632	-1
35	3141	-1
35	15248	-1
48	19181	1
36	2885	1
16	13313	1
48	19143	1
18	16331	1
13	17708	1
40	7258	1
42	2599	1
16	27530	1
25	16329	-1
40	623	1
10	3831	-1
35	25764	1
2	17530	-1
26	10703	-1
0	19526	-1
37	27485	-1
44	7276	1
35	20036	1
28	3230	1
13	13626	1
4	25543	1
26	19241	1
49	11849	-1
4	28739	-1
41	27671	-1
33	9868	-1
17	15735	-1
7	6256	-1
40	3143	1
25	4226	-1
48	1104	1
13	27458	1
46	15133	1
4	5013	1
28	30907	-1
27	19945	-1
28	21596	1
44	26434	1
47	5010	1
19	2074	-1
9	19398	1
6	30268	1
32	8831	-1
43	27353	-1
43	7905	1
0	11626	1
18	19542	-1
28	3040	1
46	13396	1
43	26	1
26	837	1
46	4582	-1
19	17792	-1
43	27303	1
41	20253	1
46	24118	-1
48	27203	1
32	5662	-1
11	21618	-1
13	23201	1
32	30013	-1
5	26551	-1
1	26997	1
42	23039	1
10	17852	1
43	18848	1
42	2365	1
48	25718	1
30	6710	1
30	18070	-1
42	15195	1
2	4626	-1
6	24617	1
0	8922	-1
21	16751	-1
43	29701	1
39	25568	-1
46	15443	1
6	27652	1
8	19982	1
37	21811	-1
36	10510	-1
12	19532	1
43	652	1
39	19778	1
48	6644	1
43	27684	1
29	22678	1
40	28700	1
37	8448	-1
46	22378	1
0	22434	-1
27	21551	-1
21	13442	1
39	13982	1
35	19068	-1
41	5737	-1
4	22	1
43	28887	1
10	10819	-1
12	4721	-1
8	25118	1
6	19230	1
46	29365	1
6	29486	1
48	9348	1
23	30961	1
29	12099	1
14	21626	1
26	14726	-1
0	12615	1
42	3624	1
49	3919	-1
12	13012	-1
42	9681	1
45	14483	1
30	16400	-1
40	1731	1
13	15172	-1
21	4166	-1
7	10320	1
38	23402	-1
48	7132	1
14	9723	-1
36	13541	1
8	6065	1
21	30962	1
20	2758	1
38	1771	-1
39	15077	-1
26	26213	-1
44	3659	-1
47	1461	1
32	7113	-1
49	22623	-1
42	4102	-1
7	18995	-1
48	2060	1
47	7167	-1
43	25924	1
45	7622	-1
7	14609	-1
39	15398	-1
48	7269	-1
33	27760	1
42	15370	1
45	18027	-1
15	8779	-1
20	23787	-1
6	17205	1
25	1244	-1
17	12415	1
40	20953	1
27	29379	-1
23	8273	-1
6	17614	1
14	27278	-1
23	4663	1
21	12881	1
46	4761	-1
7	10698	1
3	29879	-1
10	7506	1
13	7630	1
33	18941	-1
2	9641	-1
46	17271	1
43	20548	-1
43	11566	1
4	15046	1
21	15856	1
15	389	-1
43	11490	1
5	806	-1
42	29872	1
46	21680	1
24	189	-1
37	7582	-1
6	18157	-1
7	22951	1
13	21276	1
35	29022	1
35	22432	-1
39	16746	1
21	25290	-1
22	4625	-1
41	27212	-1
25	19898	1
24	27018	-1
35	5890	-1
19	16244	-1
27	23606	1
41	14178	1
5	18863	1
25	19039	-1
43	7736	-1
6	618	-1
8	15176	1
48	7530	1
35	9404	1
37	10276	-1
37	20066	1
40	20899	-1
24	15030	-1
25	9729	-1
40	2923	1
17	29760	1
48	23956	1
35	1971	1
14	23957	-1
10	12156	-1
8	23284	1
7	9534	1
5	8747	1
39	20875	1
9	29386	-1
28	8581	-1
27	8226	-1
42	22489	1
4	13042	1
22	30412	-1
12	23829	1
46	12073	-1
13	4165	-1
42	11144	-1
6	6052	1
13	9712	1
24	21171	-1
6	15350	1
46	24647	1
5	12167	-1
5	11897	1
3	8958	-1
48	21047	-1
34	1725	-1
43	14351	1
14	16509	1
8	21689	-1
11	23865	-1
7	14578	-1
0	7102	-1
11	27276	-1
49	9838	-1
10	24873	1
29	21655	1
20	29971	1
36	28700	-1
6	24365	-1
28	16105	-1
4	30334	1
44	16028	1
8	23821	1
30	13707	-1
13	951	1
8	19746	1
28	28180	-1
21	2746	-1
45	25342	-1
16	19260	1
18	27315	1
48	30508	1
7	24126	1
31	960	1
17	17896	1
46	22237	1
5	25245	-1
1	12122	-1
39	21415	-1
5	2622	1
43	27480	-1
8	26834	1
44	28565	-1
35	30209	-1
4	19932	1
0	1821	1
45	15656	1
30	3863	-1
46	20184	1
44	19643	-1
48	19334	1
1	25410	1
45	24099	-1
37	20133	-1
12	26112	-1
24	26028	-1
48	11084	1
7	30984	1
7	9745	-1
1	27778	1
17	27570	-1
18	25196	-1
0	12600	-1
18	2549	-1
25	25759	-1
23	3630	1
0	10755	-1
28	18348	1
18	1096	1
44	4370	-1
2	770	-1
38	19285	1
3	5877	-1
34	4849	-1
11	5870	-1
7	22208	1
45	30405	1
2	7990	-1
13	16753	1
42	27949	1
36	7992	1
28	17494	-1
48	20534	1
6	857	1
6	29169	-1
28	28923	1
23	9578	-1
15	30001	-1
45	28199	-1
20	19542	-1
24	9740	-1
46	14887	1
14	10914	1
27	16436	-1
20	16662	-1
16	9212	-1
5	28298	1
16	22302	1
46	7904	-1
16	10740	-1
43	15168	1
15	26706	-1
48	9027	1
0	3662	1
27	13221	-1
3	125	-1
41	4996	-1
16	605	1
4	30928	1
27	22452	1
21	28219	-1
16	28878	-1
25	19239	1
16	27218	1
40	550	1
30	30356	-1
8	7023	-1
0	24197	1
8	1746	1
44	17711	1
17	13230	1
46	29588	1
6	27529	-1
43	15291	1
20	11435	-1
7	7891	1
1	17229	1
28	8094	1
48	28212	1
48	20423	1
46	13448	1
40	5118	1
8	8775	1
15	8031	-1
43	11571	-1
33	10617	-1
11	24407	-1
4	27054	1
19	29316	-1
10	30901	-1
32	19991	-1
48	20238	1
16	30936	1
28	15972	-1
39	30319	-1
17	2992	1
9	26055	-1
3	20954	-1
18	1123	-1
2	11628	-1
0	12881	1
37	8065	-1
0	15180	1
43	20207	-1
40	25779	-1
8	30785	1
13	492	1
5	20809	1
13	27081	-1
28	18577	-1
1	13088	1
48	755	1
19	10155	-1
39	21604	-1
31	9804	1
37	23523	-1
20	16696	-1
39	17985	-1
9	27303	-1
29	19231	-1
31	29648	-1
0	15964	1
6	986	-1
6	1276	1
34	8052	-1
28	26374	-1
3	9176	-1
28	24443	1
5	8909	1
43	30526	1
4	15988	1
49	1691	-1
32	2639	-1
6	22346	1
8	258	1
31	10103	-1
4	2248	-1
11	27048	-1
13	8287	1
34	4811	1
32	12854	1
43	1518	1
20	95	-1
48	2377	1
41	19596	-1
31	4683	-1
5	5300	1
18	30707	1
35	21327	1
18	18199	1
49	1307	1
48	25310	1
18	14287	-1
46	16843	1
39	29106	-1
14	11597	1
5	17929	1
42	17933	1
41	16619	1
5	26303	1
40	16221	1
41	27207	-1
22	29961	-1
18	18720	1
14	25566	-1
38	7019	-1
48	30541	1
14	30029	-1
41	1771	1
16	5054	1
29	15372	-1
9	27765	1
39	25278	-1
13	4977	1
7	3501	-1
1	13112	1
17	26013	-1
28	16557	-1
46	19168	-1
8	25708	1
2	346	-1
32	29135	-1
16	13891	-1
1	8305	1
23	5160	-1
17	7596	-1
35	16044	1
8	1538	1
29	870	1
13	26227	1
26	22735	-1
10	18297	1
25	9336	-1
42	18636	1
48	3378	1
48	26279	-1
27	9288	-1
5	22531	1
46	11604	-1
35	969	1
28	6063	-1
10	2653	-1
29	18516	-1
5	3734	1
36	6313	-1
43	9566	1
26	12013	-1
38	22458	-1
34	29656	-1
10	3083	-1
4	8994	1
43	15309	1
24	9555	-1
48	2824	1
0	15143	-1
17	25074	1
46	22564	1
5	3268	1
4	23391	-1
5	4937	-1
11	10485	-1
18	15452	-1
34	16572	-1
34	491	-1
7	5415	1
43	25634	-1
13	27986	-1
48	27132	-1
36	845	-1
38	11243	-1
44	25667	-1
36	15317	1
14	12335	1
15	9973	-1
6	4949	1
28	22503	1
0	23006	1
42	1329	1
4	9538	-1
19	29626	-1
44	13157	-1
18	11914	1
48	12466	1
18	11724	1
7	18807	-1
18	11317	1
43	12186	1
42	27780	-1
46	12756	1
22	15828	-1
21	3286	1
13	15350	1
46	27276	-1
44	4300	1
43	13684	-1
48	29056	1
40	8945	-1
48	3352	1
37	23380	-1
38	24819	1
42	2989	1
16	25086	-1
40	19321	1
9	21348	-1
25	27440	-1
49	10403	1
7	3516	-1
27	13520	-1
48	2968	1
5	5115	1
13	16650	-1
6	908	1
1	16165	1
43	5190	1
45	20240	1
46	21195	1
46	16114	1
8	17565	1
14	28757	-1
29	10151	1
25	12123	-1
40	25416	1
23	1216	1
8	4697	1
28	8848	-1
47	26332	1
47	12336	1
46	19344	1
13	27734	1
40	20318	1
30	1865	-1
49	14700	-1
48	18617	1
43	13737	1
40	13884	1
35	26831	1
43	25732	-1
23	1425	1
48	22300	1
34	25395	1
44	13874	1
35	18015	-1
25	17881	-1
43	12809	1
39	11683	-1
41	24296	1
42	27827	1
17	19529	1
19	27491	-1
7	1979	-1
48	2927	1
46	9426	1
1	22978	1
49	9622	-1
19	6780	-1
48	7965	-1
33	30613	-1
48	28671	-1
44	4431	1
44	5319	-1
36	19690	1
23	1650	1
12	11340	-1
3	23202	-1
16	6500	1
43	23652	1
43	27401	1
46	16674	1
2	7383	-1
15	1474	-1
36	27034	1
43	30276	1
2	26224	-1
47	24125	-1
10	3190	-1
47	29437	-1
1	29454	-1
18	25121	1
44	10797	1
48	7159	1
42	23056	1
17	2563	1
12	5044	-1
46	28191	1
3	30977	-1
33	20938	-1
2	15169	1
9	18161	-1
7	29773	-1
23	4732	-1
22	24828	-1
23	29764	-1
5	10123	-1
24	6081	-1
23	12290	1
31	21404	-1
46	17857	1
28	3175	-1
35	25402	1
0	13771	-1
34	4262	-1
3	18474	-1
2	14543	1
9	1676	-1
4	7787	1
40	7382	-1
36	16021	-1
45	20001	-1
35	4740	1
45	17648	-1
4	9525	1
25	13372	-1
25	9345	-1
17	13191	-1
49	23633	1
46	923	1
27	5720	-1
6	25308	1
30	27238	1
20	2846	-1
20	13931	-1
6	27762	1
46	9923	1
5	24813	-1
18	19491	-1
27	23874	-1
46	26260	1
46	13093	1
2	23357	-1
6	5974	-1
8	7921	1
46	30242	1
25	5048	-1
46	26179	1
43	28247	1
10	5755	-1
32	13861	-1
6	23251	1
20	17666	-1
21	2206	1
28	21959	1
6	18694	1
8	1427	1
30	16007	-1
40	2909	-1
48	16178	1
13	2091	1
48	14127	-1
29	7666	1
18	7795	1
35	926	1
11	4663	-1
38	27832	-1
16	16987	1
43	24182	1
42	28484	1
41	26139	1
43	14263	-1
22	17337	-1
33	5744	-1
26	27896	-1
41	319	-1
25	9047	1
44	18760	1
5	13028	-1
28	2421	1
46	1499	1
27	21187	1
30	14464	1
46	18755	1
11	26127	-1
16	29454	1
23	22854	1
0	9953	-1
48	2601	1
43	18901	-1
13	12880	1
22	27634	-1
16	26373	-1
4	23581	1
42	10377	-1
48	21458	-1
4	1006	1
38	10495	-1
10	15699	1
35	10231	-1
6	3252	1
36	25397	1
16	4622	1
43	19794	1
4	11878	1
16	29871	1
20	8641	-1
18	23240	1
44	13094	1
44	20838	-1
47	15183	-1
24	18999	-1
9	21756	-1
40	23552	1
17	3522	1
41	17191	-1
44	25067	-1
19	631	-1
36	16884	1
24	9311	-1
4	6357	1
13	1540	1
6	3528	1
44	8181	-1
43	5120	1
43	25315	1
24	30870	1
7	6529	-1
10	24181	-1
2	14749	-1
11	3153	-1
4	28357	-1
11	11093	-1
42	12528	1
26	16284	-1
10	24545	1
13	29930	1
0	22871	-1
1	25177	1
48	1138	1
18	13677	-1
41	11498	-1
39	30969	-1
48	16455	1
2	29723	-1
40	11079	-1
41	28860	-1
37	14736	1
18	21979	1
21	26639	-1
42	8562	1
34	20677	-1
14	18309	-1
48	24297	1
30	31047	-1
29	14769	-1
9	22389	-1
4	22479	1
21	839	1
31	25381	-1
36	27104	1
6	22026	1
0	23163	1
45	597	-1
34	9834	-1
44	15257	1
13	30853	1
28	11995	1
3	15150	-1
4	2815	1
35	6000	1
48	25932	-1
42	22011	1
1	14285	1
13	10469	1
42	1503	1
30	15506	-1
15	8238	-1
43	16089	1
43	25043	1
22	8976	-1
43	3373	1
33	21606	-1
8	9248	-1
6	16621	1
39	27384	-1
38	5859	1
22	16345	-1
41	1039	1
10	13411	-1
11	18984	-1
6	5216	1
18	20816	-1
43	27604	1
8	30011	1
32	16153	-1
43	7773	1
10	11592	1
8	5946	1
36	21380	-1
18	2105	-1
47	23862	1
41	23388	-1
23	6794	1
7	16544	-1
3	23060	-1
8	23812	1
42	20193	1
6	25666	-1
20	3021	-1
11	9548	-1
29	13308	-1
30	30859	-1
38	1756	-1
47	11998	-1
44	27393	1
5	4742	-1
32	27564	-1
26	10885	1
8	6357	-1
40	8104	-1
42	6344	-1
48	2791	1
20	8865	1
21	5682	-1
18	684	1
11	26936	-1
27	30151	-1
43	2763	1
29	23119	-1
11	15289	-1
28	27488	1
44	18236	-1
30	13666	-1
16	14839	-1
8	6205	1
8	7370	1
12	23667	-1
8	15321	1
46	18147	1
7	26428	-1
12	23408	-1
14	1140	-1
48	31062	1
42	19563	1
43	14772	1
13	17490	-1
42	18251	1
12	1654	-1
4	5817	1
23	4103	1
21	18466	-1
39	5874	1
42	24387	1
2	8018	-1
6	5360	1
41	4564	1
18	22213	-1
22	30123	-1
49	2015	-1
8	30105	1
3	25178	-1
8	28158	-1
34	8438	-1
4	18006	1
6	20615	1
40	20145	1
40	12998	-1
1	15379	1
10	12280	1
29	23765	-1
43	16026	1
33	1497	-1
30	142	-1
46	23777	1
7	25802	1
1	3089	1
2	205	-1
35	24548	-1
7	10315	-1
26	17620	1
48	10139	-1
42	15559	1
10	58	-1
20	10206	-1
39	25010	1
10	25869	-1
12	898	-1
16	3682	1
13	22249	1
18	27873	-1
40	14139	1
36	22205	-1
47	19231	-1
0	24331	-1
24	12123	-1
16	7284	1
40	12562	1
46	28658	1
20	24820	1
48	318	-1
8	22261	-1
47	16782	1
7	15108	1
40	13184	1
0	4144	1
33	3401	-1
49	9079	1
31	24752	-1
21	19115	-1
28	26625	1
35	12392	-1
2	24200	-1
8	26452	1
25	21571	-1
6	11087	1
16	4575	-1
36	5057	-1
29	13434	-1
47	411	-1
22	29250	-1
37	24539	-1
29	2214	-1
37	20172	1
2	9554	-1
43	21755	1
46	10502	1
4	7295	1
36	9590	1
34	705	-1
20	3044	-1
42	10138	-1
22	17931	-1
48	20461	1
4	7664	-1
15	8596	-1
25	58	-1
15	22316	-1
43	29079	1
40	2813	-1
19	23403	-1
38	27934	1
3	3040	-1
34	16908	-1
48	4328	1
14	28993	-1
12	3934	-1
2	12801	-1
48	28989	1
5	28345	1
13	16641	1
42	14524	1
39	22526	1
17	29340	1
40	6905	-1
43	25398	1
46	8532	1
42	16502	1
4	21136	1
9	2888	1
42	29567	-1
10	24033	1
25	2012	1
13	27832	1
6	14312	-1
20	9025	1
48	19559	1
8	23063	1
41	13201	-1
49	4094	-1
39	1606	1
44	2427	-1
46	15297	1
35	21057	1
5	11331	1
10	10260	1
39	27775	1
13	15433	1
12	11237	-1
48	23231	1
41	13945	-1
38	22278	-1
42	29748	1
45	13071	-1
13	15766	1
10	6177	1
17	15021	-1
43	3497	1
13	15898	1
46	5289	1
40	30693	-1
35	14512	-1
6	5875	1
43	4594	1
28	25475	1
39	7769	-1
29	12684	-1
17	18001	-1
42	13188	1
30	22869	-1
10	25237	-1
1	22486	1
41	16626	-1
16	13741	1
48	29996	1
48	21168	1
43	10565	1
37	975	-1
18	29814	1
19	8787	-1
31	29969	-1
47	13175	-1
23	4106	1
46	12232	-1
43	2323	1
4	9461	-1
45	3625	-1
48	10788	1
44	21978	1
8	11217	1
39	9306	-1
8	29560	1
23	26750	1
44	24556	-1
8	26304	1
35	30820	-1
10	9868	-1
26	15067	1
13	2052	1
48	26393	1
1	11884	-1
24	1067	-1
44	9162	-1
12	24049	1
5	17330	-1
13	27699	-1
4	5543	1
18	19374	-1
22	17525	-1
7	1781	1
45	5968	-1
17	14448	-1
46	28118	1
35	8849	-1
39	17135	1
46	537	1
42	3152	1
19	4462	1
16	14511	1
13	6171	-1
1	1675	1
49	12764	-1
29	6880	-1
10	6774	1
30	7229	-1
13	1954	1
42	27061	1
46	15023	1
35	14528	1
48	12327	1
43	6714	1
4	16491	1
36	24325	-1
34	5564	1
22	25791	-1
6	27278	1
6	2954	1
6	25144	-1
43	24133	1
4	16949	-1
42	5287	-1
11	29094	-1
13	11938	1
7	15427	-1
43	26769	1
48	28348	1
30	20137	-1
46	20648	1
2	19282	-1
34	6482	-1
25	26853	-1
38	26978	-1
41	20756	-1
19	17869	-1
31	25558	-1
5	14643	1
41	2640	-1
17	26293	-1
25	10233	-1
6	14028	1
44	24578	1
40	13364	-1
23	26913	-1
0	20028	-1
24	17715	-1
13	6337	-1
43	15859	1
17	5656	-1
36	24823	-1
13	8327	1
47	22101	-1
11	17275	-1
4	9120	1
2	3660	-1
42	4023	1
9	27427	-1
3	7068	-1
39	25782	1
40	27693	1
31	11920	-1
18	3048	-1
25	5735	-1
1	12713	1
16	17229	-1
43	3533	-1
46	9046	1
5	5061	1
35	19184	1
6	24530	1
43	15788	1
1	30135	1
41	26968	-1
2	4728	-1
2	16632	-1
17	25007	1
10	19841	-1
28	6814	-1
42	16346	1
37	895	1
9	13806	1
0	4075	-1
40	26891	1
30	7269	1
34	1225	-1
23	26411	1
15	25358	-1
16	11422	-1
47	29513	-1
29	24901	1
39	18451	1
25	387	-1
37	496	1
35	21464	1
30	28620	-1
41	10048	-1
40	12258	1
8	23959	-1
10	4256	1
23	16834	1
48	11267	-1
16	26596	1
36	8945	1
42	15563	1
43	29932	1
15	24594	-1
8	12425	1
6	29771	1
37	17952	-1
14	4606	-1
29	5080	1
4	17021	-1
10	26863	1
7	19498	1
28	6219	1
38	10222	1
12	11308	-1
39	10659	-1
19	17016	-1
38	4124	-1
45	8882	-1
13	9492	1
13	23051	1
0	7418	1
43	269	1
12	272	-1
46	15195	1
28	7296	1
37	20544	-1
17	21711	-1
28	9467	-1
16	9151	-1
11	18747	-1
4	25344	1
41	27472	1
27	5107	-1
19	30334	-1
4	20038	1
35	16740	-1
49	13484	1
29	11172	-1
43	5967	1
43	9256	1
8	1072	1
6	27807	1
39	26724	-1
11	24661	-1
42	25920	1
41	18067	1
30	27889	1
8	30253	-1
40	756	1
4	27157	1
17	26812	1
29	30944	-1
40	13720	1
17	22607	1
20	46	1
45	29825	1
0	25287	-1
9	21660	-1
16	9257	1
42	24721	1
29	30632	1
23	16089	1
7	13938	-1
20	9261	-1
8	14613	1
37	12790	1
29	1354	1
47	20376	1
28	22465	-1
20	6590	1
26	1316	-1
10	7010	-1
31	16586	-1
46	9067	1
43	23522	1
5	2789	-1
17	920	1
31	25288	-1
28	20122	1
27	8708	-1
5	217	1
12	18615	-1
3	26009	-1
9	9942	1
45	29427	1
34	19503	-1
42	19441	1
16	3015	1
12	27180	-1
24	26667	-1
28	29406	1
19	8855	-1
41	789	-1
3	8641	-1
30	27	-1
31	3167	-1
4	28841	-1
37	151	-1
30	25995	1
23	3601	1
13	21389	-1
7	3721	1
48	17826	1
43	25592	1
25	11269	1
46	13647	1
5	17733	1
16	24619	1
25	9766	-1
21	6178	1
48	7046	1
43	11089	1
23	21513	-1
18	909	1
49	16578	1
35	24723	1
43	5875	1
12	17545	-1
4	17318	1
5	2583	-1
13	13812	1
48	25550	1
39	15427	1
43	7290	1
40	29925	1
10	25556	1
14	16112	-1
14	4297	-1
33	15988	-1
4	14257	1
31	16688	1
8	12768	-1
5	14693	1
43	21507	1
28	1957	-1
41	26554	-1
23	23854	-1
38	29051	-1
20	5180	-1
25	10178	-1
46	27796	1
8	17010	1
1	7632	-1
11	3676	-1
2	25227	-1
28	29523	1
48	21590	1
48	20152	1
45	3336	-1
43	17695	1
32	18999	-1
14	14069	-1
43	12443	-1
17	478	1
40	3134	-1
40	10868	-1
48	7887	1
32	13427	-1
4	6499	1
30	20661	-1
1	14911	1
6	9535	-1
43	11901	1
46	969	-1
31	9515	-1
15	29297	-1
47	9678	-1
28	28396	1
37	357	-1
4	11744	-1
47	3687	-1
32	3753	1
46	6058	1
32	19981	1
19	20551	-1
49	8824	1
40	4365	1
28	26706	1
19	12128	-1
30	19357	-1
8	7962	1
48	25630	1
8	7790	-1
21	26141	-1
0	8607	-1
4	25616	1
0	20092	1
6	30243	-1
2	18178	-1
2	13314	1
48	19889	1
9	2978	1
16	15968	1
49	8846	1
32	12050	-1
2	25177	-1
48	22287	1
23	8998	-1
6	26357	1
6	15143	1
25	23289	1
46	8552	1
21	28779	-1
41	10480	-1
23	636	-1
39	12269	-1
48	6387	1
26	25826	-1
4	27898	-1
6	1905	-1
20	20234	-1
6	1596	-1
0	9132	1
40	17694	-1
24	30875	-1
23	11183	-1
28	25086	1
6	21881	-1
44	10555	1
44	13719	1
9	16585	-1
40	15401	-1
40	13241	1
35	19316	-1
33	6461	-1
42	723	1
7	28982	1
45	29867	-1
48	12214	1
19	21959	-1
6	13343	1
33	4754	-1
22	11837	-1
27	1255	1
38	11981	1
23	20724	-1
13	10363	1
30	26555	-1
39	19037	1
39	11521	1
44	22791	-1
22	2312	-1
11	22785	-1
18	5278	-1
3	5694	-1
1	16085	-1
17	30369	1
46	14670	1
43	29743	-1
23	7342	1
43	27232	1
37	18458	-1
14	26764	-1
39	8767	1
21	5609	1
48	5252	1
4	16540	-1
22	24894	-1
43	11549	-1
40	7211	1
15	10751	-1
6	9049	-1
4	8386	1
32	2082	-1
13	3493	1
5	24403	1
48	13358	1
4	24519	1
4	15222	-1
13	28450	1
44	511	1
0	27034	1
4	787	-1
10	26029	1
43	11518	1
46	14598	1
3	21253	-1
34	29265	-1
29	25674	-1
3	9046	-1
47	920	-1
1	25232	1
12	16890	-1
3	30845	-1
47	22564	1
28	900	-1
11	1014	-1
25	24366	-1
48	19790	-1
8	1320	-1
37	10535	-1
11	23650	-1
44	11386	1
43	30594	1
48	13268	-1
48	22079	-1
42	20176	1
20	22360	-1
36	8144	-1
4	21236	-1
47	23992	-1
3	4207	1
0	17255	1
6	14662	-1
8	5536	1
8	27609	-1
20	9178	-1
35	763	1
25	25404	1
48	19576	1
48	16152	1
30	19607	-1
13	25087	1
11	7684	1
43	6366	1
25	27518	-1
26	6184	1
40	3815	-1
35	13039	1
19	7533	-1
10	3396	1
42	6763	1
21	4433	1
25	1184	-1
42	28362	1
44	13276	-1
37	30158	-1
15	24791	-1
39	10271	-1
0	8982	-1
15	29522	1
37	16341	1
40	24021	-1
28	4263	-1
35	8262	-1
23	24031	-1
26	22552	-1
41	17710	-1
48	20592	-1
13	15665	-1
43	11284	1
6	7852	1
6	5118	1
1	21020	-1
12	28562	-1
24	4676	1
40	11736	-1
41	16818	1
5	6000	1
26	9775	1
46	19309	1
0	2803	-1
35	5933	1
35	7418	-1
30	24610	-1
3	23842	-1
5	30936	-1
35	25212	-1
43	20246	1
7	22712	1
8	29593	1
3	26571	-1
17	20246	-1
10	28395	-1
31	1479	-1
27	1041	-1
48	21997	-1
19	21328	-1
48	29233	1
31	1250	-1
45	23318	-1
18	4926	1
18	4704	1
29	779	-1
47	27088	-1
42	11048	1
43	24468	1
30	18072	-1
16	7413	-1
28	12324	1
9	24233	-1
14	3793	-1
4	3654	-1
29	5740	-1
21	1495	-1
9	2890	-1
19	24827	-1
43	20024	1
46	26862	1
4	6261	-1
13	20032	1
14	14657	-1
20	1946	1
31	1799	-1
43	25143	1
36	16049	1
26	20869	1
46	18264	-1
3	6117	-1
16	2136	-1
43	17602	1
17	828	-1
25	22043	-1
8	22530	1
7	26434	1
9	7802	-1
14	20498	-1
23	13892	-1
16	28340	-1
1	20312	1
25	6893	-1
18	1136	-1
44	12151	-1
16	5586	-1
21	6873	1
28	6740	-1
28	24789	-1
48	18298	1
43	14961	1
42	24439	1
5	7208	-1
45	18828	-1
0	27387	1
48	12224	-1
42	25660	1
16	2573	-1
21	20165	-1
27	26034	-1
45	30259	1
1	16695	1
19	15779	-1
18	18599	-1
43	23481	-1
17	14685	1
48	12035	1
48	21492	1
49	27573	-1
42	10869	1
5	25911	-1
47	30225	1
20	10054	-1
30	12069	-1
43	28672	1
1	6773	-1
2	6045	1
41	4546	1
35	24070	-1
35	941	1
48	21177	1
36	29304	-1
10	5932	-1
43	3250	1
39	1823	-1
43	29054	-1
39	4910	-1
24	23130	-1
16	25667	1
48	30084	1
36	30170	-1
25	6823	-1
5	11206	-1
48	30374	-1
4	20478	1
16	21015	1
4	7138	1
7	24583	-1
33	11951	-1
36	17544	-1
5	29098	1
13	30742	1
4	14230	1
32	22388	-1
46	23281	1
14	30931	-1
13	25271	1
49	1518	1
30	30197	-1
26	17229	1
5	5210	1
49	28250	-1
48	412	1
37	28150	-1
43	18779	1
43	3492	1
31	13061	-1
46	4780	1
37	11626	1
4	3054	1
7	26162	1
7	6915	1
8	28036	1
43	15566	1
48	19593	1
46	12784	-1
49	9752	-1
16	21855	1
43	25417	1
28	25926	1
46	27535	1
26	29507	-1
7	6839	-1
30	21211	-1
2	13865	-1
27	20939	-1
2	17150	-1
43	7196	1
12	6758	-1
1	6089	1
39	10422	1
8	9818	1
26	14487	1
42	13975	1
8	12751	1
21	3287	-1
4	11903	1
35	4749	1
14	28977	-1
1	7736	-1
13	28985	1
3	27742	-1
6	1812	1
23	7009	-1
17	5310	1
46	135	1
46	3028	-1
28	17668	1
4	12466	-1
8	14839	1
40	8760	1
38	894	-1
26	29006	-1
32	4736	1
13	10197	1
45	30565	-1
30	5958	-1
43	10802	1
6	24131	-1
39	28535	-1
11	9488	-1
17	16813	1
41	22062	-1
17	29231	1
25	10870	1
40	12455	1
35	14662	-1
12	6230	-1
24	7979	-1
19	25241	-1
23	24872	1
23	4008	1
40	2832	1
11	14599	-1
46	28581	1
26	5375	-1
3	23043	-1
6	7171	1
26	22055	-1
6	7611	1
26	37	1
30	20620	1
40	21523	1
17	27090	1
18	14481	-1
32	10748	-1
42	22611	-1
9	29992	1
28	10803	-1
20	29388	-1
14	21159	1
17	19902	1
42	7703	1
41	29485	-1
6	6321	1
37	18261	-1
21	26553	-1
43	21811	1
46	25868	1
39	5602	1
17	1212	-1
1	820	1
48	10288	1
32	25544	-1
42	9551	1
1	27176	1
5	24228	1
0	22859	-1
46	25619	1
25	28770	-1
16	1379	1
17	23432	1
45	25030	-1
48	29647	1
31	29119	1
48	30230	1
0	4300	-1
14	17952	-1
0	9043	-1
38	22219	-1
4	3365	-1
32	22896	1
40	9127	1
19	15195	-1
49	11015	1
35	23197	1
9	8749	1
26	7067	-1
48	5966	1
6	884	1
12	1363	-1
18	15225	-1
46	6975	1
7	19119	1
17	21997	1
46	9698	-1
13	18349	-1
24	22421	-1
28	29034	1
7	16339	1
34	22606	-1
18	1380	1
44	18758	-1
24	5516	-1
46	9450	1
1	24364	1
36	4109	-1
28	28912	1
26	9702	-1
14	38	1
4	23422	1
46	14258	1
26	14754	-1
48	1373	1
37	6618	-1
9	22343	-1
45	11965	-1
35	7314	1
41	16147	-1
8	11354	1
46	1019	1
36	26621	-1
13	25032	1
40	10347	-1
6	12191	-1
32	8779	-1
37	2237	1
8	684	-1
16	24837	1
33	24525	-1
16	668	-1
49	2357	1
36	18477	1
25	10766	1
49	12732	-1
13	25430	1
8	8273	1
41	14475	-1
30	7623	1
3	1189	-1
36	1268	-1
10	21652	1
7	17653	-1
38	28684	-1
8	24844	1
39	1556	-1
46	16906	1
48	15228	1
28	7428	1
44	28177	-1
29	2593	-1
1	1062	-1
6	3127	1
15	26222	-1
13	28689	1
4	27845	-1
6	13295	1
48	15703	1
48	11885	1
46	10740	1
29	26749	-1
13	25406	1
45	13115	-1
25	5175	-1
32	2370	1
28	7980	1
48	21401	1
14	6614	1
15	20435	-1
4	8502	1
30	25174	-1
30	12961	-1
40	2907	-1
21	9745	-1
26	24386	1
43	13440	1
37	26565	-1
14	26	-1
14	1061	1
48	29243	1
20	8317	1
0	11871	-1
38	21633	-1
23	9952	-1
43	25926	1
8	27878	1
49	8258	-1
17	24424	-1
31	16692	-1
8	7765	1
21	4014	-1
36	17641	1
9	17858	-1
37	21416	-1
13	19375	1
8	21856	-1
43	21996	1
17	1982	-1
42	21262	1
1	19073	-1
28	24290	-1
46	1705	1
29	23767	-1
6	14794	-1
13	28374	-1
46	7240	1
42	30755	1
12	20659	-1
31	21207	-1
42	22395	1
27	22683	1
10	13243	-1
25	7709	-1
4	11402	1
23	29811	-1
9	13426	-1
5	9686	-1
34	7145	-1
1	2757	-1
42	18023	-1
42	16481	1
29	31007	-1
14	13773	-1
36	30205	-1
44	16501	-1
13	3478	1
43	3724	1
7	24264	-1
47	31070	-1
43	20706	-1
1	30528	1
49	20575	-1
49	22035	-1
43	21992	1
31	12756	-1
23	14333	-1
16	15003	1
37	11977	-1
1	21847	-1
14	23813	-1
27	21847	-1
48	27670	1
38	24471	-1
37	20710	-1
8	4464	1
29	26707	-1
19	19978	-1
47	22023	-1
6	2070	1
48	9634	1
9	21672	1
38	5425	-1
48	12394	1
21	25791	1
17	5208	1
46	12622	1
39	295	-1
17	2440	-1
28	27715	-1
49	20935	1
32	15235	-1
43	14942	1
48	4813	1
1	4442	1
42	5032	1
5	28798	1
8	23266	1
17	30271	1
17	8956	-1
46	29705	1
3	11944	-1
5	20070	-1
40	14107	1
19	4975	-1
48	17481	1
5	22860	-1
36	12494	-1
32	14742	1
40	10040	1
38	12804	-1
24	7554	-1
28	11521	-1
12	5287	-1
13	28994	1
44	19135	-1
48	23303	1
42	29327	1
42	5402	1
34	20289	-1
4	10480	1
21	14950	-1
45	349	-1
27	24187	-1
35	30176	1
19	25703	-1
38	20355	1
31	8345	-1
5	29178	-1
15	132	1
10	12882	-1
4	8686	1
36	22717	-1
35	1648	1
34	8683	-1
28	5194	-1
8	23924	1
42	20082	-1
5	22876	-1
9	14562	1
49	10093	-1
48	14699	1
17	10846	-1
16	14090	1
0	30036	-1
11	2935	-1
40	5820	1
36	12045	1
27	29605	-1
35	24414	1
17	24794	1
28	25521	-1
40	19156	1
30	26014	1
42	1041	1
44	8036	1
47	9244	-1
35	2462	1
42	20913	1
9	13140	-1
14	21734	-1
38	23007	-1
42	22972	1
30	5867	1
30	22297	1
38	17783	-1
12	6868	-1
20	4687	1
8	15312	-1
3	19209	1
20	29324	1
36	23377	1
10	28790	-1
39	8751	1
1	2755	1
18	22637	1
6	14799	-1
44	1570	1
8	21213	1
42	13328	-1
7	12463	1
1	17777	-1
20	5751	-1
17	3626	1
43	12850	1
18	21343	-1
7	10580	-1
16	23017	1
31	31002	-1
13	29243	1
31	30532	-1
46	13974	1
22	6429	-1
46	21972	1
29	7121	-1
8	26430	-1
46	797	-1
21	22163	1
43	17517	1
11	13634	-1
18	3581	1
46	22722	1
46	15450	-1
35	19129	1
7	5454	1
3	26270	-1
3	10487	-1
48	16965	1
1	31068	-1
5	12300	1
46	22493	1
17	17017	1
1	15051	-1
25	17460	-1
3	21351	-1
46	13645	1
27	7953	-1
31	9888	-1
29	94	-1
48	5154	1
18	17863	1
43	17773	-1
7	25381	1
27	29184	-1
34	5489	1
17	17941	-1
4	7333	-1
26	23614	-1
28	9821	1
33	28537	-1
43	2788	1
40	14653	1
46	19230	-1
32	6923	-1
42	12830	1
32	10655	-1
44	483	-1
33	5431	-1
2	23453	-1
34	28850	1
41	26763	1
14	6885	-1
10	26365	-1
3	14891	-1
39	11955	1
6	16517	1
12	19187	-1
13	16089	1
42	13674	1
17	23730	1
23	14722	1
5	6848	1
42	1577	1
30	11493	1
25	23768	1
4	18956	1
10	14233	-1
14	15737	-1
42	109	1
32	22601	-1
25	5478	1
19	16430	-1
44	13434	1
30	27641	-1
19	16469	-1
28	4674	1
44	31042	-1
8	2998	1
4	20755	1
39	15674	-1
36	45	-1
43	8744	1
16	6314	-1
0	292	-1
4	10252	-1
19	26832	-1
35	6425	1
16	3528	-1
6	22167	-1
29	3457	-1
6	11829	1
8	17271	1
42	25015	1
42	29762	1
16	2476	-1
35	29745	1
6	2769	-1
28	2057	-1
21	25572	1
45	15807	1
29	23809	-1
1	22744	1
43	28923	1
42	11502	-1
44	901	-1
9	1652	1
36	5678	-1
39	20501	-1
31	17677	1
37	27883	1
18	17117	1
5	14235	-1
3	24589	-1
43	24644	1
8	8491	1
44	1382	-1
28	29190	-1
23	23618	1
40	11896	1
5	30497	-1
23	4094	1
7	13177	1
2	13440	-1
5	16821	-1
41	29027	-1
31	11859	-1
8	21153	1
12	30200	-1
37	10671	1
0	23924	-1
40	29966	1
49	23800	-1
35	6489	-1
30	27905	1
13	6256	1
44	18347	1
48	23580	-1
30	1888	-1
12	15797	-1
24	24390	-1
7	1364	1
5	22744	1
21	22617	-1
34	27139	-1
2	22980	-1
41	19054	-1
8	30542	1
19	25785	-1
23	7241	1
39	9487	1
25	22453	-1
21	7195	-1
17	10017	1
10	3764	-1
33	30180	-1
20	8300	-1
42	10884	1
34	24722	-1
14	21452	1
13	15762	-1
27	16161	-1
6	17782	1
43	12220	1
31	18962	-1
33	13157	-1
4	25259	1
49	19430	1
32	16679	-1
24	2226	-1
8	2942	-1
8	24880	1
12	18526	-1
38	7643	1
1	12449	1
4	28685	1
30	735	1
40	30546	1
44	21528	1
31	16954	-1
4	29968	-1
1	10348	-1
9	3945	-1
9	17139	1
40	28898	1
40	8679	1
46	29382	-1
41	5905	-1
12	18006	-1
27	4145	-1
20	4084	1
42	22597	1
21	10021	1
42	15418	1
33	17569	-1
13	23686	1
46	27674	1
1	1767	-1
6	22300	1
48	15367	1
13	6141	1
20	398	-1
23	23139	1
26	30079	-1
47	16169	1
48	208	1
4	25234	1
48	28105	1
39	7877	-1
42	11715	-1
40	11476	1
43	7903	1
18	7005	-1
42	20720	-1
37	15309	-1
18	12189	-1
44	2412	-1
21	26423	1
19	14267	1
12	2373	-1
36	22104	1
13	27796	-1
23	30289	-1
40	3225	1
6	24290	1
43	4326	1
5	11982	-1
28	31014	-1
31	19320	-1
13	21083	1
5	26778	1
22	9907	-1
33	6740	-1
40	8226	-1
6	11412	1
43	29074	1
1	23514	-1
49	12351	-1
46	47	1
8	29434	1
34	6081	1
16	3182	1
37	13425	-1
43	8655	-1
48	16724	1
36	1127	1
46	5489	1
2	1330	-1
37	23957	-1
39	7157	-1
16	7091	1
29	12111	1
30	14847	-1
46	10465	1
2	18310	-1
7	10833	1
48	17769	1
40	28575	1
48	2699	1
8	21851	1
46	12044	-1
15	14689	-1
11	26739	1
48	23607	1
10	10617	-1
1	12767	-1
28	17790	-1
7	8536	-1
46	5442	-1
28	26372	1
14	13598	-1
39	12235	-1
22	6680	-1
6	24489	1
27	17774	-1
9	24046	1
24	22173	-1
18	18860	1
8	12336	1
48	28465	1
43	7156	1
15	19499	1
48	15742	1
35	6704	-1
17	8040	1
11	15037	-1
8	18928	1
3	23231	-1
0	5423	-1
2	21476	1
23	3673	1
0	5373	1
15	12712	-1
47	31014	1
45	14805	-1
48	12661	-1
46	21789	1
0	29538	-1
18	1999	1
49	11821	1
5	27742	-1
26	1138	1
44	24351	-1
43	1295	1
26	16697	-1
17	27849	-1
45	23767	1
34	14461	-1
48	21612	1
48	18932	1
8	28441	-1
26	25226	-1
13	19976	1
28	25612	1
42	15960	1
38	16614	-1
10	5621	1
41	16515	-1
1	12731	1
46	6399	1
7	29134	1
4	11826	-1
44	29549	1
42	8055	-1
18	9606	1
18	30407	-1
33	25830	1
2	15025	-1
9	13621	1
0	19682	1
13	15344	1
4	12064	-1
15	208	-1
46	31019	1
44	10691	-1
44	2243	-1
48	668	1
4	25790	1
12	16830	-1
23	16717	-1
40	7658	1
18	4464	-1
13	13377	-1
40	30183	1
40	22789	-1
8	7246	1
28	30860	-1
17	26701	1
41	11112	-1
8	19314	1
13	25251	-1
39	9534	1
14	13063	-1
7	7477	1
42	7773	1
7	26557	1
5	11064	1
38	3346	-1
43	410	1
8	13440	-1
30	6787	-1
37	24077	1
32	24988	1
13	23109	-1
8	17632	-1
46	4022	1
4	14740	1
35	956	1
48	8828	1
40	10257	-1
16	20912	1
0	28785	1
4	9662	1
4	3438	-1
19	13934	-1
7	25318	1
43	25543	-1
11	5190	-1
10	26484	1
21	25454	1
34	17753	-1
35	12486	1
41	16778	-1
10	12049	1
48	5655	1
43	12221	1
28	22706	-1
48	17868	1
42	386	-1
15	763	-1
13	2003	-1
1	6539	-1
38	29457	-1
43	22577	1
18	5119	1
43	8168	1
39	25058	1
46	30534	1
35	24937	1
13	24394	1
10	9544	-1
35	16622	-1
48	1462	-1
36	19325	1
35	8165	-1
40	22196	-1
43	10241	1
3	3996	-1
48	8408	-1
15	3771	-1
21	14495	1
8	5546	1
0	12135	1
9	24126	1
49	4103	1
46	13636	1
48	23092	1
48	10199	1
18	20315	1
14	5331	-1
45	3487	-1
14	19978	1
7	24322	-1
3	16061	-1
7	4984	1
8	30246	1
13	15548	1
8	21637	1
43	9936	-1
6	14159	1
48	2953	1
20	11283	1
3	11653	-1
23	14665	-1
12	7850	-1
16	2310	1
46	25251	-1
38	9091	-1
48	9303	1
46	20505	1
43	4582	-1
20	30267	-1
13	27837	1
0	25713	-1
8	9393	1
5	24923	1
43	11140	1
1	17924	-1
43	4976	1
6	29500	-1
6	10704	-1
17	2007	-1
26	13739	1
20	13341	-1
6	13033	1
24	10788	-1
24	26238	-1
40	16146	-1
8	20350	1
40	9006	1
6	10349	1
44	20860	1
32	23523	-1
12	23758	-1
42	12015	1
43	24897	1
32	16443	1
31	16308	-1
40	25832	1
18	678	-1
36	30247	-1
48	13503	-1
5	12079	1
40	23882	1
5	21091	1
28	24082	1
5	12123	1
47	19335	-1
10	24359	1
45	8765	-1
46	5651	-1
33	25368	-1
10	28556	1
13	17283	1
14	13235	-1
9	3844	-1
5	30745	-1
4	30572	1
23	16100	1
20	20889	-1
1	2225	1
8	29841	1
28	22804	-1
9	30492	-1
42	1628	1
7	26568	-1
46	2903	1
17	7275	-1
5	15394	1
43	24237	1
21	29304	-1
20	21219	-1
35	4115	-1
17	2166	-1
15	1669	1
1	4224	1
23	749	1
48	1271	1
47	13030	-1
26	233	-1
43	4823	1
6	23799	1
43	12880	1
3	9486	1
24	10608	-1
1	24187	1
20	4627	1
6	10691	-1
43	7519	1
5	2189	1
37	9696	-1
43	526	-1
41	18576	1
33	4029	-1
21	13041	1
48	20954	1
46	9123	1
4	16435	1
40	15404	1
4	18208	1
48	26656	-1
38	29176	-1
25	4710	-1
48	20125	1
47	30145	-1
42	21373	1
18	16508	1
16	15361	-1
36	10909	1
13	30702	1
5	2986	1
32	6596	1
6	10512	-1
41	614	-1
1	23178	-1
14	26160	-1
43	15442	-1
43	15221	-1
42	22331	1
49	1067	1
48	15594	1
44	17616	1
13	25607	1
21	26690	-1
12	16822	1
42	6365	1
20	27338	-1
43	21753	1
3	11030	-1
8	9861	1
35	7381	-1
28	14203	1
3	19745	-1
7	10856	1
10	1502	1
24	24021	-1
45	7939	-1
29	11309	-1
37	16580	-1
28	16792	-1
41	3163	1
40	25739	1
5	10073	1
42	3737	1
3	28982	-1
8	25256	1
9	18832	-1
4	28901	1
29	12771	-1
34	13975	-1
1	29556	1
43	1001	1
44	25605	-1
9	17547	1
45	21062	-1
16	13535	-1
31	27963	-1
40	1331	1
21	6761	-1
37	19864	1
33	26232	-1
12	13183	-1
9	27644	-1
37	30154	-1
28	27950	1
13	29000	1
26	30410	1
49	2561	1
43	5376	1
34	14253	-1
10	14412	1
24	29737	-1
8	30740	1
47	6714	-1
4	10344	1
8	21281	1
10	7462	1
34	13439	-1
18	15345	1
8	12269	1
19	19745	-1
1	13090	1
26	11173	-1
8	7812	-1
7	19312	-1
18	22328	1
40	22097	1
29	29378	-1
13	6686	-1
46	11032	1
16	27154	-1
17	1664	-1
7	20971	1
8	22804	-1
28	12708	-1
9	11842	1
43	2276	1
33	30894	-1
43	18694	1
1	6192	1
11	19769	-1
43	29289	1
17	17772	1
13	25233	1
40	6565	1
11	2205	-1
31	1545	-1
22	25426	-1
29	5956	-1
46	10717	-1
13	25832	1
48	3145	-1
34	3114	-1
48	792	1
14	20007	-1
17	24870	1
32	14906	1
23	19504	-1
37	25862	-1
3	7647	1
21	5258	-1
43	2038	1
40	4806	1
22	3665	-1
18	21746	1
2	23156	1
46	16299	-1
4	24586	1
25	5949	-1
8	10825	1
14	5388	-1
48	28304	1
25	2149	-1
8	18619	1
24	23209	-1
37	9515	-1
13	3514	1
45	4581	-1
13	22196	1
47	2926	1
16	11728	1
11	16321	-1
14	18974	-1
39	11835	-1
29	14794	-1
43	15376	1
6	25982	1
10	24789	-1
1	22766	1
42	2520	-1
48	3925	1
21	30597	-1
47	25191	-1
13	3219	1
37	13671	-1
7	4324	1
45	22880	-1
15	11769	1
21	11422	-1
34	26592	-1
47	22440	1
32	12150	-1
22	8814	-1
16	30451	-1
39	22152	-1
8	20626	1
38	3149	-1
0	17101	-1
3	21321	-1
40	17000	1
21	10574	-1
16	13667	-1
14	11428	-1
40	1860	1
40	19245	1
48	5219	1
6	24731	1
33	23843	-1
49	29733	1
40	1565	1
13	11718	-1
1	16656	-1
6	25427	1
39	21557	1
4	26856	1
14	29565	-1
40	22629	1
48	1759	1
48	5435	1
20	16053	1
23	2692	-1
5	6504	1
47	9902	1
38	10404	-1
6	23095	1
4	17325	1
10	23472	1
22	9096	-1
18	12364	1
37	17768	1
42	29245	1
2	20500	-1
6	28062	-1
33	24871	-1
48	15098	-1
5	16102	1
18	26524	-1
18	16054	1
45	18456	-1
9	2158	-1
40	29710	1
5	14445	-1
14	7660	-1
26	10729	-1
8	14271	1
18	14019	1
16	29854	1
13	19079	1
43	6407	1
4	8776	-1
11	3977	-1
17	10889	1
29	8261	-1
46	27446	1
8	6042	1
39	16876	1
49	16613	-1
4	9134	-1
43	6622	1
13	15693	1
27	21530	1
36	5320	-1
22	16057	-1
26	5542	1
13	10641	-1
32	18746	1
43	1359	-1
17	7885	-1
25	944	1
1	25621	-1
18	22375	-1
40	11196	1
5	12087	-1
37	6428	1
46	15081	-1
8	20885	1
28	22867	1
17	7485	-1
46	25595	1
3	27497	-1
40	414	1
47	15464	-1
3	16066	-1
40	23570	1
33	1617	-1
6	18594	-1
26	27047	-1
35	19035	1
46	26506	1
0	2027	-1
24	22383	-1
4	4997	1
36	17729	-1
10	7503	-1
3	3742	-1
24	18074	-1
30	10286	-1
18	20787	1
17	27040	1
0	20377	1
42	544	-1
37	30722	-1
13	8616	1
1	26418	-1
35	4280	1
14	7522	-1
31	4743	-1
40	19230	1
46	27401	1
7	1774	-1
46	28400	-1
32	26705	-1
5	9502	1
25	10885	-1
45	30258	1
16	252	1
4	28611	1
26	19993	1
11	24085	-1
1	3405	1
40	24997	1
23	30857	-1
22	13397	-1
6	3723	1
8	11451	-1
44	23324	1
9	26707	-1
4	30048	1
45	14573	1
46	9955	-1
8	936	1
8	12879	-1
1	7065	-1
8	25266	1
38	23842	-1
7	10732	1
49	10871	1
42	21478	1
6	28648	1
48	22145	-1
44	8434	1
2	23410	-1
46	1009	-1
24	17391	-1
33	22251	-1
30	1128	1
5	13121	1
16	29626	-1
44	4042	1
14	30393	-1
8	1028	1
42	28514	-1
4	17809	1
23	16483	1
4	10923	1
42	5875	1
16	19193	-1
9	25569	-1
11	5341	-1
28	8716	1
27	5335	-1
11	7313	-1
1	15440	-1
16	23796	1
44	7480	1
29	28006	-1
17	16483	1
49	23548	-1
35	24870	1
5	6494	1
7	11944	-1
45	22158	1
45	22589	-1
3	19392	-1
10	20843	1
23	14887	-1
36	3322	1
23	15971	1
49	6049	1
1	24909	1
13	30174	1
43	12288	1
10	11971	-1
28	3051	-1
25	26312	1
40	23899	1
29	30045	1
0	5005	1
16	9429	1
48	6029	1
49	19290	1
17	14219	-1
5	12135	1
45	12162	-1
13	98	1
47	25079	1
43	23493	1
48	22829	1
24	15179	-1
2	8497	1
31	9095	-1
30	16698	-1
43	7497	1
24	21029	-1
29	7543	-1
42	25072	1
43	19636	-1
33	19835	-1
9	26299	-1
40	20195	1
8	8964	1
37	15625	-1
9	24662	-1
32	10205	1
36	20215	1
11	4208	-1
36	10763	1
0	5140	-1
27	25977	-1
1	14171	-1
8	2330	1
13	30753	1
23	24116	-1
1	10039	1
44	5036	1
27	20677	-1
13	11948	1
36	20012	-1
1	25525	-1
1	29168	-1
22	29373	-1
39	29494	1
4	19466	1
18	16411	-1
40	2366	1
10	30496	-1
39	4509	-1
43	22172	1
3	6146	-1
9	12907	1
13	19361	1
48	4012	1
18	15886	1
28	19485	1
17	1300	1
27	29399	-1
36	3268	1
3	19172	-1
22	31060	-1
25	1896	1
13	29442	-1
4	21443	1
30	28697	1
45	24841	-1
5	5686	-1
3	22743	-1
9	2038	-1
48	18511	-1
15	26986	-1
8	19207	1
16	26865	1
7	20017	-1
42	13885	-1
1	3566	1
32	23945	1
0	24535	-1
41	24003	1
19	28430	1
8	9547	1
1	8977	1
6	3788	1
14	28034	1
37	21780	1
46	13889	1
42	1608	1
42	15798	-1
42	26818	1
23	3517	-1
46	5626	1
46	10907	1
39	13235	-1
17	24963	-1
6	20661	-1
39	29967	1
22	22810	-1
1	23233	1
42	29901	1
5	9638	-1
1	1796	1
13	4253	-1
40	20168	1
32	20265	-1
10	3579	1
10	6402	-1
43	12586	1
31	19174	-1
16	16136	1
35	13997	-1
17	877	-1
12	4765	-1
46	11339	1
19	25958	-1
39	3162	-1
46	23480	1
18	22689	1
21	9755	-1
17	4878	1
42	11191	1
11	20373	-1
20	28885	-1
26	24596	-1
22	9437	-1
23	11918	-1
2	20774	-1
23	14364	-1
28	6403	-1
43	23606	-1
4	2866	1
16	18529	1
42	6943	1
4	25237	1
22	24767	-1
40	4909	1
28	4136	1
47	20113	1
6	18108	1
16	4615	-1
24	1656	-1
1	24005	-1
5	9249	1
45	4912	-1
43	29625	1
32	21660	-1
28	3254	1
30	9963	-1
19	18941	-1
48	25999	-1
39	11812	-1
0	10782	-1
43	9445	1
13	16847	1
47	9830	1
28	5818	1
23	7133	1
21	14628	-1
10	30705	1
28	13700	1
8	15984	1
39	16850	-1
1	890	1
4	23529	1
28	4485	1
27	21708	-1
47	20250	-1
5	20594	-1
13	28329	1
24	11945	-1
25	20729	1
14	543	-1
38	24815	-1
12	22837	1
16	7249	1
0	27170	-1
6	22134	-1
2	15506	-1
23	15883	-1
46	4041	1
26	10263	-1
27	2704	-1
48	19230	1
14	10860	-1
4	5987	1
18	19330	1
28	21275	-1
4	23777	1
28	10626	-1
28	14265	-1
16	15335	1
23	30689	1
1	8985	1
46	14512	1
31	29281	-1
6	29329	1
5	25046	1
23	4099	-1
25	20614	-1
27	20313	-1
8	16244	1
8	1698	-1
4	21949	1
32	12473	-1
49	22656	-1
23	9928	-1
48	9637	1
27	27483	-1
40	13120	1
11	13792	-1
29	28146	-1
1	1567	1
31	8122	-1
26	11004	-1
22	9003	-1
0	9186	-1
6	11857	-1
44	27572	-1
20	25549	1
10	31019	1
4	21941	1
23	6581	-1
10	16169	1
27	12100	-1
12	12937	-1
35	5527	1
24	27824	-1
22	20398	-1
47	11383	-1
24	13143	-1
7	17550	1
4	26944	1
3	7378	-1
47	26422	-1
43	21891	1
0	8239	-1
17	3329	-1
32	23323	-1
30	22052	-1
13	12661	-1
48	6901	-1
8	20415	1
38	28029	1
0	8566	-1
13	8541	-1
17	8307	1
8	27700	1
7	27793	-1
41	7750	-1
12	21382	-1
0	10235	1
38	25561	-1
1	13418	1
8	1234	-1
6	1482	-1
27	9586	-1
7	25799	-1
21	8142	1
33	20846	-1
43	2243	1
48	23280	1
45	20450	-1
48	6436	1
12	30645	-1
30	26336	1
31	30425	-1
7	1908	-1
35	23746	-1
6	1813	1
40	8886	1
49	27030	1
43	15152	1
37	12102	-1
43	26655	1
5	16621	-1
8	5460	1
18	26073	1
27	14516	-1
43	6544	1
48	4032	-1
1	11824	-1
16	15979	-1
4	18377	-1
28	24441	1
5	15188	-1
28	18497	-1
0	19623	1
35	2843	-1
10	21340	-1
25	27992	-1
16	5067	1
4	6747	-1
31	6788	-1
44	589	-1
31	21852	-1
16	19213	1
16	27794	1
12	23849	-1
42	2235	1
13	6455	1
35	16061	-1
32	12798	-1
8	10916	1
48	3007	1
1	11525	-1
46	13975	1
16	29109	1
48	8678	-1
11	20191	-1
13	1748	1
8	25575	1
43	27881	1
28	15861	-1
18	6856	1
40	29574	-1
6	9140	-1
23	13411	1
42	16734	1
48	19025	1
27	30943	-1
5	30018	-1
40	4912	1
24	23825	-1
21	18030	1
28	6836	-1
4	20628	1
31	28695	-1
18	4490	-1
48	22882	1
8	17797	1
27	11268	-1
8	23050	-1
40	15634	1
10	3779	1
0	4653	1
8	1118	1
21	7000	-1
35	978	-1
35	29764	1
18	4410	1
32	23926	1
5	63	1
38	15795	-1
12	11410	-1
47	25033	-1
25	24121	-1
44	22704	1
48	29035	1
13	17528	-1
7	8262	1
29	23622	-1
13	10260	1
46	30438	1
22	6653	-1
7	15797	1
46	7731	1
35	6174	-1
48	23992	1
36	16874	-1
40	16256	1
38	16037	-1
5	22233	-1
17	20044	-1
43	492	-1
43	28260	1
48	10750	1
18	1389	-1
40	20290	1
35	22876	-1
8	28622	-1
21	23609	1
5	20866	-1
46	28172	1
4	19018	1
9	18176	1
9	20604	-1
21	3786	1
8	24952	1
40	28201	1
41	28323	-1
39	24505	1
35	823	-1
16	26998	-1
40	25812	1
16	3229	1
3	17446	1
23	14042	1
8	11726	-1
40	10556	1
48	18156	-1
17	6501	1
6	5532	-1
48	6614	-1
41	30587	-1
34	14808	-1
34	30961	-1
8	28874	1
35	9249	1
22	24982	-1
30	11710	1
38	21889	-1
46	27480	1
48	22962	1
13	16684	-1
20	23975	1
28	6834	-1
43	29517	1
13	15607	1
12	29822	-1
31	28174	-1
40	23429	-1
26	17864	-1
14	14685	-1
42	11939	-1
45	8808	-1
5	15647	-1
28	17815	-1
46	12529	1
39	20314	-1
16	27532	-1
21	29874	1
49	8106	1
13	515	1
44	18363	-1
33	21962	-1
32	3670	1
37	1050	-1
0	12075	-1
39	19342	1
11	6833	-1
28	975	-1
13	3216	-1
26	9173	-1
10	25853	-1
49	24259	-1
42	19315	1
26	19626	-1
16	12964	-1
24	4642	-1
1	257	-1
17	1000	-1
0	25973	-1
13	13984	1
3	15491	-1
44	19948	1
1	13798	-1
44	2230	-1
5	3179	1
14	18594	1
48	20376	1
34	29213	1
9	26998	-1
43	20104	-1
41	5251	1
5	24649	1
5	15846	-1
27	8266	-1
3	16514	-1
9	28413	-1
46	9512	1
20	22178	-1
46	4013	1
40	26767	1
24	17878	-1
9	16340	-1
28	20702	-1
42	10785	1
48	16583	-1
17	6349	1
36	26681	-1
48	9855	1
43	7334	1
23	7675	1
10	29342	1
46	24350	1
17	5225	1
2	23575	-1
43	10535	1
29	22067	1
42	13882	1
2	10833	-1
23	12355	1
22	25992	-1
4	5079	1
42	15060	-1
10	11482	1
19	26130	-1
31	24104	-1
17	4749	1
26	16031	-1
1	30027	-1
41	9848	-1
40	26847	1
40	5587	1
29	27294	1
6	30195	-1
43	19462	1
28	26555	1
21	21357	1
20	24562	-1
21	2857	-1
4	27653	1
1	17221	-1
48	1711	1
14	25623	-1
16	21861	-1
1	21754	-1
10	18413	-1
42	29488	-1
42	24437	-1
36	29104	1
5	10878	-1
8	1325	1
42	6434	-1
48	20189	1
44	20507	-1
17	9089	1
32	21666	1
5	29157	1
6	19660	1
29	2627	-1
3	20990	1
36	2980	1
28	4289	-1
14	5777	1
36	27374	-1
22	10636	-1
30	20996	1
43	5854	-1
16	13768	-1
4	18303	1
48	2049	-1
34	17999	-1
33	28915	-1
8	24928	-1
17	19921	1
19	9281	-1
44	2666	1
0	9676	-1
13	22845	1
11	12905	-1
19	20715	-1
41	8692	1
40	28047	-1
47	23009	-1
23	11724	-1
39	30796	-1
46	2465	1
48	18860	1
23	3846	-1
48	627	1
28	1202	1
3	15935	-1
6	727	1
6	19293	-1
17	9107	1
6	30559	1
4	14419	-1
35	20352	-1
31	28963	-1
43	20408	1
8	17171	1
47	22579	-1
11	9593	-1
9	18302	-1
38	25277	-1
21	23816	1
31	25150	-1
38	16513	-1
34	9190	-1
12	1940	-1
48	16899	-1
6	364	-1
25	20515	-1
8	25739	1
39	20701	-1
46	121	-1
24	21204	-1
28	31034	-1
37	7080	-1
26	8809	-1
22	14781	-1
28	18494	1
31	9171	-1
30	13889	1
43	14684	1
36	24489	-1
15	26264	-1
8	30614	1
25	21946	-1
24	4524	-1
1	6998	-1
34	10433	-1
48	6404	-1
47	27138	1
13	471	1
45	3209	-1
46	9601	1
29	7413	1
47	29283	-1
48	339	-1
39	30614	1
27	21775	-1
46	3281	-1
4	22911	-1
15	2122	-1
1	8863	1
43	2557	1
14	18980	-1
27	10974	-1
13	27173	1
40	20215	1
44	26618	1
26	19859	-1
8	18054	1
5	14636	1
45	21047	1
27	1279	1
48	22124	-1
48	30245	1
25	5610	1
13	6930	1
28	191	-1
25	9529	1
43	2990	1
43	21283	-1
28	23751	-1
40	22398	1
7	28007	-1
21	21852	-1
13	22084	1
42	12782	1
47	468	-1
37	21155	1
39	25982	-1
23	15833	-1
44	27817	-1
21	3337	-1
4	6914	1
31	25651	1
4	27637	1
31	15790	-1
27	30919	1
41	13200	-1
35	869	-1
37	5469	1
42	29514	1
32	7214	1
28	12046	-1
38	8082	-1
38	8442	1
42	11304	-1
45	30042	-1
48	7451	1
23	6869	-1
46	26741	-1
22	29844	-1
25	25060	1
11	14388	-1
23	24142	1
46	7151	-1
40	18207	1
41	2458	-1
25	3658	1
4	9270	-1
4	7676	1
36	2088	1
43	5948	1
43	19207	-1
42	19607	1
1	15032	-1
22	13903	-1
5	30844	1
9	18540	-1
8	11861	1
4	19389	1
41	6282	-1
20	19968	-1
12	18736	-1
43	25329	1
48	9635	1
19	18755	-1
8	24245	1
5	30323	-1
1	21315	-1
32	9358	-1
14	4055	-1
4	9658	1
25	9600	-1
8	5812	1
6	14727	1
43	13741	1
9	30750	-1
48	17895	1
30	12185	-1
40	23341	1
5	6324	-1
21	18448	-1
46	19498	-1
20	635	1
31	22386	1
46	9118	-1
15	895	-1
4	24600	1
18	26991	-1
38	12587	-1
8	25834	1
6	18613	-1
26	13342	1
46	1542	-1
5	29890	1
21	21577	-1
38	13901	1
37	4188	1
11	30052	-1
35	28726	1
36	13596	1
42	9040	1
0	9529	1
40	17778	-1
20	29501	-1
49	8713	1
11	27234	-1
33	12939	-1
13	15429	1
40	14941	1
8	26781	-1
40	28044	1
48	20699	1
37	16335	-1
34	29317	-1
8	14261	-1
20	23189	-1
1	8294	1
17	14846	1
38	14996	1
16	1145	-1
48	21506	1
45	30905	-1
44	21377	-1
5	12516	1
48	24543	-1
3	5754	-1
30	17506	-1
25	8656	-1
27	17597	1
13	30254	1
28	15527	1
3	20563	-1
13	13156	-1
6	14129	1
7	18399	-1
25	8742	1
46	16802	1
40	27519	1
29	23610	-1
13	12333	1
18	18527	1
10	8267	1
6	9511	1
15	1680	-1
23	23587	1
35	12695	-1
31	23967	-1
34	10190	-1
35	20726	-1
47	11750	-1
10	4364	1
8	4666	1
32	16964	-1
10	30249	1
40	7676	-1
43	17401	1
31	4968	-1
34	24693	1
11	19426	-1
46	2456	-1
22	21736	-1
18	2739	1
28	10383	-1
42	20511	1
46	10671	-1
47	10885	-1
38	30163	-1
15	29621	-1
45	29877	-1
4	1473	-1
24	22999	-1
29	15557	1
37	3917	-1
7	26603	1
10	28413	-1
5	24935	-1
27	22397	1
16	20443	-1
27	9855	1
17	28130	-1
40	28893	1
41	15467	-1
43	16669	1
17	28172	-1
17	16578	1
7	10103	-1
48	19159	-1
6	10063	1
46	20428	1
9	57	1
4	27059	1
10	25993	1
7	5109	-1
23	19207	-1
27	27742	-1
28	28779	1
11	18760	-1
48	9172	1
46	3892	1
28	1132	1
29	18444	-1
28	26539	-1
13	20388	-1
24	2143	-1
9	3972	1
48	29114	1
49	7157	-1
7	25134	1
25	25137	-1
41	20939	-1
28	18088	1
28	9491	1
43	4091	1
21	216	-1
15	544	1
28	634	-1
46	29331	1
8	1066	1
17	17303	1
46	16473	-1
41	11679	-1
34	17930	1
34	2631	-1
3	30291	-1
25	7378	-1
48	1722	1
1	22897	1
33	3989	-1
49	13274	-1
22	20372	-1
13	15149	1
9	7836	1
30	17826	1
43	776	1
13	26571	-1
49	8369	-1
24	9175	-1
47	761	-1
40	29818	-1
13	29421	1
9	24210	1
9	10575	-1
5	13651	1
7	20693	1
23	21271	1
17	13607	-1
10	15531	1
17	26387	-1
16	1859	1
45	6293	1
7	407	1
5	25262	1
8	17373	1
49	15936	-1
6	5905	-1
40	8200	1
40	30954	1
17	26088	-1
32	13322	-1
9	18784	-1
43	6229	-1
35	5693	1
27	28408	-1
13	30353	1
8	28793	1
17	30967	1
4	28072	1
26	24274	1
44	3898	1
23	10046	-1
46	12835	-1
8	12	-1
17	22859	1
7	6939	1
34	18480	-1
13	2578	1
29	29444	1
12	26750	-1
43	18515	-1
40	24998	1
2	12217	1
15	14343	-1
26	16485	-1
13	6351	1
13	26271	1
10	28496	1
46	22727	1
27	20139	-1
30	11826	1
8	2829	1
18	17737	1
42	18711	-1
9	23831	-1
48	16096	1
13	29139	-1
10	9779	-1
48	22442	1
6	13416	-1
17	24111	-1
35	28468	-1
8	12428	1
45	3283	-1
48	30826	1
6	14764	-1
31	25000	-1
7	1910	-1
13	9040	1
35	31002	-1
26	24941	-1
43	9867	1
26	18617	-1
48	6466	1
48	17917	1
21	14476	1
0	29739	-1
43	29906	1
48	3990	1
43	7832	1
8	8668	1
40	27085	1
35	4878	1
31	19807	-1
1	20264	-1
27	10241	-1
42	4406	1
43	21295	1
46	12976	1
35	3969	-1
6	11357	1
0	27460	-1
4	5778	1
45	22679	-1
15	3039	-1
16	30109	1
38	6970	-1
4	28500	1
8	30291	1
7	17963	-1
3	17816	1
46	15882	1
48	712	1
10	21962	-1
23	16784	-1
43	27342	1
18	18193	1
5	366	-1
15	12603	-1
39	2207	-1
47	1849	-1
13	12558	1
27	853	1
17	15004	1
19	5779	-1
0	29728	1
15	2185	1
36	15803	-1
32	10936	-1
14	27478	-1
48	17410	1
41	10751	-1
16	7597	1
16	7639	1
7	18050	1
1	29959	-1
35	26105	1
46	24040	1
46	18117	1
30	31004	-1
28	26776	-1
30	28610	1
9	29454	1
20	27268	1
13	8923	-1
15	5214	-1
23	13103	1
41	20177	-1
37	2800	-1
1	2229	1
42	30005	1
40	29044	1
49	17950	-1
44	27888	1
45	25181	-1
43	1796	1
44	14377	-1
18	19309	-1
48	25663	1
21	11079	-1
38	395	1
17	9110	1
4	27894	1
21	29586	1
37	10369	1
44	20945	-1
11	30128	-1
48	15661	1
20	27277	1
44	23547	1
38	7568	-1
6	720	-1
37	12280	-1
25	18586	-1
39	28280	-1
28	24905	1
5	29858	1
8	27671	1
27	0	-1
8	29792	-1
49	29403	-1
0	17690	-1
12	18280	-1
34	20885	1
48	26061	1
15	8159	-1
37	23376	-1
42	5719	1
25	992	-1
35	1934	-1
36	24014	-1
24	2365	1
35	27844	1
4	26498	1
49	15301	-1
32	24272	-1
44	30379	1
12	8823	-1
34	6886	-1
31	2690	-1
3	13617	-1
12	24067	-1
4	27213	1
44	1043	1
43	20281	1
12	7487	-1
18	27158	-1
39	6629	-1
21	14145	-1
28	15013	1
20	24207	1
28	11564	1
8	1803	1
40	7809	-1
27	19900	-1
26	26619	-1
4	27752	-1
7	5747	1
48	23087	-1
11	14234	-1
43	20598	1
38	8463	-1
10	20736	-1
34	4358	-1
10	30358	1
3	10275	-1
49	19389	-1
4	859	1
38	19744	-1
30	19911	1
41	30620	-1
49	19541	1
4	10407	1
23	19184	1
12	5012	-1
4	903	1
7	19487	-1
26	16725	1
39	29477	-1
1	17412	-1
26	28122	1
20	21097	-1
41	5148	-1
10	11731	-1
39	21550	1
9	27727	-1
10	27372	1
35	11870	1
18	16843	1
34	6923	-1
7	18025	1
22	12794	-1
4	22231	1
13	27698	1
6	5557	-1
40	3043	1
31	9524	-1
48	21193	1
5	6395	1
5	2657	1
36	22859	1
6	23222	-1
7	10588	1
27	18452	-1
46	195	1
27	7793	-1
43	6226	1
48	10186	1
45	12893	1
13	23819	1
34	15899	-1
7	9880	1
46	16856	1
48	3546	-1
4	21549	1
47	17013	-1
23	24160	1
8	18892	1
29	21400	-1
7	1553	-1
37	13553	-1
38	27264	1
34	4712	-1
43	7855	1
29	17261	-1
26	10901	-1
23	24482	1
10	12821	1
42	26965	1
36	30272	-1
49	1660	-1
0	23462	1
12	8210	-1
1	1738	-1
28	16328	-1
17	3863	-1
43	17972	1
45	9061	1
12	26733	1
29	25432	-1
3	26163	-1
13	18365	1
48	22231	1
5	77	1
16	10361	-1
34	18833	-1
10	5806	1
6	10249	1
10	25806	-1
13	14793	-1
17	26646	-1
46	21001	1
49	28759	1
15	24	1
25	4769	1
46	17390	1
32	22158	-1
12	26028	1
11	958	-1
47	23056	1
30	20400	1
4	17331	1
46	16992	1
13	30922	1
14	29541	-1
9	18017	-1
23	8367	-1
5	7337	-1
26	8984	1
1	26097	-1
5	18878	1
44	17282	-1
14	10684	1
48	13262	1
39	25733	1
36	25388	1
29	7841	1
38	10637	-1
4	13647	1
28	16014	1
5	21959	-1
24	18082	-1
17	30133	1
0	9109	-1
23	17552	-1
0	30075	-1
4	11884	1
22	446	-1
1	20454	-1
8	9367	-1
39	15765	-1
26	1607	-1
19	636	1
29	24020	-1
7	28881	-1
39	14672	-1
29	30415	-1
46	5890	1
6	24415	-1
37	11330	-1
31	4425	-1
43	9188	1
16	12176	-1
13	17741	1
18	3969	-1
43	19737	1
6	6644	1
12	27681	-1
23	5882	1
25	18565	-1
12	14672	-1
18	23869	1
4	9805	1
49	17113	1
23	14357	1
31	24341	-1
21	17568	1
47	25299	-1
47	17131	1
48	11995	1
42	25432	-1
46	2836	1
2	29645	1
48	4432	1
32	4244	-1
8	24869	1
49	7062	-1
21	9941	-1
4	17974	1
10	18480	1
13	18991	-1
7	7492	1
48	27165	1
48	23010	1
4	5104	1
9	5656	-1
16	29692	1
49	13668	-1
34	11736	-1
3	3710	1
23	23840	-1
8	18988	1
44	26639	1
32	3324	-1
22	15874	-1
2	30408	-1
0	6052	1
43	4251	1
42	24809	1
1	8808	-1
0	30217	-1
30	9243	-1
42	9836	1
44	11167	-1
46	25691	1
46	10790	1
22	737	-1
5	1702	1
17	13324	1
20	14249	1
8	16203	-1
41	23049	1
4	20914	1
42	29465	1
16	20765	1
19	16225	-1
11	20887	-1
21	27687	1
10	27420	1
36	23807	1
34	29932	-1
19	21354	-1
45	9543	-1
28	18938	1
8	27257	1
40	11518	1
48	16313	1
20	3726	-1
6	24900	-1
4	26880	-1
49	24905	-1
41	11559	-1
34	25390	-1
17	5639	1
37	11801	-1
0	26906	-1
45	27215	1
16	1773	1
23	24853	1
1	9001	-1
17	5765	-1
48	14947	1
37	14208	1
48	206	1
34	9448	-1
0	13941	-1
18	24946	-1
8	25342	-1
1	30051	1
48	22119	1
35	28487	1
49	20013	1
39	23743	-1
42	15213	1
0	6655	-1
25	24170	1
17	7695	-1
5	25153	-1
1	24068	1
13	29011	1
45	3791	-1
46	20832	1
8	6110	1
2	15186	-1
4	8638	1
42	21287	1
48	2065	-1
46	27153	1
46	12451	1
8	11318	1
47	7962	-1
45	24457	1
30	24481	-1
31	27181	-1
16	24571	-1
30	15815	1
40	27297	-1
18	24575	1
28	22286	1
25	5161	-1
24	25405	-1
42	23236	1
20	22118	-1
19	9523	-1
47	28402	-1
1	17508	1
7	6348	1
7	22172	1
6	30387	1
29	16699	-1
25	30634	-1
41	5913	-1
21	26107	1
7	15789	1
47	11928	-1
28	11802	-1
42	26358	-1
3	16921	-1
11	12008	-1
18	26626	-1
46	12283	1
37	29378	-1
48	23414	1
29	18614	-1
41	14710	-1
45	25669	-1
1	25954	1
1	7529	1
47	24887	-1
14	20841	-1
43	16643	1
6	5750	1
43	26576	1
41	10378	-1
35	25396	-1
14	22661	-1
7	2924	1
21	51	-1
17	13041	-1
43	19044	1
30	18987	-1
43	19034	1
31	21521	-1
13	12840	1
16	19876	-1
46	12715	1
16	14078	1
40	5957	1
44	28471	1
36	24743	1
38	3684	-1
46	8164	1
46	5506	1
45	3856	-1
35	9538	1
17	9766	1
7	15986	1
38	29497	-1
6	1062	1
8	18467	-1
0	29703	1
17	27388	-1
15	15505	-1
39	16370	1
16	23305	-1
46	8810	-1
24	11919	-1
8	26805	1
7	13042	-1
44	5327	-1
6	990	1
43	18709	1
6	7272	1
35	14397	1
46	5517	1
4	28226	1
5	6137	-1
5	14191	1
12	15963	-1
42	16532	-1
28	3240	-1
45	5356	-1
43	20339	-1
43	14414	-1
28	3362	1
48	15935	1
8	17000	1
4	1561	1
46	1043	1
39	9791	1
44	29440	1
31	18674	1
36	7473	-1
27	548	1
31	28219	1
30	7061	-1
45	6363	-1
16	19082	1
29	12252	1
25	28724	-1
42	28300	1
9	14008	-1
25	15403	-1
8	26917	1
46	12752	1
1	9352	-1
21	6050	1
41	26242	1
34	13558	-1
23	5680	-1
43	11186	-1
6	5196	1
14	26730	-1
3	5893	1
13	30200	1
0	22560	1
14	21052	-1
42	24479	1
45	21519	-1
8	212	1
38	13293	1
28	14930	-1
4	30805	1
0	568	-1
4	30481	1
45	25156	1
13	28890	1
7	28173	1
4	11119	-1
39	28493	1
19	21026	-1
40	22392	-1
35	24591	-1
16	7254	-1
10	12989	1
35	10046	1
36	10509	-1
48	16470	1
42	4344	1
42	30113	1
43	28936	1
6	22545	1
33	29442	-1
43	522	-1
30	13775	-1
32	1505	1
4	5348	-1
48	1702	1
19	12349	-1
5	23268	1
12	10104	-1
7	15150	-1
17	18612	1
7	23183	-1
3	23352	-1
34	8486	1
11	8394	-1
41	15540	-1
9	5893	-1
13	27314	1
48	15527	-1
16	5481	1
8	7405	1
43	26654	1
3	27641	-1
29	29864	-1
18	8417	-1
23	23360	1
44	27500	-1
8	22452	1
9	12245	-1
2	18894	1
19	6294	-1
25	27938	-1
40	11352	1
1	20265	1
5	17724	1
41	8787	-1
46	429	1
48	23761	1
4	4720	1
29	2964	-1
18	15538	1
42	13404	-1
4	11705	1
16	20999	1
8	18652	1
28	5487	1
48	28848	-1
6	13810	1
19	30991	-1
39	30294	-1
40	4222	1
13	30054	-1
48	2908	1
6	17522	1
18	20257	1
38	8674	-1
43	26423	1
28	26217	1
8	8425	1
44	24850	1
6	576	1
7	15828	1
1	13558	1
18	23276	-1
31	10919	-1
10	19040	1
29	23965	-1
25	12891	1
41	22535	-1
4	5689	1
36	21846	1
26	11336	-1
29	24796	-1
42	1311	-1
48	11097	1
21	4464	-1
8	17053	1
9	3040	-1
46	29465	1
19	20640	-1
2	3901	-1
6	17898	1
35	19419	1
22	20935	-1
28	25282	1
21	1666	-1
43	22522	1
4	8380	-1
46	11532	1
0	23463	1
13	28923	1
8	311	1
9	18547	1
24	5971	-1
49	1445	-1
46	30390	1
46	7480	1
32	28325	1
17	997	1
40	22308	-1
20	16211	-1
32	3877	-1
16	20671	-1
6	2681	1
41	20520	-1
24	11242	-1
7	17474	1
2	3455	-1
16	24435	1
2	8149	-1
0	16880	1
42	25812	1
4	14037	1
42	10125	1
35	5478	1
4	23046	1
46	17155	-1
42	16095	1
16	5273	-1
39	30970	-1
22	3395	-1
1	1134	1
28	718	-1
1	14745	1
43	713	1
16	1459	-1
43	20095	1
48	7238	1
27	7852	1
21	11596	1
36	10662	1
9	7033	1
32	22405	-1
9	5877	-1
28	25320	1
46	8947	-1
16	23391	-1
26	24639	1
46	10005	1
31	19884	-1
29	24790	-1
9	8520	-1
43	29472	-1
46	5580	-1
5	25413	-1
5	3868	1
43	7930	1
12	26110	-1
3	30746	1
19	24047	-1
19	2456	1
7	8782	-1
6	29808	1
0	16613	1
17	14104	1
2	6588	-1
2	2522	1
49	26507	1
42	27908	1
1	15499	-1
46	14675	1
10	20767	-1
39	4383	-1
11	22030	-1
13	9372	1
20	948	-1
21	6291	-1
8	15848	1
42	11484	1
39	10034	-1
47	8461	-1
9	23406	-1
48	20913	1
44	17904	1
48	22717	-1
46	11386	1
32	17399	1
48	1718	1
45	4264	1
39	7181	-1
43	20847	1
14	23454	1
48	6929	1
43	16455	1
19	2398	1
8	25065	1
5	98	-1
1	8980	1
18	24919	1
8	26478	1
28	20276	1
40	20451	1
1	24748	-1
43	14391	1
13	2247	1
34	17052	-1
43	21367	1
13	5578	-1
6	17090	1
43	11022	1
18	26408	-1
44	7178	1
34	23169	1
49	13654	-1
17	23225	1
24	4837	-1
43	13079	1
46	1534	1
41	18711	-1
42	3730	-1
32	23769	-1
2	12234	-1
29	25057	1
48	11982	-1
38	8922	-1
3	15419	-1
6	18684	1
21	16754	-1
28	26322	1
40	10417	1
48	20537	1
8	310	-1
46	3978	1
46	22105	1
34	26429	1
14	13967	1
5	22955	-1
34	7701	-1
48	10438	1
5	4420	1
28	27318	-1
8	30976	1
24	16973	-1
23	6349	1
36	23126	-1
43	28563	1
30	2601	-1
9	9499	1
5	20418	-1
42	11950	1
15	9624	-1
26	13004	-1
16	7171	1
23	26464	1
35	23730	1
11	18505	-1
16	24104	1
49	10983	-1
13	15214	1
49	20312	-1
46	29810	1
16	26702	-1
19	19044	-1
40	14275	1
45	23471	1
6	17184	1
43	30395	1
17	5135	-1
7	20537	-1
8	16609	1
40	9637	1
30	5888	1
39	7927	1
38	2035	-1
12	12461	-1
43	8301	1
29	2526	-1
6	1746	1
7	14383	-1
36	2143	1
13	4838	1
27	7118	1
48	1534	1
8	264	1
23	28005	1
43	3474	1
48	4559	-1
26	5078	-1
38	5327	-1
14	15042	-1
16	2300	1
20	2397	-1
26	5650	1
43	22559	1
0	14087	-1
40	29007	-1
40	8590	1
43	7041	-1
49	19765	1
7	22609	1
48	1055	-1
20	13175	1
0	14584	1
43	3471	1
46	29831	1
33	25680	-1
31	9572	-1
46	11040	1
42	23826	1
12	18481	-1
44	15499	1
6	20915	1
15	101	1
19	2148	-1
1	3322	1
49	21460	-1
48	7393	1
1	9689	-1
43	8501	1
31	29476	-1
41	4386	-1
6	11370	1
9	17153	-1
45	30340	1
48	20806	-1
35	16377	-1
13	16216	-1
22	12880	-1
8	20396	-1
38	26940	-1
6	28880	1
4	1244	-1
6	24436	-1
21	10950	1
5	30189	1
21	6331	-1
31	10231	-1
11	2918	-1
45	13377	1
35	17722	-1
42	25691	1
24	27332	-1
29	20439	-1
30	15914	1
49	17530	1
28	23612	1
6	23650	1
47	20450	1
13	5844	1
48	3371	1
18	15191	-1
21	15114	-1
38	22514	1
13	12357	1
37	7542	-1
5	22047	1
23	5634	1
17	23502	1
19	6327	-1
18	4444	-1
45	14584	1
6	12061	1
35	15935	-1
46	3612	1
46	6163	1
24	2971	-1
13	29315	1
40	2837	1
5	11528	-1
42	2454	1
21	6396	-1
8	19914	1
42	13352	-1
46	16487	1
30	8473	1
43	7214	1
8	14066	-1
48	22687	1
23	23838	-1
20	11264	-1
13	31	1
40	29839	1
26	4355	1
38	6362	1
32	27857	1
27	21178	-1
3	26814	1
2	7218	-1
49	6065	-1
3	11741	-1
44	8743	-1
43	3683	1
42	9863	-1
42	23288	1
24	15163	-1
47	5732	1
38	29563	1
40	20235	1
7	6833	1
39	22979	1
19	2758	-1
2	14162	-1
4	23609	1
42	18603	1
35	29519	-1
37	19894	-1
29	30592	1
9	22274	1
0	29125	1
13	5043	1
14	20641	1
20	19433	-1
20	30478	-1
28	18981	1
30	8608	-1
43	14837	-1
8	27406	1
30	5401	1
26	21168	-1
6	24787	1
14	8081	-1
33	14860	-1
30	10473	-1
48	2622	1
43	11212	1
27	24055	-1
21	12344	1
4	20860	1
36	10766	1
1	16022	1
6	7386	1
9	30288	-1
42	27911	1
45	5294	-1
31	18115	1
43	28354	1
44	2207	-1
6	1874	1
37	21191	1
35	4857	1
36	21008	-1
26	1137	1
46	5624	1
48	3151	1
4	26677	1
42	2769	-1
7	11779	1
10	13156	-1
8	7064	1
47	4323	-1
40	24919	1
13	28801	1
24	4713	-1
36	27477	-1
42	28959	1
10	4706	-1
21	10836	1
42	9576	1
18	5509	1
38	9455	1
0	3432	-1
40	6503	1
13	1982	1
1	14527	1
23	1300	1
30	10576	-1
29	10806	-1
48	6136	1
46	7087	-1
43	21207	1
45	3681	-1
40	7033	1
43	30496	1
35	21022	1
18	17111	1
43	27793	1
37	10610	1
8	6356	1
13	23992	1
43	26595	1
38	27733	-1
30	29369	-1
46	5325	-1
21	29876	-1
26	24967	-1
13	20998	-1
36	7996	-1
48	13797	1
1	19163	-1
7	19507	1
6	10655	1
8	14776	1
36	21091	1
40	9307	1
34	6838	-1
47	3589	-1
48	23485	1
46	23107	1
8	9065	1
19	26970	-1
18	14016	1
35	4152	-1
12	20478	-1
37	17987	-1
48	1475	1
8	19501	-1
29	10842	1
8	9439	1
40	13779	1
40	10363	1
45	13964	-1
41	27151	-1
30	8555	-1
8	28325	1
41	30473	1
48	26214	1
6	20255	1
16	28615	-1
36	4615	-1
27	10104	-1
47	7759	-1
40	24913	-1
44	12654	-1
32	28454	1
16	9101	1
7	5014	1
16	28230	1
18	15883	1
46	25563	-1
16	10060	-1
23	14211	-1
5	19973	-1
36	16776	-1
48	7526	1
13	6274	-1
26	22088	1
5	4557	1
8	11711	1
17	14932	1
12	13421	-1
17	4885	-1
24	16897	-1
11	27944	-1
7	28025	1
27	28923	-1
36	6893	1
31	27780	-1
45	15043	1
22	12736	-1
1	26925	-1
20	22919	1
1	19443	-1
48	5366	1
45	6606	1
25	22144	-1
17	21493	1
22	10763	-1
16	4701	1
13	26546	1
46	16278	1
17	6374	1
13	19011	1
41	21668	1
35	2661	-1
32	3698	1
3	20730	-1
8	1382	1
18	897	1
5	6093	1
3	18271	-1
48	8507	-1
2	1069	-1
32	15702	-1
47	12327	-1
29	1056	1
1	3884	-1
8	4619	1
29	12922	-1
40	28899	1
18	6431	-1
30	11176	1
29	8272	-1
27	13807	1
12	20745	1
41	597	-1
16	7684	1
30	18820	-1
47	27933	-1
5	1304	1
21	16668	-1
39	29983	-1
46	978	-1
45	5427	-1
7	18916	1
26	20971	1
43	13199	1
5	22532	-1
32	2854	-1
38	9161	-1
17	18339	-1
28	1979	-1
1	17820	1
13	17233	1
43	9133	1
27	11774	-1
40	12503	1
48	27645	-1
41	30354	1
40	23707	1
35	19762	-1
23	29447	-1
48	22127	-1
8	3230	1
40	28398	-1
16	6485	1
12	3655	-1
13	10295	1
40	26689	1
27	14306	-1
46	12501	1
16	2221	1
34	26125	-1
42	776	1
16	25450	-1
32	2021	-1
20	21389	-1
4	30541	1
48	27987	1
33	1188	-1
43	22058	1
46	2121	1
25	9763	-1
16	21151	1
10	15850	1
13	29569	-1
15	17124	-1
7	26551	-1
40	28704	1
22	14896	-1
4	2534	1
27	14321	-1
48	11918	1
20	28428	-1
8	19816	1
4	16978	-1
9	15413	-1
29	21163	-1
20	23494	-1
7	10477	1
43	30473	-1
16	23496	-1
42	11760	1
10	13090	-1
16	26079	-1
17	29521	-1
42	17015	-1
26	28471	-1
10	17789	-1
35	28911	1
33	6957	-1
26	10573	1
39	3415	-1
8	4674	-1
18	4388	-1
10	26616	-1
44	17032	1
4	14365	1
48	24539	1
35	14371	-1
14	29706	-1
46	27176	1
32	23451	-1
37	29	-1
10	824	-1
31	27825	1
44	8047	1
9	4078	-1
7	1466	1
48	30187	1
11	25827	-1
19	30785	-1
35	51	1
36	22609	-1
1	30711	-1
14	4778	1
13	735	1
5	999	-1
45	29204	1
17	20890	-1
2	30330	-1
15	7645	-1
24	9233	-1
4	24233	1
47	19029	-1
29	1714	1
42	17826	-1
41	9916	-1
33	9686	-1
6	4635	1
4	2133	1
6	15456	-1
45	27343	-1
38	2433	-1
8	1186	-1
3	16239	1
42	15458	-1
46	16465	1
0	4007	1
16	13773	1
8	18514	1
6	23255	1
38	5800	-1
1	13871	1
48	13057	-1
42	3731	1
24	4458	-1
46	12083	1
9	18377	-1
42	18186	-1
39	7292	-1
31	7173	-1
28	4601	-1
46	2833	1
13	187	-1
27	8461	-1
13	24509	1
40	9414	1
18	25109	-1
48	1258	-1
12	14569	-1
4	3892	1
37	15815	1
8	23179	1
20	16039	-1
28	17973	-1
15	29144	-1
5	15158	1
39	28028	-1
48	13955	1
46	17705	-1
42	3021	-1
32	29085	-1
30	8842	-1
46	8499	1
42	18281	-1
12	7854	-1
42	6139	-1
16	31035	-1
43	26061	1
16	17888	-1
37	2368	1
28	29045	-1
35	18559	-1
36	16458	-1
11	10069	-1
36	1027	-1
11	8245	-1
42	28504	-1
36	22005	-1
46	14769	1
22	9635	-1
40	10706	1
35	26440	-1
46	933	1
38	29510	1
13	18899	1
46	16985	1
6	9809	-1
10	13977	1
36	16610	1
35	1861	-1
14	29217	-1
48	29442	1
16	18580	1
48	1769	1
7	27319	-1
42	11430	1
35	27285	1
28	1287	1
34	15441	1
39	28630	-1
9	5191	-1
17	19217	1
48	27888	1
44	1965	1
43	545	1
13	6563	1
46	18347	1
44	13910	1
0	30963	1
23	15148	1
8	24070	1
40	3220	1
1	14773	1
27	125	-1
40	10060	-1
46	21829	1
4	22152	-1
8	4016	1
7	29258	-1
8	19309	-1
6	14902	1
7	14753	1
6	16507	-1
38	3718	-1
31	4597	1
18	17145	-1
32	30936	-1
21	5291	1
38	5085	-1
7	25076	1
8	20126	1
22	19666	-1
1	9254	1
4	7050	1
46	24021	1
18	19795	-1
5	24037	1
36	19056	1
45	19321	-1
22	13582	-1
16	20823	-1
45	23325	-1
6	24208	-1
8	3821	-1
6	8323	1
6	29710	1
7	12603	-1
46	18324	1
22	15776	-1
45	31003	1
3	9280	-1
14	25379	1
15	8079	-1
24	29247	-1
45	25386	-1
30	27855	-1
43	20443	1
8	25874	-1
5	26957	1
23	10689	1
45	8803	-1
40	20976	1
41	7406	-1
17	15494	1
49	3445	-1
48	9302	1
17	20551	-1
40	17385	-1
7	8668	1
21	13227	1
45	15103	-1
45	22627	-1
0	25255	-1
13	29815	1
43	17788	-1
46	19357	1
29	11161	1
24	4359	-1
46	20844	1
18	21021	-1
1	26936	1
44	19944	-1
46	4486	1
4	29906	1
43	3897	1
49	22412	-1
43	1071	1
13	4056	1
2	21510	-1
14	23986	1
41	4330	1
42	16243	-1
18	8493	1
1	1403	-1
1	22909	-1
4	18744	1
48	20552	1
37	17221	-1
1	25200	-1
38	12115	1
17	24526	-1
10	21376	1
40	10050	1
40	29544	1
22	27498	-1
8	30724	1
48	7573	1
35	17689	-1
46	11797	1
18	22093	-1
4	6635	1
48	17671	-1
48	884	1
10	8154	-1
30	19856	-1
37	23620	-1
7	26495	1
18	10561	1
28	21306	-1
35	2241	1
36	18531	-1
30	16447	-1
48	28932	-1
35	21631	1
10	10839	1
47	10083	-1
13	30642	1
4	28650	1
44	26718	1
12	4590	-1
47	4139	-1
17	8999	1
10	30812	-1
39	15741	1
1	16590	-1
6	17502	1
33	22377	-1
42	13232	-1
48	1273	-1
46	27498	1
44	5563	1
42	4650	1
9	17971	1
1	10171	1
33	12562	-1
49	11418	1
37	22025	-1
43	30772	1
4	20798	1
35	7692	1
44	19240	1
26	21995	1
45	28076	-1
45	25544	1
1	25849	1
19	30595	-1
8	1378	1
32	10032	-1
20	19268	-1
40	24964	1
46	11463	1
13	1848	1
15	25285	-1
29	23739	-1
3	27079	1
9	23147	-1
31	13044	-1
40	17853	1
35	30155	-1
35	18575	-1
46	14688	1
18	9627	-1
40	17055	1
42	465	1
30	12219	-1
21	27334	1
44	11009	1
37	16250	-1
7	4615	1
1	14182	-1
38	17004	1
4	30776	1
13	19202	1
4	24220	1
6	29324	-1
6	2475	-1
4	27444	1
34	20228	-1
35	8013	-1
24	3307	-1
3	9145	-1
43	7515	1
8	6593	1
42	13941	1
47	18503	1
8	27737	-1
14	3286	1
21	2944	-1
14	17228	-1
16	9487	1
27	29636	1
48	12282	1
18	27059	-1
24	6073	-1
13	28321	1
8	11233	1
27	20680	-1
0	17102	-1
23	5628	-1
40	15036	1
22	5235	-1
49	3900	-1
2	9493	-1
4	3496	1
15	14890	-1
10	30709	-1
19	30270	1
2	21729	-1
39	157	-1
22	21594	-1
13	11813	1
2	19541	-1
13	9663	1
16	18334	1
28	16945	-1
8	20173	1
13	1804	1
48	27837	1
26	11361	1
13	17573	-1
42	25408	1
41	12057	-1
33	4351	-1
26	9638	-1
40	5352	1
20	9923	-1
5	25029	1
24	11910	-1
0	7311	-1
6	30397	1
14	4915	-1
7	5759	1
18	27486	1
13	15234	1
21	17595	-1
1	11267	-1
46	25369	1
46	9201	1
8	4048	1
42	27078	1
4	27847	1
33	26918	-1
7	17139	1
15	1748	-1
46	12791	1
13	26619	1
40	3625	1
22	20326	-1
27	30284	-1
27	28768	-1
32	20008	-1
48	11713	1
7	26793	1
47	4390	-1
36	22241	1
21	8163	1
6	24439	1
13	5957	1
23	1541	1
1	12630	1
21	11741	-1
37	25757	-1
31	28310	-1
28	28728	1
46	6116	-1
4	23776	1
47	2461	-1
44	4290	1
43	27703	1
6	18943	1
6	16304	1
7	11473	1
28	29430	1
7	3691	-1
49	28860	1
21	25790	1
35	24024	1
45	3467	-1
39	3913	1
25	9184	1
16	11621	-1
15	25491	-1
46	20359	1
29	25616	-1
20	8693	-1
16	15109	-1
7	15052	1
14	28166	-1
30	15770	-1
28	26535	1
17	10248	-1
49	1004	1
46	9360	1
36	10138	-1
36	6087	-1
15	2574	-1
27	27895	-1
8	6777	1
36	12771	1
18	6587	-1
43	12032	1
35	12608	1
48	27215	1
43	12333	1
5	28725	-1
46	26161	1
6	10314	-1
43	20863	1
39	29475	-1
4	20067	1
39	15596	-1
17	18243	-1
33	19101	-1
45	28947	1
8	29488	1
18	27447	-1
9	19244	1
30	13426	-1
1	12012	1
39	6090	-1
9	7777	-1
18	8294	1
9	4134	-1
5	7128	-1
8	12760	1
44	28507	1
11	30018	-1
17	22682	-1
36	6822	1
37	18220	1
49	15184	-1
7	1480	1
22	24659	-1
28	12574	1
40	1095	1
18	5959	1
13	3842	1
33	27773	-1
32	25745	-1
43	12985	1
29	666	1
11	23462	-1
13	21858	1
16	1393	1
35	22065	-1
48	12322	1
14	21798	-1
32	26814	-1
17	2197	-1
36	18035	1
7	29920	-1
39	27878	-1
40	16402	-1
13	30633	1
29	17374	1
13	5760	-1
49	17519	-1
12	256	-1
49	28108	-1
46	3497	1
41	9730	1
39	22253	-1
30	12409	-1
43	6946	1
48	14029	1
35	19491	-1
23	4913	1
23	11394	1
6	9807	1
3	4666	-1
41	3201	-1
13	20203	1
20	18909	-1
18	5112	1
9	26038	-1
0	3675	-1
17	1663	1
46	11202	1
24	5681	-1
21	506	1
13	26714	1
9	9115	-1
4	27617	-1
39	7214	1
20	30253	-1
18	539	-1
29	2843	-1
39	14935	-1
2	13319	-1
2	12203	1
20	23037	1
27	15465	-1
47	8501	-1
23	10530	1
46	25622	1
23	20504	1
34	4462	-1
42	7366	-1
6	5506	1
10	20635	-1
17	11240	1
49	16031	-1
37	5112	1
21	10559	-1
43	19825	1
26	23313	-1
34	10166	-1
4	30004	1
42	11467	-1
48	20669	1
0	27447	-1
46	27323	-1
43	9036	1
23	20659	1
48	21542	-1
30	6464	-1
8	20817	1
39	7817	-1
46	10443	-1
42	31073	-1
7	24163	1
30	25865	1
17	30805	-1
3	20556	-1
26	18450	-1
5	9516	-1
46	3136	-1
1	25958	-1
12	12961	-1
15	22028	-1
15	9250	-1
16	16441	1
4	18228	1
15	11156	1
24	24924	-1
13	14212	1
46	574	1
23	21685	-1
18	16486	-1
13	19	1
1	1784	1
20	7739	-1
36	1405	1
2	11480	-1
43	10569	1
3	26140	-1
36	8064	1
44	14793	-1
4	29411	1
4	12757	1
46	5370	1
3	14993	-1
32	15641	-1
37	26657	1
48	25052	1
3	15546	-1
43	28065	1
22	29882	-1
49	21590	1
14	16484	-1
18	4379	-1
20	12913	1
44	10946	-1
23	3247	1
48	1802	1
17	17024	1
1	6345	-1
40	12946	-1
1	9125	-1
43	1528	1
32	4827	-1
1	15520	1
15	8979	1
15	19292	-1
20	26134	-1
8	26982	1
42	27687	1
23	671	1
48	26651	1
22	19298	-1
32	29048	1
23	23379	-1
4	8955	1
46	17250	1
29	25763	-1
18	13514	-1
30	25369	1
8	16012	1
5	28500	-1
23	13333	-1
0	20460	1
43	13797	1
7	11365	-1
3	2612	-1
7	17450	1
14	1667	-1
19	11926	-1
5	4431	-1
12	15009	-1
40	7424	1
8	12032	1
27	11578	-1
47	21005	-1
9	544	1
20	28692	-1
46	12889	1
4	21399	1
40	9492	1
21	7106	-1
30	3479	1
1	21593	1
7	8988	-1
4	26152	1
4	3991	-1
28	13491	-1
17	10447	-1
16	6251	1
39	12717	1
46	1227	1
6	28744	1
5	20900	1
16	23461	1
45	8038	-1
7	23168	1
44	18059	1
4	19820	-1
43	1139	1
9	3920	1
2	3119	-1
23	27090	1
29	19162	1
42	23977	1
10	4894	1
30	12491	1
5	23354	-1
46	3011	1
38	30346	-1
43	21499	1
12	13439	1
30	3984	1
7	9849	1
36	13073	1
8	17044	1
21	10768	-1
37	29785	-1
23	5162	1
6	10694	1
39	15954	-1
6	9244	-1
6	20749	-1
6	8188	1
0	19421	-1
28	6832	1
13	14728	1
38	9674	-1
4	29016	1
43	254	1
39	9684	-1
28	13230	-1
13	930	-1
46	1958	-1
17	4849	1
31	14954	-1
6	16514	1
26	8812	-1
28	21295	-1
43	28676	1
43	27806	1
6	30852	-1
46	370	1
42	25112	1
7	27875	-1
0	10291	-1
10	16775	-1
36	8680	-1
42	6042	1
22	12072	1
30	15551	1
1	12185	1
41	6199	-1
10	11230	-1
48	6328	1
34	26020	1
21	826	1
24	10670	-1
4	4847	1
1	15646	1
13	18105	1
45	28239	1
48	21279	1
1	2292	-1
49	10558	-1
19	14690	-1
26	2739	-1
43	20805	1
44	9092	-1
37	26028	-1
8	29219	1
43	27086	-1
41	8264	-1
39	394	1
1	18913	-1
43	27016	-1
46	2905	1
8	7193	1
3	28604	-1
13	5233	1
8	12058	-1
16	8347	1
30	22652	1
45	30921	-1
17	18358	-1
45	8027	1
13	30524	1
15	9707	-1
14	7970	1
35	20115	1
43	323	1
25	16512	1
16	24475	-1
44	20107	1
15	576	-1
3	29371	-1
46	15778	1
2	11860	-1
48	3515	-1
17	8589	-1
22	8924	-1
36	28250	-1
1	7172	-1
21	25410	-1
7	26134	1
33	8906	-1
46	15218	1
35	30961	1
25	23797	-1
43	755	1
17	12811	-1
46	19035	-1
9	10983	-1
17	6628	-1
12	12535	-1
43	661	1
28	27501	1
29	15660	-1
15	18500	-1
18	21360	1
10	9728	1
15	16088	-1
16	6748	1
43	13882	1
38	25302	-1
48	14147	1
9	28817	1
48	16758	-1
12	11450	-1
17	19420	-1
40	29116	-1
42	2862	1
16	25688	1
29	11169	1
8	23282	1
9	27229	-1
37	1356	-1
48	26419	1
48	4944	1
10	20533	1
37	28555	1
35	20768	-1
30	29255	-1
23	27070	1
45	16253	1
49	18797	1
2	3410	-1
2	15963	1
39	27911	-1
48	17392	1
48	30503	1
49	22206	-1
24	14385	-1
16	4011	1
42	25581	1
21	2630	1
48	5152	1
42	10197	-1
44	21054	1
26	15739	-1
40	2023	1
36	7832	-1
3	3828	-1
8	27915	-1
23	25327	-1
46	4592	1
35	4762	1
21	1537	-1
42	22847	-1
12	21861	1
8	26323	-1
46	9798	1
16	19091	-1
13	18700	1
10	25788	-1
33	2609	-1
48	4993	1
6	16713	1
21	29713	-1
18	20950	-1
16	18381	1
37	8438	1
7	21279	-1
13	7467	1
48	16211	1
43	25002	1
32	10516	-1
13	19493	-1
46	26846	1
30	15932	-1
40	11785	1
36	2942	1
8	7053	1
6	14781	1
39	9142	1
37	29575	-1
43	23232	-1
5	28008	1
0	6765	-1
8	17413	-1
9	28494	1
30	7344	-1
1	15271	-1
6	22333	1
49	16367	1
29	17014	-1
12	29432	-1
49	15925	1
1	4323	1
41	12346	1
46	825	-1
1	12909	1
24	13446	-1
46	29148	1
19	21980	-1
40	20238	-1
3	17625	-1
41	19414	-1
48	15509	1
13	26327	-1
20	29100	1
48	10724	-1
48	16536	1
6	306	1
49	7811	1
40	10879	1
42	17458	-1
46	17933	1
44	29036	1
38	23334	-1
4	26313	1
4	20453	1
29	30398	-1
16	15466	1
49	10716	-1
19	18271	-1
13	13291	1
43	9853	1
0	19769	1
39	24283	-1
21	24129	1
10	20587	-1
17	13311	1
17	17670	1
39	22947	1
5	30771	-1
22	25033	-1
23	17286	1
2	12251	1
43	26938	-1
41	9903	-1
30	14434	-1
2	2350	1
43	28533	1
34	24365	-1
43	9927	-1
1	17059	1
34	14717	1
48	20846	1
0	12184	1
1	21984	1
18	390	-1
48	10061	1
41	12411	1
45	17925	-1
8	11414	1
5	31045	1
42	27806	1
43	20761	-1
35	16459	-1
21	26838	-1
41	27114	-1
31	4195	-1
43	6990	-1
43	4229	1
43	17640	1
37	7098	-1
2	27846	-1
13	3404	1
46	26787	-1
25	10135	-1
12	2961	-1
35	9945	1
30	20827	1
39	29195	1
12	24050	-1
28	25434	-1
47	16994	-1
26	13789	1
29	21544	1
36	13944	1
47	5686	1
45	9449	-1
21	25075	1
43	15278	1
4	521	-1
9	28620	-1
10	6176	-1
12	27842	-1
27	6028	-1
39	10898	1
49	20600	-1
39	21715	-1
6	12796	1
48	13586	1
37	27423	-1
46	20702	1
26	26137	1
4	21039	1
18	4165	1
31	6897	-1
30	30902	-1
49	20428	-1
1	28105	1
35	13399	-1
14	3411	-1
48	22981	1
49	30629	1
48	18269	1
28	30563	-1
40	26264	1
38	19853	-1
13	11536	-1
21	27092	-1
33	385	-1
40	25362	-1
31	18238	-1
14	22744	1
44	17107	-1
28	24464	1
6	22649	1
27	5322	-1
37	8996	-1
21	29297	1
31	11578	-1
8	7658	-1
4	17879	1
39	28383	1
46	30550	-1
9	17337	-1
7	336	1
49	29286	1
33	13545	-1
46	25154	1
27	101	-1
10	1269	-1
5	18267	1
40	16268	1
29	27446	-1
16	17915	-1
5	22970	1
49	15820	-1
40	15518	1
32	7621	-1
48	5924	1
34	4881	-1
27	19275	1
37	537	-1
48	5814	1
8	3179	-1
18	19650	1
10	24133	-1
12	16720	-1
48	19375	1
44	30155	1
32	156	1
20	18371	-1
23	23483	1
10	21118	-1
1	12644	-1
4	946	1
8	22216	1
45	16526	1
46	9918	-1
8	1410	1
27	16000	-1
42	6985	-1
17	8402	1
32	24018	1
32	27096	-1
39	27441	-1
6	25292	-1
28	29094	-1
42	20444	1
27	4486	-1
2	13007	-1
30	14926	1
30	5123	-1
7	2637	1
16	21751	-1
6	8504	-1
6	5268	1
26	23281	-1
7	136	1
37	21665	1
16	5909	1
43	24348	1
4	740	-1
1	29415	-1
41	12670	1
37	4430	1
25	29894	-1
41	17189	1
48	4949	1
28	17223	-1
6	20493	-1
42	27767	1
28	22191	1
49	2116	-1
7	16835	1
43	15181	1
27	16086	-1
28	20890	-1
34	843	1
9	2416	-1
23	24716	1
46	144	1
18	6367	-1
31	8991	-1
39	30619	1
8	29126	1
6	23950	1
10	18769	-1
35	22074	1
17	23959	1
46	404	-1
31	18199	-1
40	25006	1
27	16979	-1
35	27051	1
19	27728	-1
22	2112	-1
27	8792	1
10	24343	-1
45	8816	1
33	27079	-1
13	13779	1
5	27427	1
16	1518	-1
8	1569	1
8	30114	-1
18	14916	1
44	6640	1
6	1127	1
10	24214	1
26	25774	-1
43	24031	-1
14	12479	-1
4	1974	1
16	1750	-1
44	4703	-1
29	27735	1
6	10881	-1
43	12129	1
38	28930	-1
25	27521	-1
30	15211	-1
14	15586	1
42	14493	1
1	1772	1
13	16832	1
2	99	-1
45	12029	-1
2	10619	1
3	23338	-1
18	20827	-1
8	8379	-1
17	11556	-1
45	25454	-1
4	18219	1
35	17895	1
3	28470	-1
40	19043	1
6	9105	1
37	8039	1
43	4724	1
27	1360	1
28	20025	1
19	14604	-1
30	12295	-1
29	12382	-1
36	17954	1
48	15771	1
7	17263	-1
13	10941	1
35	1736	-1
48	4588	1
43	15813	-1
6	28405	1
0	10023	1
46	6829	1
48	29122	1
14	2355	-1
46	12881	1
20	5031	-1
48	17783	1
15	28673	-1
6	22714	1
7	4082	-1
44	23422	1
7	19672	-1
44	20700	-1
17	30102	1
27	21080	-1
1	16491	1
33	25379	-1
15	14578	-1
24	13149	-1
0	27197	-1
26	14645	-1
40	25704	1
8	18474	1
8	12283	-1
4	4289	-1
24	26259	-1
46	21448	-1
41	11996	-1
16	19316	1
29	2846	-1
49	707	-1
5	27466	-1
18	10712	1
21	7039	1
39	16754	1
41	17739	-1
23	19558	-1
9	21991	1
40	1141	-1
35	25373	-1
41	11118	1
20	28558	1
48	7050	1
43	26241	-1
21	26148	-1
40	24562	1
19	26190	-1
27	8292	-1
26	947	-1
17	4993	-1
7	4284	-1
31	28019	-1
32	27848	-1
8	18569	1
44	21300	-1
10	11747	-1
18	6508	1
13	20769	-1
40	9071	1
24	23474	-1
5	4642	1
45	6722	-1
35	20033	-1
8	11961	1
12	23912	-1
43	21658	-1
38	17372	1
40	4138	1
46	11057	1
46	22038	1
17	19387	1
28	20039	1
7	26968	1
37	6644	1
13	8458	1
17	21694	-1
26	27909	-1
17	15799	-1
48	22063	1
43	21321	1
36	23795	-1
44	24182	-1
31	29175	-1
12	11301	-1
45	14537	-1
41	7055	-1
8	28197	1
46	1023	1
19	11908	-1
43	1469	1
13	20822	1
6	16702	1
13	21174	-1
7	13901	-1
25	22508	-1
30	26314	-1
40	170	-1
46	17244	-1
12	9386	-1
32	16687	-1
33	13986	-1
4	21957	1
41	15516	-1
33	4541	-1
24	11	-1
7	26436	1
7	3702	1
35	24164	-1
7	3942	-1
28	27171	1
36	16984	-1
18	28603	-1
39	9413	-1
37	9369	-1
43	6861	-1
18	20167	-1
1	14692	1
25	14104	1
43	25463	1
15	26576	-1
11	17992	-1
21	22589	1
16	15802	-1
5	5362	1
14	15083	-1
47	29756	-1
14	29303	1
30	30601	-1
10	5730	-1
41	15668	-1
10	12693	-1
14	28086	-1
6	12143	1
43	26482	1
43	324	1
4	11256	1
36	19571	1
16	17848	1
6	3697	1
32	6826	-1
16	533	-1
43	24713	1
43	20733	1
46	24887	1
4	6100	1
46	27605	1
41	16725	-1
42	18347	1
14	31028	-1
15	14819	-1
48	12343	1
45	10363	1
25	10409	-1
5	4841	-1
27	20426	-1
43	24931	-1
3	25729	1
48	5408	1
4	6165	1
28	6846	-1
43	24822	1
39	29110	-1
14	8945	1
4	28656	1
34	19276	-1
42	20999	-1
27	11462	-1
46	21219	1
45	17961	-1
5	9259	1
48	11847	1
26	236	-1
4	3562	1
41	12047	1
49	11249	-1
28	14382	1
43	19155	1
43	10941	1
24	14068	-1
8	17416	-1
18	20363	1
37	15170	1
33	22614	-1
1	25015	-1
13	6186	1
38	30753	1
4	14698	-1
33	10580	-1
35	14145	1
15	27228	-1
13	8606	1
48	23795	1
44	23302	1
6	26674	1
37	14426	1
40	24598	1
16	4276	1
0	19273	-1
13	28592	-1
18	6959	1
15	12923	-1
28	12073	1
33	28849	-1
40	19946	1
20	19231	1
27	15278	-1
19	14191	-1
25	21578	-1
44	14447	1
35	26865	-1
17	1523	1
17	8081	-1
8	24708	1
8	7431	1
9	1279	1
48	29744	1
3	2989	-1
42	29474	1
40	6488	1
6	4944	1
9	30270	-1
18	23503	-1
11	22301	-1
36	19267	-1
48	3973	1
8	6804	1
16	27096	1
2	27130	-1
16	26017	-1
1	9621	1
13	30511	1
44	8730	-1
40	1789	-1
26	16003	1
23	13472	-1
49	3105	1
43	5705	1
43	13890	1
42	12598	-1
20	10744	-1
24	29974	-1
22	1568	-1
30	13400	-1
46	30600	1
29	7142	-1
35	24465	-1
3	12725	-1
12	10255	-1
2	9689	-1
5	15868	1
13	414	1
4	2109	1
37	22084	1
10	18963	-1
13	4489	1
44	19210	1
44	7247	-1
13	23707	1
38	11861	-1
23	29303	1
18	25616	1
39	20631	1
39	13355	-1
40	18139	1
16	3627	1
6	25405	1
44	7985	1
20	2539	-1
9	22796	-1
28	2913	-1
8	1244	1
5	2870	-1
40	16748	1
27	12255	-1
35	3135	1
48	13207	-1
4	22904	1
7	25926	1
0	5353	-1
35	10073	1
34	15699	1
23	18733	-1
13	4731	-1
45	20778	1
39	17302	1
27	11864	-1
21	6978	-1
5	6410	1
10	11036	-1
24	14309	-1
8	23491	1
48	19591	1
43	8382	-1
40	30230	1
28	24619	1
20	21979	1
6	11027	1
28	8548	-1
49	1743	-1
34	22640	-1
46	10069	1
5	1857	1
40	7607	1
26	13946	-1
17	17576	-1
15	30040	-1
13	23034	1
46	23746	1
44	19969	-1
18	8550	1
49	3774	-1
11	14574	-1
32	30871	-1
35	22167	-1
30	755	1
28	27353	1
7	22630	1
21	22915	-1
14	14011	-1
23	30962	-1
13	13711	1
26	23762	-1
15	29064	1
46	27715	1
42	7536	1
0	5008	-1
48	10650	1
39	14216	-1
36	9377	-1
17	16972	-1
5	25142	-1
48	25732	1
48	6933	1
30	12150	-1
13	16221	1
19	1391	-1
16	17559	-1
23	8860	-1
29	29344	1
2	11409	-1
39	6182	-1
49	10731	-1
42	5641	1
44	23867	-1
1	8037	-1
31	22772	-1
35	5173	-1
44	13409	-1
45	17400	-1
21	30131	-1
8	20076	1
13	4883	1
20	10400	-1
46	1069	1
44	17382	-1
4	17964	1
34	4071	-1
15	3212	-1
45	5925	1
32	25979	-1
15	21386	-1
46	24213	-1
4	15754	-1
41	24667	-1
13	13387	1
22	25799	-1
43	29408	1
32	25969	1
41	27025	-1
16	23565	1
7	24122	1
1	37	-1
37	20679	-1
0	27425	-1
35	23466	1
43	25816	1
42	25718	1
18	10652	1
8	27758	1
20	6400	1
24	12388	-1
13	22316	-1
32	21095	-1
14	13057	-1
1	15313	-1
46	15397	1
4	9251	1
6	8797	1
10	18825	1
11	5690	-1
6	464	1
35	5304	-1
21	27962	-1
12	5120	1
35	19804	-1
14	14449	-1
2	15398	-1
0	4307	-1
14	26592	1
28	21513	1
17	11412	-1
19	25963	-1
10	11052	1
18	23645	-1
48	1693	1
9	4951	-1
18	14480	-1
25	19355	-1
46	30719	1
38	11540	-1
28	11931	-1
8	12342	1
39	3809	-1
38	8587	-1
36	9049	-1
11	10456	-1
20	19518	1
16	5257	1
5	4006	1
43	29560	1
38	18424	1
14	1252	-1
5	18630	1
13	11804	1
20	9286	1
6	22896	1
30	2777	1
5	11930	-1
48	30590	1
24	9768	-1
29	26632	1
17	7373	-1
48	12542	1
48	18433	1
29	24386	-1
48	13520	1
27	22337	-1
16	9319	1
27	13998	-1
21	28052	1
27	28440	-1
28	4153	-1
15	10422	-1
49	26140	-1
43	19489	1
4	27423	-1
6	12201	1
1	15009	1
6	20746	-1
36	30507	1
35	5311	-1
49	26615	-1
20	9782	-1
36	4870	-1
8	2128	1
40	13968	1
49	23580	-1
26	19102	1
29	13677	-1
5	3414	1
39	5951	1
5	11060	1
32	24857	-1
12	10629	-1
11	20123	-1
33	4898	-1
29	22210	1
42	16794	1
28	23096	-1
43	23425	1
47	7378	-1
33	26972	-1
17	26049	1
7	13736	1
43	17404	1
49	12917	-1
17	5275	-1
20	24978	-1
14	14452	1
4	8771	1
40	28010	1
43	24389	-1
32	13171	-1
38	3129	-1
4	14208	1
46	22019	1
43	18110	1
33	21731	-1
18	15901	1
43	28882	1
8	16771	-1
43	3041	-1
13	13870	1
44	7105	-1
46	11884	1
40	30850	-1
45	17043	1
46	12516	-1
35	18795	1
46	9965	1
15	12867	-1
13	28083	1
37	7614	-1
24	26887	-1
43	13619	1
29	19659	-1
23	11031	1
48	29546	1
36	4224	1
12	8836	-1
29	10704	1
20	21577	-1
28	16153	1
31	30525	1
0	3072	-1
2	20761	1
5	23768	-1
39	21270	1
9	24962	-1
23	11307	1
17	5947	1
18	17837	-1
19	30944	-1
2	9820	-1
37	19060	-1
48	4010	1
4	28011	1
42	13828	-1
40	19692	1
46	20643	1
5	18314	1
48	25479	1
32	8498	-1
8	27201	1
19	2743	1
40	1567	1
45	15402	-1
2	22418	-1
44	14815	-1
37	22885	1
5	1719	1
28	14429	-1
28	19493	1
42	15507	1
15	6785	-1
39	808	1
18	15319	1
1	26988	1
13	29829	-1
40	19976	1
5	19076	1
22	29815	-1
6	6870	1
23	29922	-1
10	27077	1
3	24842	1
30	8594	-1
20	29705	-1
1	25227	1
15	13185	-1
40	1995	1
19	1141	-1
41	17150	1
4	19624	1
18	2363	1
12	20585	1
48	15843	1
42	24610	1
46	4007	1
4	13754	-1
22	4881	-1
0	29795	-1
23	19194	1
8	1261	1
24	29169	-1
28	2667	-1
9	28022	-1
48	28085	1
16	17246	-1
2	11050	-1
44	20299	1
1	24530	-1
7	9857	-1
28	13764	-1
37	11478	-1
11	13873	-1
18	12297	-1
33	16198	-1
46	29920	1
35	30132	-1
8	22280	1
34	2478	-1
13	30446	-1
20	27010	-1
39	11873	1
43	14909	1
34	7762	-1
22	28606	-1
20	17098	-1
24	4625	-1
19	27087	-1
26	16325	-1
48	21323	1
48	10233	1
37	15964	1
18	27271	1
2	30844	-1
27	23923	-1
15	29619	-1
15	3235	-1
49	14285	1
45	29202	-1
31	31052	-1
43	9988	-1
24	19498	-1
17	12779	1
43	20833	1
1	21868	1
9	18911	1
7	21145	-1
20	26992	-1
16	14265	-1
8	25853	1
22	18401	-1
30	19092	-1
8	101	1
27	7193	-1
35	11684	1
39	7106	-1
43	11248	1
22	18437	-1
20	6164	-1
28	942	-1
10	27031	1
40	22886	-1
8	132	1
15	25666	-1
18	16771	1
22	9947	-1
43	310	-1
46	7379	-1
42	23465	1
32	24645	1
46	12599	1
14	28532	-1
35	3905	-1
3	7012	-1
26	14988	1
9	2355	-1
3	14146	-1
8	10494	-1
9	23691	-1
23	8107	1
19	15747	-1
49	11602	1
8	7540	1
17	27326	1
48	2954	1
6	25219	-1
48	18436	1
41	21928	-1
11	1319	-1
17	25484	1
3	29729	-1
11	5066	-1
17	6064	-1
46	8338	-1
43	17770	1
3	13891	-1
22	25742	-1
39	18794	-1
32	7816	-1
43	26686	1
17	16044	-1
40	8397	1
9	15389	-1
43	27247	1
32	22247	-1
11	29410	-1
2	5092	-1
29	15592	-1
35	5840	1
22	1666	-1
23	3732	1
7	7865	1
16	30157	1
4	5373	1
19	20168	-1
43	30551	1
43	8760	1
13	23155	1
31	8313	-1
16	870	1
5	15817	-1
12	7907	-1
17	14931	1
33	26518	-1
33	1642	-1
13	82	1
3	9782	-1
40	11589	1
19	23519	1
16	29523	1
7	28095	1
32	13776	-1
44	20783	-1
42	5891	1
11	30397	-1
3	21285	-1
11	15034	-1
36	30400	1
16	20616	-1
19	30464	1
43	1160	-1
49	20506	1
40	265	1
35	23052	-1
29	20303	-1
14	3044	-1
30	30267	-1
48	21019	1
24	16678	-1
27	25076	-1
29	18530	-1
13	18089	1
29	7404	1
26	10120	-1
49	1490	-1
42	29629	1
47	30462	-1
23	27616	-1
17	6734	-1
22	17445	-1
42	24987	-1
48	4883	1
36	25437	-1
4	16547	1
17	30335	1
30	5038	1
33	29220	-1
45	3610	-1
0	12364	1
48	3701	1
30	21310	-1
43	27429	1
38	19197	-1
29	16508	-1
33	220	-1
28	30289	1
1	9716	1
43	3925	1
18	24457	1
14	8202	-1
36	17107	-1
14	9970	-1
42	16175	1
38	26957	-1
46	3511	1
7	25966	-1
43	21622	-1
8	14914	1
4	22031	1
8	7852	1
48	26271	1
47	6800	-1
24	23743	-1
42	24382	1
38	21863	-1
20	234	-1
28	11325	1
31	27129	-1
13	7012	-1
9	7118	1
15	5335	-1
2	22294	1
7	14516	-1
43	31004	1
45	24523	-1
15	23347	-1
36	29081	-1
42	26692	1
43	12902	1
47	28125	-1
41	22951	-1
1	24019	-1
7	18589	-1
43	3560	1
20	12173	-1
43	5933	-1
16	996	1
48	30771	-1
8	23744	1
16	15704	-1
46	12935	-1
30	22048	-1
16	27820	-1
9	19616	-1
43	11648	1
23	18074	-1
37	10397	1
15	18938	-1
8	28665	-1
4	20634	1
4	19978	1
13	18786	1
8	2524	1
13	12573	1
43	9701	1
5	1547	1
46	19626	1
36	29198	1
37	3100	-1
42	22659	1
38	8828	-1
5	16762	-1
0	13164	-1
24	28192	-1
43	9756	1
30	3958	-1
46	5658	-1
7	8449	1
27	9248	1
40	7722	1
31	368	-1
46	17197	1
14	26930	-1
2	7708	-1
47	9788	-1
2	16087	-1
43	4236	-1
38	2091	1
0	2615	1
13	19060	1
19	28476	-1
21	17943	-1
24	1783	-1
44	23057	1
13	27059	-1
26	23550	-1
38	16552	1
24	21565	-1
49	20438	-1
34	25241	-1
44	9645	1
43	17592	1
7	5506	1
43	16407	1
49	9055	-1
13	26393	-1
7	4370	-1
38	12553	-1
1	2512	1
28	4120	-1
0	10019	-1
36	25434	1
5	21681	1
43	12325	1
31	16008	1
43	23790	1
0	8293	1
18	4177	-1
17	22939	-1
29	3291	-1
16	650	1
8	15629	-1
16	1864	-1
6	16150	1
42	24744	1
21	26435	-1
44	1873	1
9	3542	-1
14	19199	1
31	1517	1
0	2676	1
14	444	1
4	7474	1
43	11912	-1
44	25187	1
36	4134	1
1	769	-1
14	27946	-1
26	18567	1
17	27759	-1
23	11067	-1
18	26018	-1
13	8584	-1
13	28312	1
31	23528	-1
9	21311	-1
32	2962	-1
17	20186	-1
38	1602	-1
9	16608	1
48	30309	1
1	11093	-1
14	26345	-1
46	2663	1
40	13915	1
17	5350	1
44	16854	1
35	1383	1
2	25288	-1
33	15883	-1
13	1929	1
5	23502	1
34	7422	1
36	6858	-1
22	30762	-1
46	19312	1
6	23919	1
3	15015	-1
13	2789	1
2	2202	-1
10	26283	-1
13	9899	1
46	5655	1
35	28717	1
39	9559	-1
42	5624	1
7	15237	-1
11	15932	-1
28	27469	1
13	17076	1
29	30038	-1
16	1611	1
29	27579	-1
42	7918	1
21	24332	1
21	6826	-1
6	9496	-1
16	17332	-1
16	29519	-1
27	12397	1
8	3775	1
8	15795	1
10	27400	-1
1	11958	-1
31	5744	-1
16	27440	1
5	15631	1
21	12040	1
43	4503	1
28	17199	-1
13	10958	1
22	6301	-1
48	3640	1
40	24735	1
16	5060	1
44	21007	-1
8	23613	1
16	22402	1
8	15371	-1
20	20365	-1
39	29301	-1
40	28866	1
48	28540	1
42	24028	1
40	18663	-1
35	5547	1
23	961	-1
39	7812	-1
26	18106	1
46	8893	1
5	19501	1
42	357	1
18	13598	-1
4	1479	1
23	6155	-1
35	8833	1
16	8684	1
43	18278	-1
10	24202	-1
43	8172	-1
33	30264	-1
32	24302	-1
40	11409	1
29	20984	-1
41	17445	-1
46	12468	1
7	22405	1
36	3524	1
20	17291	-1
5	9326	1
6	17122	1
25	17639	1
42	26856	1
21	5625	1
4	15579	1
35	16303	-1
17	16092	-1
18	13357	-1
8	23675	1
2	21709	1
13	29709	1
47	10292	-1
3	22669	-1
18	26657	1
43	24990	1
20	8985	-1
43	15161	1
17	21930	-1
41	14550	-1
38	3722	-1
43	1486	1
35	972	-1
40	15639	1
13	6129	1
38	4725	-1
33	29053	-1
46	2143	1
14	24258	-1
17	20099	1
28	23187	1
48	2332	1
31	5972	-1
42	10121	1
9	3196	1
39	819	-1
27	24984	-1
23	18088	-1
32	15903	-1
20	21871	-1
24	24063	-1
37	19685	-1
49	8268	1
48	27394	-1
43	24282	1
46	15750	-1
45	3126	1
6	29242	1
35	23932	1
15	17691	-1
24	2569	-1
42	3227	1
43	6832	1
45	17071	1
17	22009	1
21	16669	1
41	21847	-1
3	24624	-1
45	5216	1
31	17469	-1
40	6138	-1
1	3083	-1
24	30623	-1
6	15727	-1
26	11722	1
5	15201	-1
17	13669	-1
49	3694	-1
42	25368	-1
46	6248	1
25	20660	1
43	2713	1
42	16455	1
10	25675	1
29	8456	-1
4	27767	-1
40	12066	1
28	1518	-1
22	15033	-1
21	6364	-1
21	20466	1
10	4546	1
32	11246	-1
16	5774	1
17	29303	-1
40	27762	1
35	8089	1
8	28398	1
30	13581	1
3	8710	-1
7	17054	1
48	9530	1
7	22144	1
48	4561	1
4	12352	1
16	18026	1
42	212	1
35	12083	-1
36	27032	1
13	23532	1
40	27538	-1
24	20935	-1
27	23371	-1
37	13240	-1
40	20481	-1
0	17272	1
9	13865	1
43	16620	1
1	14588	1
25	13381	-1
7	12056	-1
21	17013	-1
29	6413	-1
18	27854	-1
41	18806	-1
43	21772	1
42	19915	-1
42	19176	1
0	9239	1
48	10491	1
4	5798	1
43	19448	-1
40	29091	1
48	5444	1
45	13326	1
45	12143	1
5	21341	-1
46	12958	1
2	20953	-1
6	18562	1
46	21866	1
2	4353	-1
23	30101	-1
43	19355	1
34	13025	-1
29	16384	-1
4	15997	1
37	18153	1
41	1691	-1
4	30044	-1
23	30620	1
19	20737	-1
45	19407	-1
26	25641	-1
16	9434	1
48	20051	-1
43	4558	1
4	25454	1
46	29137	1
17	17954	1
25	10354	-1
43	5715	1
44	1744	-1
42	15733	1
25	4274	-1
49	13885	-1
33	6938	-1
28	15034	-1
13	12992	1
28	16763	1
32	25092	-1
42	14562	-1
7	1149	1
4	12664	1
43	12968	-1
46	13194	1
44	6452	-1
8	23544	1
23	20801	-1
28	19843	1
7	21534	1
17	8484	1
25	23677	1
33	29905	-1
32	11649	-1
12	17581	-1
37	2675	-1
46	17266	1
34	5932	-1
48	19355	-1
17	20516	1
25	3773	-1
48	271	1
6	10934	1
8	13707	-1
32	12091	-1
42	14013	-1
10	18028	1
15	4819	-1
4	24346	1
28	21762	-1
46	4676	1
40	29562	-1
23	25632	-1
3	13318	-1
48	6974	1
30	3948	1
4	30324	1
21	8873	-1
27	12798	-1
27	6733	-1
33	27611	-1
37	20418	-1
29	10520	-1
35	26016	-1
8	2840	1
20	2866	-1
33	12891	-1
17	25032	-1
46	9760	1
15	1424	1
2	16745	-1
8	12130	1
1	19580	1
37	12872	-1
41	27110	-1
14	2953	-1
46	30985	1
13	29592	1
30	8061	-1
32	15552	-1
6	25811	-1
35	4893	1
4	22575	1
10	11127	-1
8	6766	1
10	7989	-1
32	2283	-1
3	5590	-1
45	13508	1
16	26234	-1
10	14753	-1
46	12432	1
23	3920	-1
12	19537	-1
30	24348	-1
46	26627	-1
13	7848	1
48	2853	1
18	2917	-1
41	15328	1
43	1634	1
23	11337	1
17	10703	-1
26	15020	-1
4	15977	1
19	19879	-1
35	10682	-1
2	25141	1
1	31054	-1
47	4164	-1
33	23327	-1
23	5334	1
46	17220	1
48	27793	1
33	23124	-1
20	22081	-1
21	30941	1
49	16744	-1
43	15025	1
42	17748	-1
49	15495	1
42	19893	1
0	28321	1
24	23035	-1
43	5674	1
46	7558	1
37	8029	-1
16	2412	1
13	26359	1
5	16834	1
4	30477	1
49	20658	-1
16	28047	1
42	7307	1
48	25062	1
10	7556	1
16	6102	1
6	29722	1
3	1342	-1
40	7655	1
28	30376	1
49	4971	-1
0	21985	-1
7	24421	-1
10	15313	-1
16	16362	-1
22	6595	-1
30	11179	-1
4	1694	1
47	6859	1
46	5569	1
46	25375	1
18	5198	-1
25	30955	-1
6	10114	-1
32	28177	-1
2	206	-1
47	14748	1
29	10743	1
24	6509	-1
43	18135	1
22	9017	-1
31	28699	-1
9	27464	-1
8	19359	1
8	23784	1
22	26118	-1
36	18021	1
43	3067	1
26	17653	1
34	24435	-1
31	4060	-1
11	29964	-1
7	15371	-1
42	16081	-1
6	5042	1
42	17533	-1
2	13030	1
44	8577	-1
48	16312	1
42	4757	-1
7	3613	-1
49	23046	-1
31	11923	-1
9	17280	1
46	21458	1
7	12833	1
36	17711	1
48	7848	1
15	25657	1
24	12586	-1
13	2065	1
39	5775	1
48	27433	-1
25	3785	1
9	19976	-1
6	28705	1
26	13579	1
47	7891	-1
28	28398	1
1	3888	1
16	15249	-1
13	8189	1
13	19127	1
6	21994	1
42	25838	1
7	30790	1
38	13389	-1
28	8638	-1
37	4136	-1
18	18882	1
23	2588	-1
26	17245	-1
44	14858	1
4	22314	1
17	5113	1
2	17141	-1
17	3981	1
28	28184	1
19	13394	-1
49	23358	-1
42	13418	-1
1	24688	-1
4	23330	1
28	11522	-1
30	28924	1
19	26931	1
46	11120	1
42	17126	1
47	23851	-1
1	990	-1
1	13820	1
42	2613	1
11	16593	-1
2	12193	-1
42	12732	-1
29	12235	1
16	7648	1
25	25506	-1
43	8821	1
17	27540	1
18	18320	-1
42	4997	1
43	19740	1
33	12328	-1
6	22576	1
18	21420	-1
22	16747	-1
43	10764	1
46	16474	1
48	26701	1
9	24470	1
26	25793	1
48	2454	1
35	12927	-1
43	11002	1
29	27731	1
45	17953	1
37	5231	1
43	14164	1
3	19644	-1
16	23172	1
12	13266	-1
30	26467	-1
1	4866	-1
7	28337	1
48	22852	1
40	6795	-1
4	18135	-1
8	2101	1
24	1383	-1
30	28974	1
42	24779	1
30	16693	-1
16	25741	1
40	13250	-1
9	30480	-1
0	30338	1
43	759	1
14	21465	1
46	19562	1
6	1501	1
17	8989	1
41	17443	-1
18	27983	-1
43	9330	1
17	5270	-1
48	3346	-1
9	21987	1
24	18022	-1
38	23475	1
37	670	-1
27	17665	-1
44	7571	1
36	15310	1
4	22407	1
48	19984	1
24	22386	-1
41	8395	-1
33	9710	-1
43	29479	1
27	2684	1
35	14621	1
43	12848	1
15	30110	-1
48	30973	-1
43	11679	-1
46	6162	1
10	8507	1
14	4320	1
21	20885	-1
28	19185	1
40	13138	1
46	15983	1
13	1956	1
40	17397	1
15	22141	1
43	7778	1
10	1038	-1
32	24043	-1
44	15370	-1
48	2365	1
37	12311	-1
6	28672	1
44	24390	1
5	8271	1
15	5116	1
26	29352	1
22	13523	-1
6	15113	1
19	11428	-1
40	21354	1
47	7662	1
31	15446	-1
40	17671	1
11	14300	-1
46	17974	1
21	24696	-1
16	15852	1
17	18160	-1
45	170	-1
8	7085	1
9	29733	-1
26	19251	-1
2	15561	-1
8	15459	1
6	28013	1
34	15696	-1
34	17476	-1
23	11523	1
29	24483	1
39	11896	-1
1	30735	1
16	7036	1
6	8310	1
32	9785	-1
38	3626	-1
30	1944	-1
16	3679	-1
0	7054	-1
43	30258	1
42	12495	1
30	5189	-1
44	8169	-1
13	5627	1
1	25429	1
46	22479	1
6	2723	1
17	19927	1
27	23298	-1
28	17547	1
17	20823	-1
14	25307	-1
41	10524	-1
6	23069	-1
47	5089	-1
1	3598	1
27	23912	-1
6	21208	-1
8	7302	1
13	23073	1
13	24660	1
37	26579	-1
22	14997	-1
48	21779	1
6	30552	1
46	4178	1
6	15566	1
16	2768	-1
8	25625	1
9	3909	-1
28	6583	-1
46	26670	1
44	26336	1
13	13859	-1
30	9714	-1
6	4702	1
3	7418	-1
15	11400	-1
2	17573	-1
8	16456	1
0	21707	-1
28	11527	1
48	7223	-1
16	27861	1
32	20575	-1
23	19799	1
49	24153	-1
38	22925	-1
19	27036	1
45	3152	-1
0	22614	-1
46	6183	1
0	2324	-1
48	9219	1
33	10257	-1
48	7959	1
45	3140	-1
3	5670	-1
11	16142	-1
14	28312	-1
19	18684	1
4	29599	1
46	19680	1
22	16932	-1
43	22099	1
20	25374	1
42	12679	-1
37	13377	1
44	25753	1
27	4070	1
21	8391	1
46	19781	1
13	4095	1
8	28779	1
46	13261	-1
22	29240	-1
21	1093	-1
8	2508	-1
8	16945	1
46	20376	1
16	5693	-1
39	13407	1
43	6677	1
8	11564	1
14	22545	-1
3	13836	-1
42	21854	1
9	27772	1
10	24069	-1
49	29428	-1
6	15591	1
36	11784	1
41	30618	-1
2	24359	1
35	23862	-1
43	8893	1
19	19728	-1
39	29107	-1
35	30315	-1
37	30672	1
5	22557	-1
31	19652	-1
23	13599	1
17	13075	1
1	29851	1
13	9745	1
23	7240	1
8	7535	1
24	17042	-1
40	19281	1
5	27285	1
43	4788	1
30	24172	1
12	13031	-1
12	12988	-1
44	24099	-1
45	14894	1
30	8959	1
8	4987	1
38	7850	-1
31	586	-1
2	12753	-1
13	5369	1
30	13485	-1
24	5004	-1
4	14158	1
40	22768	1
35	17397	-1
11	7967	-1
44	14866	1
15	12274	1
43	23418	1
41	1085	-1
30	22304	-1
26	5062	-1
6	22928	1
40	25852	1
13	1702	1
15	19432	-1
22	19087	-1
41	962	1
37	16724	1
8	16847	-1
43	8189	1
48	23697	-1
43	10142	1
3	9235	1
43	8317	1
16	23987	1
16	20997	1
39	3235	-1
43	28871	1
43	3071	1
46	9385	1
5	4283	1
25	3243	-1
49	7707	-1
5	29535	1
12	7521	-1
5	23138	1
7	20456	1
43	30228	1
28	7810	-1
19	3413	-1
49	1616	-1
17	4790	1
48	7464	1
23	1472	-1
38	2452	-1
20	21955	1
0	27473	-1
38	12614	-1
10	7853	-1
30	14858	1
25	5869	-1
26	16534	-1
43	2052	1
14	7235	-1
47	5294	-1
4	23470	1
38	23102	-1
18	17747	1
19	27813	-1
24	15848	-1
12	17991	-1
8	27752	1
7	16638	1
43	17816	-1
14	1703	1
41	521	-1
21	24760	-1
33	3991	-1
23	14415	-1
10	4771	-1
33	7685	-1
20	13969	-1
6	4056	1
3	6342	-1
19	21015	-1
6	24065	1
1	11782	-1
30	584	1
40	6159	-1
37	20199	-1
9	21433	-1
38	3160	-1
38	29455	-1
16	28836	-1
24	20153	-1
45	24898	1
4	19235	1
38	28548	-1
16	23527	1
29	12762	1
44	28843	-1
42	21023	1
5	2489	-1
48	29052	1
12	17103	-1
43	4849	-1
27	26460	1
20	20576	1
13	1575	1
27	24857	1
42	11470	1
18	183	-1
16	30454	1
17	3620	1
17	428	1
44	25776	1
40	21324	1
23	24525	1
28	26686	-1
23	17096	-1
44	30937	1
42	24327	1
9	19838	-1
17	27389	1
38	24392	-1
21	2898	1
28	23937	-1
29	19097	-1
4	29467	1
29	14407	-1
7	26117	-1
48	16649	-1
13	3187	1
40	2274	1
12	22980	-1
49	17635	-1
34	24070	1
34	19986	-1
15	8189	1
42	4930	1
43	17155	1
48	9743	1
4	19015	1
43	4583	1
38	28337	1
26	20424	-1
17	25193	1
40	4181	1
46	30025	1
44	1082	1
30	4536	1
34	27464	1
15	3413	1
48	17233	1
42	25608	1
41	6018	-1
48	9152	-1
4	21674	-1
25	14560	-1
42	22911	1
29	30444	-1
38	2439	-1
39	26863	-1
40	19676	1
6	30754	1
43	740	1
16	8822	1
18	730	-1
13	13040	1
32	27032	-1
48	17058	1
23	18918	1
10	14651	1
5	21208	1
3	28796	1
4	23186	-1
46	23747	1
37	12830	-1
4	17334	1
43	24519	1
11	9237	-1
1	8174	1
30	29055	-1
17	28911	1
40	24797	1
40	12353	1
7	27622	1
30	11283	-1
8	12646	1
0	9650	-1
11	21266	-1
33	1841	-1
36	724	1
13	29532	1
14	25005	-1
42	27148	1
13	15417	1
35	10550	1
24	6990	-1
14	27863	-1
47	18501	1
36	1772	1
40	13550	-1
14	21688	-1
35	18896	1
23	15414	1
19	8122	-1
38	23254	-1
46	1961	-1
16	27580	1
1	19151	-1
2	9095	-1
47	8007	-1
8	9078	1
39	2773	1
39	173	-1
23	7430	1
27	19830	-1
36	7973	-1
23	10327	1
29	29386	-1
12	1046	-1
21	1502	-1
21	17953	1
47	28822	-1
17	16351	-1
24	23958	-1
16	13932	1
10	21182	1
43	6067	1
9	11347	-1
6	6342	-1
11	28630	-1
23	12795	-1
4	6288	1
8	15784	1
14	24554	1
28	24882	1
38	21125	-1
5	27467	-1
46	4600	-1
44	23277	-1
16	12426	-1
48	23634	1
9	30587	1
6	23606	1
6	10702	1
6	6822	1
28	24788	1
48	27930	-1
46	2207	1
6	23521	1
49	10689	1
34	8192	1
25	17301	-1
10	8774	1
4	28930	1
31	29079	-1
48	23226	1
9	21101	1
15	21545	-1
40	21344	1
42	28118	1
44	23639	-1
47	19018	-1
12	24908	-1
33	4266	-1
45	19492	1
23	3469	1
41	16548	-1
28	28853	-1
4	11731	1
39	19288	1
32	19301	-1
29	20134	1
41	26481	-1
31	5502	-1
42	15086	-1
12	30088	-1
19	232	-1
25	22673	-1
10	8794	1
21	13368	-1
16	10743	-1
30	27192	-1
27	22655	-1
19	29028	-1
42	18710	1
43	3864	1
16	26613	-1
45	17339	1
5	20688	1
45	28328	-1
8	16233	1
43	28602	-1
13	7912	1
23	96	-1
13	20031	1
43	15460	1
43	17681	1
13	13325	1
30	2637	-1
4	16185	1
40	3241	1
8	3436	-1
4	17878	1
19	27611	-1
8	23399	-1
46	25085	-1
26	4771	-1
40	19593	1
4	20519	1
39	543	1
5	2885	1
49	21770	-1
27	9439	1
21	13681	1
42	5694	1
2	1329	-1
14	4835	-1
33	19626	-1
14	21968	1
21	29042	-1
18	27876	1
7	3342	-1
4	30993	-1
20	14461	-1
46	17085	1
43	5107	1
30	11628	1
39	22702	-1
9	19918	-1
40	28912	1
36	1900	-1
8	22849	1
20	28721	-1
22	7402	-1
24	8982	-1
29	29883	1
27	2696	1
6	8251	1
14	20680	-1
30	30322	-1
31	12085	-1
16	27992	-1
37	11191	1
8	17395	-1
9	20760	1
18	23254	-1
28	1841	1
47	16596	-1
46	5156	1
22	22117	-1
0	21621	-1
37	3460	-1
9	25709	-1
4	12513	1
14	17051	-1
30	15017	-1
18	17075	-1
10	15596	-1
40	12129	1
44	18948	1
0	14223	-1
42	5864	1
17	7992	1
39	1652	1
8	8406	1
39	9238	-1
4	27641	1
30	19841	-1
8	2146	1
14	6328	1
30	27618	1
31	30685	-1
5	10769	1
22	5526	-1
40	25305	1
28	23020	-1
40	13536	-1
4	6507	1
42	1449	1
20	2656	1
42	15260	1
6	21532	1
37	27969	1
14	2368	-1
48	18366	1
31	19611	-1
9	9863	1
4	14824	1
48	17834	1
40	2280	-1
12	23108	-1
31	18008	-1
1	17333	-1
35	8251	-1
8	2988	1
4	19083	-1
19	3257	-1
46	10939	1
26	2277	-1
7	7556	1
48	19624	-1
48	3511	1
14	23267	-1
18	17893	1
23	17427	1
48	6207	-1
28	15202	1
3	20148	1
37	12276	1
30	14046	-1
47	28505	-1
7	30104	1
26	7111	-1
13	5983	-1
13	9446	1
31	8468	-1
36	3439	-1
17	10448	-1
42	11249	1
48	9130	-1
48	22650	1
47	5552	-1
12	2518	-1
43	2438	1
44	30075	1
3	4152	-1
47	23930	-1
4	20416	-1
47	22365	-1
32	2563	-1
3	8545	-1
9	2462	-1
38	6389	-1
8	15839	1
39	30175	-1
2	28844	-1
33	10907	-1
26	13332	-1
1	10035	1
7	28727	-1
27	756	1
40	4462	-1
9	11586	1
34	8637	-1
44	15765	1
39	21719	1
14	21614	-1
31	15003	-1
40	30673	1
19	5814	-1
16	13876	1
46	21669	-1
28	30199	1
13	21617	1
42	3145	-1
48	20687	-1
35	18698	1
27	1861	1
13	3259	1
27	19389	-1
13	7456	-1
0	6255	-1
13	4547	1
31	2227	1
16	26141	1
33	1385	-1
10	29271	-1
37	22410	-1
7	25675	1
15	28451	-1
47	8195	-1
28	29747	1
10	28703	1
43	7307	1
10	2626	1
23	24384	-1
37	25551	-1
16	20058	1
37	15606	-1
35	16617	1
13	7749	-1
43	3608	1
33	2534	-1
48	17114	1
31	10194	-1
4	11893	-1
19	25261	1
48	1904	1
48	22704	1
0	23443	-1
10	18938	-1
21	25585	1
46	27792	1
16	1929	1
10	391	-1
43	20375	-1
14	1765	-1
43	2019	1
42	9330	1
18	7370	1
13	29638	-1
48	11853	1
43	6488	1
18	26678	1
13	27268	1
5	16363	-1
40	9966	1
36	21275	1
20	27412	-1
9	14947	-1
43	22711	1
21	29378	-1
31	8698	-1
18	22745	1
43	23013	1
12	29406	1
37	8184	1
38	6526	-1
44	2851	1
13	1876	1
23	11793	-1
28	14584	1
43	21955	1
23	28962	1
48	10867	1
45	18669	-1
45	18364	-1
39	25159	-1
23	28797	-1
17	16663	-1
35	8084	1
30	22616	-1
46	7251	1
18	23523	-1
8	2291	1
25	23397	-1
16	29069	1
18	3018	-1
20	17903	-1
0	21275	1
36	6318	1
20	3754	-1
11	20982	-1
23	8003	1
13	25464	-1
43	30252	1
46	30898	1
48	28043	1
49	16224	1
18	7163	1
42	7863	-1
27	6276	-1
21	11458	1
13	30564	-1
8	9173	-1
26	6828	-1
42	2050	1
14	5243	-1
36	3469	1
17	2980	1
0	10634	1
46	21427	1
7	30392	1
18	20189	-1
14	18330	-1
12	30953	-1
34	5893	1
16	28522	1
44	28715	-1
5	11205	1
22	23357	-1
10	26979	1
29	9527	-1
4	5447	1
42	13817	1
41	18505	-1
14	30335	1
43	15944	1
15	4804	-1
4	12049	-1
36	4396	-1
24	29672	-1
5	27415	1
45	20152	1
7	726	-1
8	22643	1
29	7909	1
24	28517	-1
5	5794	1
6	17208	-1
16	18573	-1
31	21491	-1
36	18280	1
44	15545	-1
0	8053	1
18	16783	-1
36	16787	1
28	15090	1
27	21648	-1
0	11061	1
23	21558	-1
29	17289	1
31	15151	-1
42	13988	1
15	6406	-1
21	2886	1
46	21723	1
49	7890	1
40	26789	1
49	30135	-1
29	13192	-1
1	8003	-1
10	30817	-1
41	22159	-1
4	28846	1
28	14996	1
29	14074	1
30	8964	-1
42	3321	-1
5	23807	1
47	5915	1
18	25679	-1
10	2871	-1
30	3161	1
4	22245	1
40	3243	1
40	15902	-1
8	8010	1
44	28197	-1
45	13990	-1
44	3707	-1
39	12439	-1
10	21142	-1
43	22989	1
22	12899	-1
45	29689	-1
11	20202	-1
38	8882	1
8	9577	-1
18	29139	1
39	12918	-1
37	27277	-1
4	1135	1
8	30678	1
12	29181	-1
25	28967	-1
48	5763	1
21	6551	-1
13	22463	1
34	30957	-1
9	24918	-1
8	5403	-1
23	5862	1
38	2939	-1
19	22615	-1
42	29947	1
42	24617	1
48	22346	1
21	24488	-1
8	79	1
41	19152	-1
10	234	1
16	20205	1
42	12096	-1
46	24387	1
16	16333	-1
14	15170	1
28	8422	1
24	25951	-1
2	9033	-1
29	9674	-1
9	3790	-1
45	5761	-1
40	20308	1
19	24931	-1
14	1230	-1
43	8495	-1
34	1404	-1
46	30911	1
42	15351	1
17	28192	1
6	894	1
32	20128	-1
3	327	-1
8	4062	1
7	21908	1
43	13821	1
27	16223	-1
21	6893	-1
27	7684	-1
15	23259	-1
24	20889	-1
5	12058	-1
8	12741	1
17	30809	1
48	13113	1
42	11644	1
43	22761	1
47	11483	-1
49	17848	-1
8	3216	1
20	5204	-1
23	15161	-1
13	764	-1
16	20985	1
45	24313	1
14	8735	-1
8	16197	-1
20	19062	-1
49	14871	1
13	22919	1
28	1388	1
43	18604	1
43	11016	-1
32	30132	-1
28	22518	-1
19	13049	-1
32	4153	-1
8	30149	1
4	1194	-1
26	23218	-1
23	23805	-1
33	22165	-1
47	15243	1
17	2321	-1
9	29406	1
43	25094	1
46	19832	1
23	17407	-1
46	25418	1
9	15880	1
41	9364	-1
45	5662	-1
12	16099	-1
2	27006	-1
48	22531	1
16	14300	1
46	4000	1
43	3200	1
49	25857	-1
46	1312	1
12	10790	-1
49	26668	-1
35	6749	-1
24	1116	-1
46	11017	1
48	24489	-1
8	156	1
1	22653	-1
0	27216	1
2	6463	-1
18	22011	-1
29	21032	-1
33	30328	-1
35	24511	-1
6	22413	1
46	6507	1
35	19436	-1
26	29865	-1
6	16158	-1
43	15222	1
5	28356	1
6	22819	1
40	9560	-1
44	14569	-1
16	24964	1
7	8084	-1
16	24208	-1
48	30869	1
0	19111	-1
45	28136	1
4	16553	1
36	17416	-1
24	17741	-1
26	13838	-1
40	17575	1
8	27640	1
36	28000	-1
5	15922	1
48	24202	1
17	13643	1
21	18441	-1
13	356	1
14	302	-1
43	29511	1
13	20473	1
38	16829	-1
40	2242	-1
0	21157	-1
13	13054	1
11	16876	-1
34	18230	-1
4	7429	1
44	2862	1
21	10528	1
47	14994	-1
39	23953	-1
39	284	-1
19	2855	-1
8	25893	1
46	71	1
2	974	-1
4	17951	1
7	25186	-1
35	5334	1
23	5997	1
2	14966	1
48	26700	1
41	14125	-1
43	14485	1
7	7470	-1
37	2796	1
8	17116	1
16	1102	1
36	20790	1
33	7510	-1
48	10529	1
30	13520	-1
9	318	-1
48	16490	1
8	20414	1
6	21525	1
6	15323	-1
43	11253	1
5	7200	1
49	12449	-1
13	23242	1
10	25628	-1
6	18316	1
8	18714	1
40	24518	-1
8	23244	1
28	18085	1
14	6257	-1
43	25048	-1
8	25630	-1
42	29197	-1
19	28013	-1
6	24907	1
42	26359	-1
27	18230	-1
5	9896	-1
9	18276	1
6	2131	1
40	21162	1
8	5542	1
38	1028	1
49	28183	1
15	130	-1
24	24852	-1
2	3093	1
4	18327	-1
42	13724	1
43	26239	1
5	17464	1
4	20136	1
41	22474	-1
18	755	1
7	30830	1
43	13892	1
49	297	-1
10	5553	1
1	30153	1
20	14195	-1
8	24796	1
3	19044	-1
1	13745	1
9	27274	1
37	25061	1
18	26923	1
28	6998	-1
49	18966	-1
34	20348	1
34	3324	-1
8	10864	1
48	17843	1
39	6275	-1
28	6530	1
29	23774	1
5	6638	1
31	6782	-1
46	1477	1
40	12412	1
44	21831	-1
30	7384	1
42	11553	-1
4	28545	1
7	6994	-1
13	18023	1
31	29300	-1
10	16092	-1
44	14844	1
1	1660	1
25	5054	-1
29	30330	-1
42	19983	-1
45	20903	1
17	16184	-1
40	30909	-1
7	12396	1
38	15781	-1
13	3196	1
35	25476	-1
4	10751	1
42	28056	-1
48	17959	1
43	25786	-1
11	11707	-1
47	27798	-1
11	30385	-1
45	23202	-1
0	6864	-1
31	25766	-1
6	4947	1
2	23062	-1
13	24859	1
2	30064	1
32	19167	-1
46	8263	-1
22	9575	-1
12	12821	-1
41	2237	-1
7	15791	1
45	10659	-1
16	7548	-1
21	13799	1
1	2723	-1
43	21830	-1
26	15948	-1
44	18260	-1
31	16185	-1
49	26953	-1
48	30425	1
36	21930	-1
45	20892	-1
48	29148	-1
1	24887	-1
7	23017	1
29	14373	-1
49	3778	-1
11	22253	-1
6	30442	1
8	8838	-1
32	30960	1
21	20607	-1
35	20681	1
4	3713	-1
20	22000	-1
13	19308	1
0	20336	1
3	20103	-1
28	2917	-1
18	17754	-1
28	3616	-1
49	52	-1
30	7816	1
44	8683	1
18	12134	-1
8	16220	-1
15	17785	-1
7	17162	-1
48	29130	1
22	6885	-1
8	24585	-1
5	7741	1
37	7549	-1
28	28811	1
7	19419	-1
30	8591	-1
30	17790	-1
13	12607	-1
25	18872	1
5	14299	1
40	25289	1
46	9354	-1
23	1703	1
36	2940	-1
6	26375	1
9	11970	-1
44	7242	-1
21	3123	1
43	23192	1
4	2386	1
25	25113	-1
3	25181	-1
5	26502	-1
43	20748	1
13	4222	1
14	1331	-1
25	21917	-1
43	10079	1
17	17693	1
40	2557	1
48	23262	1
12	20883	-1
13	1095	1
45	20238	-1
13	19833	1
0	8630	-1
29	14658	-1
1	18318	1
8	28954	1
5	30606	1
25	17869	-1
10	30701	1
6	28142	-1
18	29188	-1
26	5320	1
1	12344	-1
45	17666	-1
34	11187	-1
4	913	1
27	1308	-1
42	26762	1
21	5047	1
21	13748	1
5	8078	1
0	17281	1
23	29472	-1
5	16776	1
43	6163	1
9	8327	1
30	19513	-1
37	30029	-1
5	6627	1
26	21987	-1
46	29213	1
43	15595	1
17	25873	1
19	628	-1
9	6890	-1
16	16693	1
38	20209	1
10	12863	1
8	14619	1
24	8368	-1
10	8060	-1
27	7009	-1
43	16178	1
45	8230	1
13	982	1
29	15775	-1
4	6883	1
4	23349	-1
42	9189	1
49	11028	-1
35	8419	1
48	1988	1
2	11390	-1
6	15932	-1
13	29702	-1
39	18510	1
16	30664	1
12	14801	-1
37	19772	1
17	19477	-1
32	8487	-1
46	27057	1
34	8115	-1
10	22896	1
40	8595	1
40	7931	1
6	26227	1
16	23206	1
48	29910	1
13	15897	1
9	28744	-1
4	2501	1
16	24373	1
27	14328	-1
46	18313	1
49	13082	1
30	15910	-1
42	9183	1
20	13994	-1
26	14782	1
14	11971	1
0	24060	-1
47	21274	-1
8	22078	1
1	7276	-1
46	19199	-1
45	28633	-1
16	19354	1
2	224	-1
48	19132	-1
4	30622	-1
30	29104	-1
39	14270	-1
18	8318	1
38	7566	1
23	17464	1
28	22188	1
24	16640	-1
34	1667	-1
23	854	-1
8	10532	1
48	10394	-1
48	17653	1
44	25991	-1
48	22904	-1
28	9869	1
28	9001	-1
38	2154	-1
13	11188	-1
10	17075	1
7	13108	1
16	5188	1
31	27847	-1
13	17675	1
11	1075	-1
6	21886	1
39	26256	1
13	23173	-1
13	25497	1
18	21780	1
25	25323	-1
45	5910	1
39	25078	-1
41	15850	-1
13	27248	-1
21	27992	1
43	1433	1
38	12301	1
47	2867	1
40	19373	1
30	20114	-1
39	9875	-1
10	23204	1
42	17053	1
45	30628	-1
23	18487	-1
43	26107	-1
5	25747	1
35	16645	-1
10	3695	1
15	8735	-1
22	30240	-1
46	2125	1
33	4691	-1
23	22431	1
8	29856	1
6	23099	1
23	21117	-1
5	18928	-1
37	4426	-1
7	23663	1
4	28974	1
27	5660	1
40	4976	1
2	18791	-1
25	28634	-1
6	11627	1
15	26854	1
9	28105	-1
5	3399	1
42	1380	1
23	10914	1
43	14076	-1
45	1916	-1
20	9153	-1
40	24190	1
4	17700	1
38	11110	-1
15	18132	-1
43	14737	1
33	8892	-1
45	256	-1
48	29765	1
46	17051	1
46	20016	1
25	21781	-1
18	10685	-1
28	13531	1
8	27487	1
30	884	1
12	1475	-1
25	25259	-1
4	24031	1
48	16595	1
18	23735	1
1	25469	-1
19	18161	-1
21	2875	1
26	27664	-1
32	12682	1
5	21983	-1
1	25756	1
8	2678	1
38	3625	1
18	4799	-1
40	25126	-1
4	4324	1
4	10238	-1
6	26516	1
49	27980	-1
6	4593	1
4	11271	1
4	4485	-1
46	19457	1
43	11354	1
8	882	1
22	29558	-1
29	4603	-1
21	26896	-1
13	6861	-1
32	7796	-1
17	26724	1
18	21279	-1
7	26350	1
43	29468	1
15	16404	-1
25	13960	-1
35	9657	-1
33	15844	-1
49	22343	1
48	25156	1
8	15651	-1
37	17298	-1
14	12696	1
48	21353	1
44	11539	-1
26	9236	-1
24	26343	-1
48	27562	-1
7	4983	-1
43	5953	1
15	21196	1
15	734	-1
6	1074	1
13	25728	1
44	963	-1
32	10913	1
47	22963	-1
49	13921	1
18	7240	1
18	712	1
8	19395	1
4	30596	1
4	23351	-1
13	10587	1
5	27034	1
29	22731	-1
7	914	1
35	23004	-1
42	11598	1
43	12262	-1
6	27571	1
36	4816	1
44	23321	-1
43	17990	-1
40	3406	1
22	30731	-1
38	28614	-1
11	9364	-1
22	25549	-1
10	17515	-1
18	27466	1
45	24890	-1
32	12293	-1
7	27272	-1
10	6148	1
18	25658	-1
36	9262	-1
37	25218	-1
37	5403	-1
27	27759	-1
13	16415	1
36	5235	1
45	29400	-1
14	2488	-1
18	12623	-1
43	13275	1
46	13909	1
37	17000	1
35	23209	1
12	15278	1
46	23222	1
43	31059	1
37	1279	-1
47	10721	-1
8	24405	-1
2	27829	-1
43	4916	1
33	9017	-1
37	25151	-1
35	24	-1
46	9520	1
31	26533	-1
8	456	1
41	27820	-1
4	23299	-1
13	26085	1
48	28973	1
17	23674	-1
27	6889	-1
39	10933	1
5	2511	1
48	12129	1
10	22697	1
48	7091	-1
28	30097	1
39	18301	-1
7	23364	-1
41	10114	-1
38	31077	-1
43	17043	1
46	9774	1
5	15876	-1
47	21517	-1
44	11580	1
3	22815	-1
30	10502	1
17	15906	1
43	13546	1
9	13808	1
9	26622	1
12	13689	-1
9	17527	-1
2	18535	-1
40	7667	1
3	19414	1
5	23592	-1
13	11618	-1
21	30156	1
18	15377	1
38	5242	-1
47	13878	-1
19	11231	-1
46	20431	1
23	19717	1
43	7682	1
14	8146	1
6	24739	1
49	20809	1
30	15673	-1
48	18711	1
38	966	-1
20	18011	1
21	2467	1
43	16163	1
14	8215	1
28	20939	-1
46	24179	1
25	21607	-1
21	12158	-1
23	19690	1
48	4558	1
5	8062	1
49	13331	1
4	10102	1
8	17324	1
20	7614	-1
35	20474	1
20	25910	-1
38	23783	1
6	30614	-1
6	12891	-1
15	26312	-1
12	23970	-1
23	23383	1
26	8315	-1
48	5877	1
43	26758	-1
36	1573	1
45	8261	1
48	27154	1
36	7079	-1
34	9717	-1
23	25007	1
4	331	1
24	24166	-1
3	27584	-1
48	16487	1
12	19061	1
28	23649	-1
18	13726	1
16	22587	-1
46	9259	-1
39	10550	-1
40	9528	1
3	17730	-1
0	27595	1
8	20121	1
46	25314	1
28	20179	1
33	5024	-1
30	23829	-1
23	7400	-1
42	20880	1
40	23879	1
20	18850	-1
6	19885	1
4	7275	1
26	27310	-1
6	26123	1
13	9426	1
41	25586	-1
13	1825	1
16	28759	-1
46	6720	1
46	22693	1
2	23611	-1
0	25402	-1
15	13648	1
48	635	1
49	20481	1
39	28458	-1
8	8801	1
40	15059	-1
19	3867	-1
22	12138	-1
35	13858	1
29	6033	-1
48	12645	1
1	25148	1
9	1876	-1
24	7825	-1
28	27876	-1
4	25198	1
5	19902	1
6	26723	1
46	18765	1
30	1979	-1
40	20061	1
21	1819	1
8	8355	-1
16	8904	-1
18	29919	1
34	15856	-1
38	23541	1
46	469	1
7	11868	-1
48	18613	-1
46	5036	1
42	3091	1
27	18165	-1
48	1248	1
46	29872	1
11	5790	-1
10	7233	1
19	2488	-1
49	9231	-1
46	3235	1
6	3161	-1
22	2176	-1
16	12280	-1
22	13618	1
34	9889	1
23	20979	1
4	4861	1
48	100	1
6	21306	1
21	19108	1
29	16409	1
42	22162	1
0	19631	1
7	24591	1
46	14415	-1
13	869	-1
5	22918	-1
49	28804	-1
4	23443	-1
43	26905	-1
38	15179	1
1	25289	-1
17	11230	1
43	23129	1
28	10780	1
8	24031	1
43	19637	1
36	5478	1
44	25770	1
49	13728	1
49	9322	1
41	10271	-1
31	1362	-1
5	4648	1
19	15525	-1
8	11923	1
18	1297	1
37	5066	-1
17	124	-1
31	23965	-1
14	19918	1
37	28072	-1
11	28100	-1
18	10420	1
5	23601	-1
39	5087	1
24	15730	-1
6	16629	1
44	24922	1
28	12675	1
14	18746	-1
26	14323	-1
7	8768	1
38	16041	-1
36	11776	-1
13	16592	1
6	16143	1
39	8184	-1
7	21773	-1
43	23533	1
40	3612	-1
41	11247	-1
18	28744	1
10	19309	-1
9	15325	-1
25	27292	1
25	9177	-1
45	18958	-1
1	15154	1
42	6386	1
48	29957	1
1	29732	1
7	15618	1
26	28359	1
39	20672	-1
28	12028	-1
23	468	1
30	25759	-1
27	14208	-1
10	20069	1
14	18356	-1
19	15656	-1
35	987	1
37	7628	1
18	1600	-1
29	27797	1
4	2021	1
46	28253	1
42	11955	-1
4	20791	1
16	12734	1
27	5075	-1
0	27660	-1
45	29381	-1
44	6887	1
6	984	1
35	24532	-1
13	17006	1
41	23733	-1
8	9880	1
43	10629	1
46	1315	-1
39	338	-1
23	2679	1
39	5007	1
23	24443	-1
48	4983	1
3	16568	-1
48	7157	1
17	30533	1
14	11488	1
17	3424	-1
30	22467	1
16	21896	-1
14	20190	-1
38	21655	1
40	19462	1
29	20354	-1
12	23489	-1
34	20453	-1
35	17472	-1
27	12838	-1
29	1439	1
24	26177	-1
41	7961	-1
43	24779	-1
17	6233	-1
10	26523	-1
40	218	1
48	16180	1
2	4030	-1
36	13426	1
21	9824	1
5	28636	-1
40	20557	1
15	26382	-1
42	27616	-1
22	23440	-1
27	22168	-1
14	3319	-1
13	2914	1
43	24177	1
43	19591	1
41	25924	-1
22	9783	-1
25	23386	-1
42	29175	1
5	8182	1
46	24678	-1
42	1177	1
19	3647	-1
46	2590	1
28	18175	1
22	21717	1
42	129	1
40	11721	1
28	1421	1
6	27777	-1
8	11924	1
25	28811	-1
9	17460	-1
45	12174	1
33	17675	-1
37	3906	-1
48	23651	1
30	28016	-1
24	18016	-1
28	18802	1
7	8703	-1
45	17981	1
20	29628	-1
32	18054	1
10	27908	-1
12	5921	-1
7	24877	-1
30	19997	1
19	18725	-1
9	10890	1
6	4365	1
43	7717	1
25	26728	-1
16	27947	1
36	25260	1
40	18281	-1
26	3675	-1
16	12329	-1
43	17240	1
14	414	-1
48	101	1
27	1287	1
34	18531	1
21	18435	-1
43	20187	1
30	21002	1
5	17485	1
16	15493	1
10	21101	-1
43	23261	1
23	21143	1
43	28712	1
30	3076	-1
29	17767	-1
32	14651	1
17	1185	1
19	6320	-1
43	25425	1
17	27611	1
30	25933	-1
15	11419	-1
28	22174	1
6	20110	1
25	15908	-1
9	15737	-1
29	26865	1
7	14041	-1
35	8078	1
38	1454	1
25	21180	-1
40	26192	1
45	10803	-1
42	17713	1
3	28757	-1
23	21831	1
2	10707	-1
30	6705	1
6	26636	-1
23	30158	1
5	20821	1
7	12730	-1
20	7597	-1
16	30846	1
28	15336	1
2	23031	-1
21	1218	-1
42	13589	-1
3	613	-1
38	268	-1
8	3067	-1
12	4357	1
2	30448	-1
10	14321	1
20	6120	-1
30	20572	-1
16	28325	-1
8	14810	1
36	30441	-1
0	11466	1
43	13608	1
21	7840	-1
6	173	1
1	5308	1
48	13467	1
38	26813	-1
13	10929	-1
8	2941	1
15	10633	-1
12	8788	-1
13	13823	1
37	8773	1
48	19289	1
0	1081	-1
6	12148	-1
25	3702	1
46	3	1
36	13853	-1
48	26247	1
28	27663	-1
13	9569	1
27	30089	1
44	4077	-1
0	6906	-1
16	20507	1
45	701	-1
47	21172	-1
16	25199	1
17	1512	1
45	22238	-1
48	9639	1
48	2233	1
28	19486	-1
4	14234	1
5	8273	-1
46	29552	1
28	19877	-1
4	6986	1
46	18828	1
7	28802	1
44	8962	-1
22	1405	-1
1	19713	1
28	15081	-1
49	8617	1
10	30821	-1
13	29110	1
19	25906	1
42	18438	1
24	3339	-1
0	12781	-1
35	2701	-1
43	16406	-1
46	14690	1
30	16980	-1
46	2534	-1
17	10168	1
4	11419	1
26	22273	-1
11	21670	-1
15	13868	-1
6	204	1
45	28562	-1
15	11522	1
47	1724	-1
32	11429	-1
24	28715	-1
4	20637	1
13	16764	-1
43	21797	1
7	22921	1
36	27136	1
21	5293	-1
27	6453	-1
39	12716	-1
36	30191	-1
28	27830	1
7	12221	1
35	21316	-1
15	19284	1
46	4912	1
43	19996	-1
32	26469	-1
33	25338	-1
25	22988	-1
4	6080	1
24	8254	-1
35	21953	1
5	23420	1
43	11614	1
44	22088	1
39	23201	-1
13	3407	1
43	9348	1
43	2561	-1
4	12786	1
8	27518	1
32	12592	-1
16	18280	-1
12	18371	-1
0	3116	1
39	11520	-1
36	4845	-1
18	7495	1
43	10255	1
45	15666	1
43	11762	1
39	19057	1
3	20966	-1
33	12308	-1
36	5279	-1
23	29989	-1
30	1871	1
4	12120	1
5	28301	-1
6	8256	1
23	7645	1
48	26342	1
9	16522	1
28	29384	1
40	14476	1
14	19627	-1
35	6546	-1
27	26781	-1
40	21034	1
46	21620	1
28	20269	-1
26	27124	-1
29	19838	-1
21	26253	1
19	20775	-1
12	16063	-1
16	25301	-1
6	28746	1
42	1340	-1
9	24403	-1
18	17186	-1
3	18312	-1
0	20602	1
33	10178	-1
4	10004	1
43	4994	1
10	7018	-1
4	17726	1
23	25749	1
43	19842	1
23	1416	1
44	9235	-1
46	13895	1
17	6608	1
15	9472	-1
48	12258	1
11	17923	-1
43	2857	1
47	13383	-1
22	11227	-1
12	16024	-1
20	10568	1
48	30390	1
44	19376	1
30	12120	-1
27	22926	-1
20	26574	-1
17	7958	-1
7	23704	-1
5	7531	-1
33	15246	-1
40	25807	-1
35	1343	-1
9	21112	1
38	18368	1
36	12302	-1
8	122	-1
13	28072	-1
26	1820	-1
22	27434	-1
16	10226	-1
28	4220	1
11	16648	-1
14	27127	1
38	7085	1
16	25602	-1
48	13277	1
24	15150	-1
22	21987	-1
13	22669	1
46	26430	1
7	1587	1
3	28525	-1
7	30080	-1
47	2218	-1
31	20418	-1
30	1346	1
39	24816	-1
29	11271	-1
27	29080	1
40	30366	-1
27	12084	-1
20	26208	-1
35	6118	1
42	14379	1
8	17194	1
2	14268	-1
14	20943	-1
15	9722	1
20	2038	1
42	21057	1
6	19602	1
7	6724	-1
47	20197	-1
6	16196	1
4	15059	1
40	27028	1
44	19756	1
13	4435	1
42	12047	-1
39	25500	1
18	28081	-1
44	27846	1
35	21478	-1
4	30123	1
17	1772	1
10	3500	1
4	6482	1
21	14584	1
48	22653	1
8	23551	1
4	23418	-1
47	14650	-1
40	10816	-1
7	27107	-1
23	21778	1
4	310	1
0	20485	-1
40	11040	1
7	23404	1
36	13785	-1
16	26157	1
13	4370	1
46	26647	1
4	7313	1
8	18641	1
16	1968	1
49	20602	-1
27	28940	1
46	2856	1
16	1062	1
42	10179	1
18	24452	-1
7	29933	1
39	16961	-1
17	20879	1
43	177	1
14	10814	1
37	24242	1
30	29828	1
8	22828	1
26	66	-1
13	9699	-1
47	8197	-1
5	2983	1
8	17962	1
6	25555	1
46	1772	1
18	9374	-1
9	2628	-1
6	25505	1
0	5536	-1
26	13300	-1
48	6289	1
10	22099	-1
34	17111	-1
3	28019	-1
44	2424	1
31	23905	1
8	16264	1
23	18839	1
17	617	-1
43	8696	1
43	3030	-1
5	5647	1
31	28520	-1
42	29486	1
5	29348	1
48	20375	1
30	10789	-1
30	30229	1
46	4263	-1
39	1325	1
43	18947	1
6	4931	1
9	11083	-1
46	14610	1
48	6059	1
8	22903	1
27	19686	-1
18	5439	1
1	16512	1
8	26505	1
0	5295	1
34	19589	-1
8	314	1
49	18815	-1
8	27973	-1
38	8627	-1
42	23985	1
14	8448	1
3	23829	-1
10	24894	-1
39	2490	-1
42	4347	1
16	19790	-1
13	21473	1
4	39	1
30	13354	-1
45	1886	-1
13	8958	1
31	5452	-1
48	16957	1
2	9885	1
43	14148	1
46	15411	-1
4	12985	1
35	23098	1
26	14878	1
41	29971	-1
5	25769	1
27	7147	-1
26	28156	-1
6	3782	1
16	28368	1
14	18711	-1
24	7804	-1
47	22486	-1
22	17530	-1
13	15553	-1
43	17258	-1
40	9490	1
48	3517	1
19	6461	-1
17	17073	-1
38	7543	-1
46	13457	-1
30	13031	-1
37	3330	1
1	4457	-1
31	12874	-1
10	29757	-1
8	20913	1
13	2512	1
46	28507	1
0	14688	-1
43	25355	1
32	12907	-1
30	17004	-1
7	30177	1
0	18717	-1
6	1186	1
38	25135	-1
40	23822	1
30	17127	-1
19	4917	-1
34	26995	-1
26	8533	-1
49	26143	1
49	5669	1
8	23872	1
29	22803	-1
35	4936	-1
42	9158	1
16	12199	-1
34	29627	-1
9	27278	-1
4	17202	1
25	23299	-1
37	22806	-1
5	30649	-1
17	26767	-1
31	10744	-1
26	6548	-1
46	19754	1
0	26058	-1
19	24346	-1
49	30668	-1
22	16920	1
4	15689	-1
42	5897	-1
34	17279	-1
16	22834	-1
49	6673	-1
16	23274	-1
21	19691	-1
48	11438	1
39	11586	-1
43	22475	1
39	3042	-1
4	23190	1
15	13854	-1
17	16444	1
0	14351	-1
8	13045	1
42	14094	1
28	16709	-1
33	28749	-1
12	6339	-1
31	28873	1
36	25212	-1
8	17528	-1
5	23530	1
5	2884	-1
38	13966	-1
42	5194	1
46	11093	-1
1	30078	-1
43	8602	1
46	4995	1
20	13555	-1
34	13859	-1
48	24265	1
22	19613	-1
9	17398	1
4	13318	1
35	7645	1
35	31010	-1
48	24433	1
43	5161	1
46	28180	-1
48	8723	1
40	23776	-1
42	10273	1
29	29945	1
13	16418	1
43	30385	1
40	1473	1
4	170	1
8	21318	-1
35	7005	1
8	9974	1
1	27034	1
13	1048	1
32	14113	1
42	279	-1
11	29230	-1
36	11461	1
13	9334	1
43	16093	1
43	28904	-1
10	316	1
13	12202	-1
48	23031	1
33	1132	-1
19	8844	1
15	21447	-1
10	287	1
40	14151	-1
47	10806	-1
49	9961	-1
46	8848	1
15	13785	-1
17	11859	1
7	21629	1
37	17114	1
9	21493	-1
26	26568	1
42	20128	-1
48	9814	-1
41	13052	-1
36	12620	1
44	23071	1
34	28878	-1
8	3159	-1
35	25771	1
11	1991	-1
14	9873	-1
48	30166	1
12	5218	-1
43	2303	1
26	26648	1
38	27881	1
40	1186	1
45	29944	-1
48	18045	1
36	28801	-1
35	22455	-1
22	22111	-1
13	17743	-1
16	10440	-1
27	16482	1
20	11950	-1
3	15823	-1
35	14707	1
41	10258	-1
31	18624	-1
38	23592	1
25	20414	-1
43	6726	1
41	15285	-1
5	21645	1
8	10808	1
27	20606	-1
39	14619	1
37	27269	-1
7	25305	-1
48	21725	1
48	731	1
22	1178	-1
28	18907	1
18	18120	-1
1	29778	1
13	416	1
44	23701	1
46	20914	1
6	2987	1
6	16401	1
28	21749	1
11	2167	-1
2	17996	-1
23	15318	-1
48	18149	1
25	9267	1
12	23551	-1
48	22303	-1
23	10825	-1
3	9955	-1
6	24133	1
8	18668	1
16	14162	1
29	2946	-1
48	16506	1
6	13144	1
32	14393	1
44	5042	-1
5	4940	1
12	3180	-1
10	24718	-1
3	18473	-1
29	12058	-1
37	1196	-1
1	23706	1
46	29349	1
40	18184	-1
40	2509	1
34	4300	-1
33	3572	-1
32	26222	-1
42	23984	1
5	8715	1
46	28957	1
33	29329	1
16	565	1
37	17867	1
6	23617	1
13	5127	1
25	28801	-1
45	18778	1
7	74	-1
7	24628	1
6	1804	-1
24	22524	-1
2	2530	-1
45	1297	1
13	28015	1
43	13469	1
0	2891	1
13	16233	1
38	4776	1
9	21402	-1
47	4628	1
28	25111	1
44	21014	-1
20	3127	-1
32	11427	1
4	4257	1
40	8744	1
8	27300	-1
5	24273	-1
43	1982	1
34	13350	-1
44	16888	1
37	19972	-1
40	8363	1
36	21128	-1
35	17274	1
8	17609	1
10	23901	1
16	29385	-1
35	30802	1
49	2177	-1
9	20298	1
1	12982	1
41	10208	1
6	28640	-1
4	19683	1
48	29483	1
36	8891	-1
23	2202	1
43	12692	1
47	22222	-1
20	20558	-1
29	8084	-1
32	6377	-1
0	15642	1
43	14012	-1
46	24970	1
10	13030	1
17	15248	-1
17	1990	-1
34	26230	1
15	7486	-1
44	922	-1
47	21841	-1
33	26255	-1
49	26070	-1
40	6780	-1
16	6368	1
5	8161	1
40	22735	1
1	20240	-1
29	18537	-1
18	15787	-1
6	21071	-1
13	1984	1
17	5115	1
44	23350	1
18	9959	-1
37	1905	-1
46	6365	1
10	26142	1
18	15672	-1
27	25758	-1
48	10043	1
17	10327	1
6	22899	-1
17	16651	1
15	17116	1
46	15692	1
0	20493	-1
43	1754	-1
7	27755	-1
1	21653	1
42	20754	-1
4	27883	-1
21	17288	-1
22	15465	-1
26	17087	-1
46	22178	1
41	22548	-1
13	3844	1
18	22333	-1
37	1415	-1
40	13719	-1
7	7724	1
29	122	-1
48	4081	1
40	18088	1
49	20375	-1
35	25952	1
42	2863	1
5	19827	1
0	20262	-1
46	4397	1
10	499	-1
8	10630	1
23	18523	1
45	8600	1
1	28486	-1
31	11463	-1
46	25565	-1
15	27997	-1
25	4412	1
8	15435	1
13	6394	-1
3	701	1
21	4573	1
40	22432	-1
42	8611	1
23	21545	1
2	23056	1
46	18756	1
0	1720	-1
12	25924	-1
43	22491	1
40	27793	1
37	12192	1
10	10678	-1
46	8203	1
13	4012	1
44	16985	1
48	23993	1
30	27422	1
16	4600	-1
5	10424	1
11	6367	-1
30	28881	-1
17	27242	-1
24	14504	-1
1	20163	1
48	16503	1
14	2616	1
49	13755	-1
21	20471	1
43	25556	1
48	7079	1
16	19999	1
44	7240	-1
4	1149	-1
1	20816	-1
43	1537	1
29	16692	-1
6	3956	-1
47	4542	1
42	15193	1
7	14161	1
1	17747	-1
5	13908	-1
43	18651	1
45	13578	-1
28	11892	-1
13	14702	1
25	27893	-1
43	24814	1
29	14215	-1
19	10507	-1
29	18826	1
42	11389	1
28	15529	-1
40	5535	1
15	11851	-1
4	15025	1
12	3784	-1
4	17624	1
40	13244	1
16	15211	1
18	30213	1
16	6939	1
20	3891	-1
34	5003	1
4	1819	1
9	29203	1
20	1651	-1
25	26418	1
32	4447	-1
9	4079	-1
21	7595	-1
0	13107	-1
37	25344	-1
38	18804	1
34	7296	-1
43	10750	1
0	818	-1
2	20724	-1
6	9957	-1
43	1015	1
18	8384	1
4	12660	-1
3	21739	-1
43	7230	1
19	2763	-1
14	3048	-1
36	1607	-1
46	5286	1
43	22125	1
1	8622	1
6	2232	1
48	29200	1
0	18090	-1
48	26642	1
46	17254	-1
1	7555	-1
8	10709	1
7	10450	-1
28	12557	1
30	13029	1
13	14060	1
12	30596	-1
46	21087	-1
13	24775	1
35	4343	-1
3	19575	1
43	28704	1
21	17818	-1
9	9075	-1
43	7851	-1
6	24822	1
9	19873	1
13	6198	1
29	7216	-1
28	10745	1
42	27191	1
6	11285	1
6	1006	1
7	1957	1
35	19058	-1
10	14060	-1
27	10603	-1
19	2972	-1
42	7037	1
35	27180	1
46	7833	1
26	16955	-1
46	10390	1
19	21809	-1
18	23825	-1
35	13301	-1
7	11565	-1
16	1985	-1
29	6123	-1
1	18984	1
29	30297	-1
26	9732	-1
35	5557	1
38	15441	1
42	2276	1
10	22170	1
21	22503	-1
28	25684	1
11	3669	-1
26	11992	-1
4	29766	1
13	23151	-1
48	8256	-1
47	10880	-1
48	5433	-1
43	29664	1
33	11914	1
34	30422	-1
13	30771	1
42	27401	1
34	22896	1
13	3688	-1
10	21089	-1
7	26448	1
40	28482	1
42	23880	-1
22	18117	-1
40	13694	1
6	24107	1
12	23254	-1
17	29027	1
41	20169	-1
42	3180	-1
34	25376	-1
43	27711	-1
48	19189	1
13	7260	-1
30	17907	-1
30	17964	1
29	19996	-1
11	576	-1
42	8441	1
16	7822	-1
48	12901	-1
6	28579	1
2	18577	-1
0	16055	-1
23	11190	1
4	30955	1
7	4614	-1
41	16741	-1
30	15455	1
16	20923	-1
48	27684	1
47	12247	-1
43	3213	1
1	8144	1
48	25235	1
40	23998	1
49	18070	1
2	473	-1
48	1260	1
28	2262	1
46	3243	-1
47	22436	-1
48	3420	1
21	23082	1
34	6080	-1
2	5913	-1
3	17838	-1
42	12662	1
43	8542	-1
37	9019	1
4	3815	-1
9	29030	-1
8	18440	1
5	26189	1
1	21663	1
16	23434	1
46	2122	1
30	20204	-1
16	26442	1
46	14096	1
46	18392	1
23	25380	-1
40	6351	1
25	4983	-1
17	20601	1
1	19421	1
46	20461	1
48	16464	1
45	11827	-1
8	27515	1
47	12765	-1
20	28708	-1
39	22885	-1
43	20893	1
14	26657	1
14	18302	-1
45	5649	1
43	30225	1
13	1917	1
5	20474	1
42	17260	1
39	25032	-1
13	11126	1
36	10531	-1
4	27405	1
42	755	1
46	4344	1
43	2692	1
26	5258	1
8	4430	1
8	20079	1
17	10766	1
43	15960	1
43	24433	1
24	10317	-1
9	1584	1
16	26974	1
30	13976	-1
45	14689	-1
31	733	-1
49	24098	-1
39	22765	-1
29	5499	-1
9	25419	-1
24	20802	-1
48	30712	1
13	10054	1
43	15533	1
38	9005	-1
9	18782	-1
48	9953	1
37	9505	-1
3	23613	-1
32	12512	-1
6	28490	1
15	6961	1
30	25770	-1
14	3182	-1
40	3971	-1
1	16793	-1
21	14449	1
40	13866	1
4	2324	1
2	12988	-1
14	19753	1
40	29343	1
39	6766	-1
13	20034	1
38	17628	-1
0	25022	-1
49	29743	1
49	8569	-1
20	19013	1
44	22105	1
28	20710	1
32	18821	-1
15	23965	-1
9	4502	-1
43	14454	1
23	1784	1
45	29125	1
7	1863	1
39	14496	-1
39	6852	1
31	5389	-1
43	527	1
7	5248	-1
43	19634	1
33	2746	-1
34	1656	-1
43	23605	-1
44	23394	-1
23	6683	-1
13	2169	1
41	11236	-1
26	19984	-1
23	3299	-1
18	15967	1
8	14192	1
20	28287	-1
1	13768	-1
42	17701	-1
15	30494	1
48	11983	1
39	5136	-1
1	2183	-1
27	4998	-1
13	12569	1
10	16844	-1
13	544	-1
47	19744	-1
19	20476	-1
37	535	-1
8	9244	-1
37	10365	-1
46	9885	1
43	25864	1
37	6158	-1
1	19123	1
17	10609	1
23	5558	1
7	2287	-1
18	7723	-1
48	26414	1
29	17181	-1
6	21712	1
9	22772	-1
49	6969	-1
36	4975	-1
1	8209	-1
43	19249	1
2	14077	-1
15	21629	1
13	21823	-1
8	26393	1
3	11446	-1
43	22562	1
26	23568	1
42	9654	1
36	334	-1
17	25968	-1
47	12000	1
10	6818	1
49	18678	-1
31	4270	-1
45	21279	1
43	228	1
47	26858	1
15	27510	-1
48	13692	1
7	23960	-1
6	24414	-1
48	12748	1
40	9076	1
48	24365	1
35	8876	-1
49	27365	-1
37	1971	-1
21	24933	1
43	9120	1
9	7783	1
32	23016	-1
4	22185	1
25	24147	-1
37	11102	-1
45	17326	-1
21	14501	1
23	25764	1
28	24425	1
18	8483	1
17	9143	1
32	9499	-1
46	19252	-1
12	30013	-1
44	3630	-1
43	14644	1
47	4500	1
6	20867	1
38	29815	-1
25	3286	1
25	13546	-1
19	19174	-1
6	18077	1
20	8972	-1
48	8198	1
23	11700	1
35	27540	1
0	1359	-1
7	4546	1
44	16489	-1
30	29207	-1
1	4988	1
8	19042	1
9	19558	-1
46	21856	1
17	4831	1
6	21246	-1
23	16227	1
17	29412	-1
22	9528	-1
16	3196	1
6	29955	-1
3	19742	1
31	23583	1
36	21029	-1
8	26329	1
48	30945	-1
35	1145	-1
44	8546	1
37	17325	-1
42	5637	1
8	25643	1
43	26174	-1
7	14970	-1
43	11201	1
29	11831	1
24	23123	-1
8	18757	-1
36	14651	-1
18	2233	-1
32	1532	1
36	24134	-1
38	5458	-1
31	24586	-1
40	598	1
23	1108	-1
23	921	-1
10	12173	1
45	23784	-1
45	17115	1
8	21659	1
33	8067	-1
48	19445	-1
48	8171	1
4	23504	1
48	15856	-1
4	20123	1
42	2580	1
14	676	-1
8	18769	1
40	10874	1
4	14022	1
2	637	-1
2	6508	-1
40	3374	-1
39	14801	1
35	28259	-1
4	16375	1
20	24043	-1
38	30241	1
6	27348	-1
19	2550	1
9	17241	-1
4	5541	1
46	1225	1
4	5612	-1
8	20768	1
25	1922	-1
13	27351	1
43	2563	1
17	14378	-1
46	16214	1
49	14999	-1
19	26486	-1
22	28055	1
19	7802	-1
0	17490	-1
40	9872	-1
24	1299	-1
32	10282	-1
16	15444	-1
49	9092	1
48	26697	1
17	12003	-1
36	30458	-1
40	29050	1
0	30410	-1
17	18992	1
21	2352	1
37	16026	-1
1	26017	1
43	5763	1
49	17478	-1
26	29028	1
3	25817	-1
9	3189	1
32	8337	-1
1	10718	-1
48	12941	1
6	16999	1
8	9600	1
12	24878	-1
36	18453	-1
15	3237	-1
11	10368	-1
2	10328	-1
43	24869	1
44	2193	1
19	8384	-1
5	5997	1
10	16867	-1
49	8430	-1
16	17189	-1
37	16003	1
42	25085	1
0	16045	1
9	543	1
0	11946	-1
29	3423	-1
18	3599	1
43	6353	-1
31	24919	-1
8	8633	1
37	8081	-1
2	29302	-1
46	25777	1
35	13879	1
6	24144	1
21	918	-1
28	13717	1
48	26152	1
7	12955	-1
23	4273	-1
15	27553	-1
16	5222	1
48	21091	1
45	24582	1
41	1118	-1
18	5683	1
23	16056	1
22	25120	-1
44	29587	1
4	20184	1
4	13334	1
48	16989	1
1	18469	1
37	4172	-1
41	17981	-1
30	18971	1
16	24503	1
8	244	-1
0	6847	1
35	23545	-1
46	5361	-1
26	20471	-1
6	731	1
46	4037	1
8	15587	1
4	14584	1
11	12273	-1
42	25285	-1
48	16978	1
46	19327	1
29	572	1
11	23421	-1
48	17952	1
25	1742	-1
9	3663	-1
13	9903	1
21	16546	-1
35	18645	-1
13	20720	1
3	14214	-1
7	28115	-1
7	28676	1
11	7230	-1
29	16970	-1
21	13590	1
42	16189	1
28	13711	1
43	3147	1
46	24017	-1
9	2251	-1
7	5676	1
30	24127	1
4	7470	1
5	17232	-1
40	27117	1
46	28859	1
5	4005	-1
32	19324	-1
47	23397	-1
38	16341	-1
31	11706	-1
2	11556	-1
2	25942	-1
25	13926	-1
8	14715	-1
24	17256	1
39	10957	-1
5	16438	1
46	20315	1
38	25226	-1
38	3910	-1
22	29776	-1
32	6704	1
5	12026	1
37	30950	-1
22	29991	-1
14	27870	-1
43	22853	1
11	16460	-1
28	7724	-1
48	21475	1
22	13967	-1
38	3367	-1
34	15444	-1
29	17927	-1
13	21076	1
37	22068	1
37	21869	-1
25	23781	-1
16	6487	1
4	22704	1
44	18778	1
35	8391	-1
32	4066	-1
46	11232	1
11	4006	-1
43	10725	1
14	1461	-1
49	4151	1
42	26726	-1
7	12967	-1
34	13967	-1
26	11	-1
22	8903	-1
36	13672	-1
6	15863	-1
32	26776	-1
32	19363	1
3	28863	-1
45	29203	-1
34	10196	1
9	3845	-1
17	9247	1
0	3480	1
9	17574	-1
43	18697	1
13	22533	-1
8	3900	1
43	22887	1
49	17954	1
16	253	1
43	19005	1
35	6532	1
21	17730	1
14	16555	-1
9	9327	-1
8	1239	1
35	17880	-1
38	9727	-1
45	9482	1
42	24795	-1
3	25120	-1
30	19427	-1
31	22280	-1
5	30889	1
30	10006	-1
4	7457	1
35	16607	1
1	8205	-1
27	26058	-1
40	4093	1
21	1216	-1
5	24597	1
13	18874	1
46	14592	1
48	11442	1
13	24451	-1
2	26169	-1
8	11917	1
42	6069	-1
10	19789	1
32	8032	1
36	1071	-1
37	28966	1
2	30858	-1
5	28093	-1
5	28812	1
8	6263	1
19	23284	-1
13	29020	1
31	21470	-1
49	6627	1
46	24233	1
46	24578	1
43	6086	1
13	12209	1
49	29002	-1
36	4739	1
34	6365	1
8	25779	1
10	9821	1
19	8107	-1
5	14117	1
46	9332	1
20	16212	-1
9	7707	1
25	12619	-1
43	2396	1
2	13930	-1
43	17562	1
25	30881	-1
17	29576	1
29	14392	-1
17	22062	1
35	12292	-1
8	9677	1
0	3389	-1
9	8509	-1
7	4096	-1
3	19969	1
28	27234	1
10	61	1
12	8309	-1
7	12342	-1
1	11090	1
6	10772	1
7	22632	-1
10	4732	-1
6	15570	1
19	6900	1
14	23320	-1
46	259	1
8	6252	1
40	30378	-1
24	21101	-1
40	30224	-1
1	30793	-1
35	10667	-1
27	11657	-1
6	9566	1
43	197	1
23	3956	1
43	18315	1
2	23988	-1
38	25154	-1
3	27649	-1
48	13081	1
7	4992	1
21	22875	-1
31	19381	-1
34	30242	1
42	29111	1
13	24538	1
47	64	-1
1	23329	-1
43	6199	1
10	8148	1
7	7754	1
34	15783	-1
4	19733	1
1	30680	-1
5	29417	1
5	1368	-1
6	9365	1
40	16715	1
28	22211	-1
13	13142	-1
48	439	1
11	26221	-1
30	25092	-1
14	7736	-1
40	6096	1
6	3021	1
47	3743	-1
19	11858	1
29	18869	-1
2	16216	1
32	16948	1
22	4787	-1
8	8966	1
16	22923	1
43	22784	-1
43	26510	-1
43	978	1
8	18536	1
43	23686	1
40	8700	1
48	22163	1
17	10894	1
47	6710	1
42	24672	-1
40	16800	1
29	12886	-1
5	6522	1
34	2043	-1
17	21954	1
24	11997	-1
28	11629	1
48	20956	1
13	11065	-1
13	20446	-1
16	27757	1
3	10082	-1
22	29195	-1
31	20163	-1
42	497	1
46	27846	-1
7	8511	-1
49	14858	-1
22	2342	-1
29	25328	-1
40	5	1
36	22952	1
0	14166	-1
42	787	-1
49	976	-1
25	18733	1
5	23636	1
42	27038	-1
30	7190	-1
48	28687	1
42	5628	-1
44	27890	1
5	26317	1
39	19706	-1
33	19128	-1
14	12458	-1
16	28647	1
43	689	1
48	12750	1
46	23028	1
40	11725	1
32	31081	1
18	16840	1
13	3383	1
43	21488	1
0	16519	-1
16	30995	1
32	17407	-1
32	19697	-1
1	25145	1
22	879	-1
43	25899	1
20	15537	1
20	19340	1
33	26029	-1
37	21600	-1
3	17489	-1
8	27248	1
13	26570	1
18	18778	1
42	7807	1
26	508	-1
30	30242	1
26	125	-1
21	5404	-1
26	30441	-1
10	11232	-1
7	12605	-1
39	2326	-1
30	7570	-1
45	20665	-1
40	2479	-1
35	7433	1
44	17596	1
7	12541	1
5	12476	1
48	6552	1
9	24081	-1
6	18292	1
18	8705	-1
16	19688	1
44	4352	1
0	25849	1
37	7141	1
42	2811	-1
27	1044	-1
34	26222	-1
39	22616	-1
27	9217	1
4	10502	1
6	11301	1
44	22624	-1
9	27090	-1
27	18651	-1
36	10941	-1
22	18839	1
23	1819	-1
38	1505	-1
36	23701	-1
39	8453	1
46	22057	-1
13	18815	1
6	28063	-1
8	27011	1
33	4445	-1
43	12840	1
38	9243	-1
9	10948	1
0	3781	-1
1	25317	-1
26	1955	-1
8	16016	1
46	4353	-1
43	13451	1
11	26713	-1
28	23640	-1
18	2922	-1
34	24421	-1
40	15406	1
15	22345	1
43	20522	1
6	9932	1
43	898	1
46	4321	1
20	19733	-1
4	16912	1
18	26155	-1
6	14650	-1
6	7682	1
30	2120	-1
8	27058	1
46	9189	1
41	6654	-1
7	27958	-1
9	10332	-1
12	28597	-1
17	2784	-1
39	327	-1
2	1208	1
6	9313	-1
35	19248	-1
13	4915	1
48	16706	1
30	20644	1
15	23000	-1
44	15347	-1
42	28867	1
10	13352	1
48	13917	-1
23	956	1
31	5886	-1
13	25038	-1
38	27260	-1
16	9351	1
49	14589	1
21	23395	1
36	9843	-1
17	5176	-1
1	23291	1
25	7052	-1
13	16902	-1
12	29976	-1
43	26630	1
42	22838	1
34	14642	-1
43	12678	1
6	29668	-1
37	19630	1
9	24884	-1
48	20156	-1
5	23002	1
41	13995	-1
2	4908	-1
34	19115	-1
34	13061	1
47	19258	-1
39	13148	1
42	28749	1
31	13669	-1
9	18657	1
20	23377	-1
42	18051	1
31	16717	-1
39	1744	-1
7	25856	-1
37	3703	-1
48	19456	1
18	4822	1
32	18870	-1
8	4355	1
22	22499	-1
23	13650	-1
30	18959	-1
46	8569	1
17	7350	-1
35	6616	-1
34	1387	-1
41	17709	1
25	12337	-1
6	26200	-1
13	17072	1
43	16871	1
48	13923	1
8	20024	1
39	6681	-1
15	5479	-1
8	21248	1
0	3773	-1
40	26884	-1
27	28491	-1
14	17472	-1
40	12814	1
2	28799	-1
48	19433	-1
8	24516	1
4	21347	-1
40	20915	1
29	30382	-1
35	8853	1
29	85	-1
28	10654	1
42	16251	-1
43	10537	1
28	8822	-1
45	9796	-1
42	28610	-1
6	25180	1
22	18565	-1
0	8699	-1
40	8102	1
27	12385	-1
48	6700	1
5	21556	1
40	23935	1
35	24085	1
13	21162	1
16	27103	-1
5	2655	-1
7	16198	-1
14	18674	-1
0	5825	-1
5	6930	-1
49	11452	1
13	10116	1
28	5155	1
20	18947	1
10	11547	-1
48	23188	1
17	9699	1
43	13241	1
42	18883	1
23	11971	1
40	17715	-1
35	4103	1
12	2696	1
40	26424	1
12	13248	-1
42	18860	1
16	15967	-1
13	8617	1
28	4087	1
49	12911	1
8	1768	1
30	15796	1
41	15076	-1
17	8326	-1
14	9769	-1
30	28172	-1
33	15344	-1
43	15743	-1
5	17988	1
42	14925	1
6	205	-1
42	20637	1
34	5643	-1
5	11584	1
18	14354	1
22	3758	-1
29	17447	-1
8	15111	1
47	9528	-1
3	26086	-1
46	25490	1
27	29658	1
42	5927	-1
13	9986	-1
11	15111	-1
43	18656	1
6	18758	1
6	21447	1
43	6021	1
40	18735	1
27	22161	-1
13	18292	1
38	20777	-1
23	2214	-1
24	27892	-1
17	6444	1
30	3247	-1
42	12221	1
29	30380	-1
43	4455	1
39	25844	-1
5	24513	1
42	7528	1
6	28015	-1
48	30007	-1
4	13138	-1
14	19901	-1
6	18514	1
7	302	-1
8	18977	1
38	25313	-1
46	30180	1
37	4162	-1
48	27206	1
27	4326	1
17	10166	1
42	1602	-1
48	5653	1
0	7576	1
16	21985	1
0	19373	1
42	9105	1
33	17586	-1
7	26330	-1
13	11473	-1
21	27889	-1
39	10536	1
19	16957	-1
16	12854	-1
34	6701	-1
42	15677	1
22	5268	-1
31	15388	-1
36	28791	-1
42	18814	1
20	21164	-1
45	15316	-1
35	10382	1
37	6459	-1
16	12106	1
21	6734	1
46	27753	1
28	30434	1
21	10765	-1
9	9543	-1
49	30162	1
29	27752	-1
42	11057	-1
16	23115	-1
18	18131	-1
35	13842	-1
36	18807	1
4	22684	-1
41	27124	1
37	8347	-1
13	8263	1
43	7324	1
43	18801	1
39	27533	-1
31	9103	-1
26	21707	1
49	11916	-1
46	22757	1
8	7095	1
38	25395	-1
7	17899	-1
46	30582	1
27	13657	-1
44	30518	1
1	27961	1
25	135	-1
40	25680	1
43	6981	1
25	7992	1
46	12484	1
27	4019	-1
46	5084	1
13	20885	1
8	10515	-1
1	19898	1
19	28889	-1
44	1620	1
20	7097	-1
28	12456	-1
36	17244	1
7	23749	1
25	16395	-1
48	29773	-1
25	5682	-1
14	4512	-1
27	27993	1
36	24463	-1
6	11180	1
8	29436	1
45	21860	-1
36	28962	-1
1	4591	-1
3	8775	-1
20	14231	-1
23	5496	-1
40	17991	-1
26	8524	-1
28	14655	-1
22	11445	-1
25	5528	1
38	1597	1
20	2843	-1
45	17477	1
6	6488	1
26	11915	-1
45	4167	-1
48	20346	1
9	30022	-1
20	20118	-1
4	18203	1
4	10274	1
14	17752	-1
8	7422	1
47	27591	1
43	5167	1
46	28301	1
9	7576	-1
20	6200	-1
33	3448	-1
45	3566	-1
34	24214	1
42	20132	-1
8	10775	1
48	23723	-1
45	7047	-1
27	15884	1
2	28016	-1
30	16757	1
9	24997	-1
46	30219	1
37	23065	-1
6	27780	1
5	29819	1
43	6127	1
48	17703	1
17	25737	1
15	20749	-1
29	7221	-1
1	21022	1
49	2734	1
43	6280	1
32	16172	-1
46	29573	1
37	15194	1
48	14684	1
43	29486	1
42	3547	1
37	768	-1
13	30912	1
16	19551	1
4	20892	-1
36	15364	1
37	17094	1
44	15772	1
47	6442	-1
37	8997	-1
10	7973	-1
30	2272	1
35	19856	-1
35	12041	1
27	4365	1
38	2561	-1
16	30660	1
43	12471	1
38	26922	-1
43	15639	1
22	27152	-1
48	24239	1
21	17524	-1
27	13286	-1
6	2399	1
46	16048	1
2	13386	-1
2	27420	-1
44	24040	1
42	26890	1
28	5292	-1
46	28416	1
35	2190	-1
48	13899	1
13	8963	-1
20	18383	-1
35	2683	1
7	19010	1
40	27572	1
1	27622	-1
14	22199	-1
28	17117	-1
21	5373	1
46	17794	1
23	8134	1
9	29712	-1
16	13597	-1
42	8472	-1
47	28831	-1
29	20021	1
10	25092	-1
46	17074	-1
1	1291	-1
48	12776	1
41	4625	1
6	26097	1
4	29656	1
13	24615	1
40	7208	1
42	16233	-1
46	4332	1
40	23992	1
35	10093	1
9	40	-1
28	22641	1
7	25814	-1
10	22371	1
29	5143	-1
22	13792	-1
28	22669	1
8	12323	1
20	13009	1
47	25580	1
46	22312	1
39	4236	1
49	14211	-1
4	8508	-1
7	12945	1
17	4642	1
43	21381	1
25	21553	1
32	13060	1
43	26143	1
11	9942	-1
28	19978	1
23	25692	-1
11	16550	-1
33	7455	-1
34	21353	-1
43	14432	1
16	3927	1
37	5862	1
46	21717	-1
39	19633	1
20	14624	-1
7	26233	1
49	7488	1
17	17147	1
8	7657	1
17	25769	1
28	19987	-1
2	15230	-1
24	26521	-1
11	23242	-1
32	17677	-1
48	15274	-1
38	14791	-1
4	24771	1
46	8885	-1
46	26426	1
48	21415	-1
4	9872	1
30	27915	-1
43	7739	1
4	16621	1
6	24134	-1
13	26530	1
48	14988	-1
19	2696	1
36	27030	-1
39	17299	-1
45	20130	-1
48	23457	1
30	21791	1
41	2059	1
37	11255	-1
25	11872	-1
28	14054	1
9	9205	-1
23	3604	-1
40	18066	-1
8	23276	1
7	21951	-1
4	20816	1
7	4364	1
32	26631	1
30	10374	-1
29	20344	-1
13	18272	1
23	18206	1
30	17417	-1
17	28831	-1
18	15157	1
12	27727	-1
9	16026	1
8	2643	1
46	16130	-1
43	28745	1
25	21140	-1
36	16889	1
18	10014	1
44	26470	-1
29	10360	-1
24	12906	-1
25	21495	-1
3	24180	1
30	4712	-1
5	10097	1
6	9020	-1
9	28881	-1
36	29769	-1
45	29630	-1
16	29764	-1
0	23757	-1
20	21541	-1
6	816	-1
1	20231	-1
34	29131	-1
36	4005	-1
10	16673	-1
27	7239	-1
23	17300	-1
40	11065	1
43	29568	1
40	14073	-1
38	16542	-1
38	15932	-1
11	8535	-1
42	21873	1
40	11655	1
38	11992	-1
8	13970	1
46	10031	1
23	17259	1
29	939	1
37	4117	-1
23	23909	1
27	3881	1
13	27004	1
27	6152	-1
46	13416	1
37	17592	-1
15	24107	-1
6	568	1
23	5492	-1
13	11696	1
22	11180	-1
34	29732	-1
25	3268	-1
13	25362	1
25	20615	-1
6	5320	1
21	26538	-1
21	8860	1
17	15769	-1
47	15524	1
33	29697	-1
40	18320	1
14	2553	-1
16	2504	1
48	26232	1
4	3181	1
14	22436	-1
43	35	1
23	2540	1
49	3059	1
10	9949	1
15	16199	-1
42	28908	-1
44	12533	-1
9	2566	-1
22	24603	-1
28	12876	1
16	28503	1
47	13647	-1
35	30368	-1
5	3673	1
1	9613	1
21	2365	1
46	14138	1
26	1310	1
38	10522	-1
40	18777	1
11	5402	-1
4	4555	1
48	19547	1
16	1823	-1
43	15939	1
3	12626	-1
37	30799	-1
48	13257	1
18	31009	1
2	6278	-1
12	23168	-1
31	26608	-1
13	27764	1
23	24907	-1
25	15205	-1
40	5970	-1
14	3983	-1
49	25205	1
36	23094	1
13	8561	1
35	19546	1
42	2035	-1
29	4959	1
29	9522	-1
10	20314	1
4	9624	1
0	30346	1
17	13089	1
13	8774	-1
20	16121	-1
43	27769	1
29	23385	-1
43	1832	1
22	19040	-1
13	18470	-1
47	10983	-1
17	724	1
18	16983	-1
17	5129	-1
44	26186	1
2	6220	-1
48	7552	1
46	350	1
23	21795	-1
6	5235	-1
28	1026	-1
21	12164	-1
39	16367	-1
13	3386	1
39	11325	-1
12	1991	-1
17	9936	1
11	19434	-1
12	7790	-1
15	8949	-1
0	21880	-1
46	5648	-1
36	19188	-1
48	8488	1
2	19309	-1
30	2866	-1
6	8554	1
25	17640	-1
19	31002	-1
5	1554	1
14	18998	-1
38	9610	-1
2	7681	1
45	17951	-1
11	25205	-1
32	19389	-1
21	5124	-1
28	1221	1
40	7566	-1
44	17949	1
17	15486	1
35	19416	-1
36	28561	-1
39	15722	-1
5	822	1
4	3812	1
30	5269	-1
30	29594	-1
32	26819	-1
29	2992	-1
35	23577	-1
21	26104	-1
28	5554	1
32	660	-1
29	5503	-1
43	17143	1
13	21251	-1
40	14259	1
8	29007	1
41	14309	1
41	10954	-1
8	16423	1
7	20421	1
5	238	-1
36	22660	1
18	22517	1
42	13927	-1
48	3456	1
48	4123	-1
13	26601	-1
41	15690	-1
43	271	-1
48	2374	-1
39	28853	1
39	15093	1
7	10677	-1
27	9557	-1
0	16314	1
20	7908	-1
46	24709	1
46	1922	1
30	17857	1
21	22949	-1
28	28132	1
2	8370	-1
40	17208	-1
16	16970	-1
18	7887	-1
9	14348	1
5	13762	-1
46	13677	1
35	2071	1
16	9946	-1
34	18966	-1
44	7981	1
12	15754	1
2	3264	-1
42	28178	1
34	8520	-1
35	1554	1
47	101	-1
13	7526	1
46	3841	-1
34	6614	-1
4	6676	1
45	17806	1
31	23067	-1
47	3292	-1
33	8833	-1
38	4818	1
10	28366	1
13	940	1
16	4126	1
28	29908	1
6	23072	1
9	12863	1
46	3422	1
0	10127	-1
10	21019	1
43	10055	1
6	22642	1
40	17364	1
13	1758	1
16	13091	1
37	26658	-1
27	324	1
22	29042	-1
7	1326	1
6	4755	1
17	22446	1
33	30712	-1
31	1426	1
48	25061	1
42	5039	-1
1	6609	-1
12	6238	-1
18	8695	-1
22	27989	-1
12	24242	-1
8	16169	1
4	26966	1
40	16011	1
13	22251	1
14	19280	-1
43	23152	1
42	10829	1
35	6932	-1
46	4319	1
30	6376	-1
18	12590	-1
48	7612	1
5	5051	-1
46	19711	-1
14	10564	-1
31	29160	-1
4	10129	-1
46	7474	1
32	2754	-1
44	18311	-1
2	29505	-1
27	17756	-1
35	22304	1
28	19862	-1
27	26012	-1
13	3846	1
8	27931	1
22	6765	-1
19	25695	1
48	14175	1
12	15288	-1
40	29431	-1
13	15628	1
29	30236	-1
30	9769	-1
10	20456	1
21	2975	1
46	12062	1
13	456	-1
49	10978	1
7	5755	1
40	10256	1
49	21597	-1
11	12291	-1
40	507	1
17	7203	1
49	20770	-1
13	14085	1
38	233	1
10	28832	1
43	5259	-1
8	21618	1
6	20447	-1
29	3921	-1
46	263	1
8	2488	1
44	11128	-1
46	15821	1
20	23616	-1
14	8678	-1
22	7607	-1
0	20096	-1
17	29439	-1
11	22252	-1
48	10769	1
4	587	1
40	17296	-1
8	12062	-1
10	9390	-1
0	7746	-1
31	12244	-1
19	28365	-1
23	17383	-1
41	10513	1
46	29274	1
8	29086	1
1	28180	1
2	329	-1
28	22881	1
44	22441	-1
17	17682	1
29	16942	1
48	1148	1
43	28550	1
40	23500	1
10	2928	-1
31	20780	-1
34	528	-1
17	17784	1
24	22433	-1
12	26382	1
19	26678	-1
14	3692	1
18	23537	-1
25	24206	-1
14	7391	1
19	3103	1
10	30096	1
46	5068	1
19	10574	1
16	597	1
43	14474	1
33	30541	-1
1	17998	1
35	23739	1
15	29875	-1
25	24219	-1
1	8761	1
5	17676	1
2	10297	-1
4	9216	1
46	24652	1
21	18790	-1
39	27917	-1
8	8467	1
12	1537	-1
16	8738	-1
4	23453	1
32	2561	-1
4	1169	1
27	15158	-1
27	8342	-1
44	28520	1
48	23308	-1
13	9605	-1
9	11924	-1
46	1953	1
35	13790	-1
46	5000	-1
41	11484	-1
13	10468	1
47	4473	-1
49	29077	-1
21	3426	1
18	7361	1
44	20567	1
46	7459	1
1	30672	-1
6	12747	1
37	4619	-1
29	17641	-1
34	14185	-1
30	2037	-1
23	24323	1
30	20637	1
41	7375	-1
41	20910	-1
28	16023	1
42	30065	1
49	7098	1
30	9723	1
31	5073	-1
17	23682	-1
45	21635	-1
1	18141	1
0	8308	-1
8	5659	1
14	5115	1
45	25371	-1
26	18614	-1
14	755	-1
10	14853	-1
31	10863	-1
41	19427	-1
13	11839	1
36	8929	1
15	23223	-1
38	17088	-1
17	7764	1
39	2403	1
8	28366	-1
30	28687	-1
15	23317	1
16	26580	1
36	2811	1
11	15300	-1
16	8174	-1
35	11609	-1
19	21775	-1
22	9162	1
30	17094	-1
16	27183	1
36	27607	1
25	17320	-1
10	25063	-1
28	5632	-1
47	23823	-1
49	19941	-1
46	22073	1
47	16902	-1
46	26640	1
43	11110	-1
6	29472	1
23	30119	1
32	11236	-1
47	25556	-1
43	9405	-1
15	5550	-1
48	15403	1
43	11398	1
7	14271	1
38	16212	-1
7	21740	1
14	29038	1
28	22927	1
29	20536	-1
32	19720	-1
0	13871	-1
18	20586	1
28	27620	-1
18	22277	1
9	26403	-1
48	31009	1
43	17385	1
13	1607	1
10	21662	1
43	24155	1
32	25861	-1
48	13534	1
6	18379	1
6	4679	1
28	2825	-1
4	8718	-1
41	2289	-1
31	30148	1
19	13994	-1
26	13228	-1
16	2152	-1
6	5940	-1
7	27925	-1
29	9160	1
46	27839	1
8	16840	-1
8	2857	1
43	22833	1
45	6507	-1
26	8632	1
8	20944	1
17	17134	1
1	4176	1
4	26878	-1
3	29164	-1
8	2614	1
17	13435	1
21	19762	1
25	13574	-1
32	20182	1
18	1758	-1
27	17444	1
43	2248	1
38	20464	-1
34	5992	1
28	3305	-1
43	23014	-1
19	5083	-1
28	1974	-1
27	23490	1
9	22272	1
4	14101	1
43	12784	1
43	25437	1
6	20106	-1
44	1872	-1
16	14723	-1
28	15320	1
13	28003	1
10	29445	1
10	20237	1
6	13971	1
32	15182	1
9	14201	-1
9	12193	1
46	7114	-1
20	9891	-1
41	10651	-1
47	19856	-1
47	13126	-1
18	15300	1
23	2047	-1
46	12370	1
5	14030	1
38	31059	-1
21	10254	-1
16	30130	-1
46	8817	-1
44	10723	1
36	6216	-1
32	9884	1
30	28304	1
31	944	-1
21	23387	-1
28	2024	1
16	16444	-1
13	8433	-1
45	30261	-1
18	5283	-1
8	9168	1
18	30440	1
39	22920	1
14	2588	1
47	6133	-1
30	438	1
0	7639	-1
22	23303	-1
8	4049	-1
18	10520	-1
8	8564	-1
34	20296	-1
31	28766	-1
22	9263	-1
3	27341	-1
40	21529	1
14	18358	-1
13	22531	1
20	7626	1
46	25583	1
49	7351	-1
10	18537	-1
8	4618	1
6	21674	1
35	339	1
13	19032	-1
1	30538	-1
20	18366	-1
45	19126	-1
20	2770	-1
33	13527	-1
48	8523	1
20	12499	1
27	9951	-1
21	6911	-1
25	12138	-1
48	13763	1
4	2964	1
27	23154	-1
13	639	1
22	3132	-1
48	6150	-1
21	22155	1
40	13785	1
32	8485	-1
45	6901	-1
19	20180	-1
26	13809	-1
14	14155	-1
20	201	-1
46	17309	1
36	5361	-1
41	23806	-1
27	24467	1
25	24851	-1
12	27504	-1
42	19428	1
32	7297	1
19	24115	-1
46	12151	1
36	8961	-1
46	30801	1
40	46	1
19	12933	1
46	25297	-1
22	21647	-1
35	18717	-1
47	5036	1
4	21223	1
38	27259	-1
49	25547	-1
30	17268	-1
0	26333	1
11	10141	-1
9	4581	-1
22	20537	1
8	25517	1
0	2028	-1
5	30079	1
21	29385	-1
2	9105	1
2	21390	-1
48	29156	-1
21	28745	-1
6	12729	1
31	26995	-1
9	25017	-1
7	18444	1
44	17387	1
30	30184	-1
24	28527	-1
15	5839	1
31	29949	-1
38	26926	-1
1	8314	-1
36	29011	-1
17	1742	-1
35	20593	-1
21	11040	-1
4	7099	1
11	26646	-1
39	18007	-1
12	14385	-1
6	10570	1
0	8759	-1
31	7859	-1
8	14430	1
8	11730	1
42	28035	1
9	6733	1
14	6609	-1
46	9319	-1
48	28314	1
9	29535	-1
28	4582	-1
38	2944	-1
16	12924	1
8	5477	1
8	26708	1
36	11130	1
30	18755	1
7	19432	1
13	16757	1
1	1347	1
13	26617	1
13	20407	1
41	13384	-1
13	8787	1
14	11452	-1
35	26900	-1
48	17064	1
36	2384	1
7	6025	1
31	26929	-1
25	31054	1
41	8988	1
28	19192	1
46	26632	-1
43	579	1
8	21013	1
32	3757	-1
14	2532	1
5	13488	1
23	15617	1
28	28470	1
4	354	1
35	26307	-1
4	2613	-1
30	3927	-1
6	18882	1
35	2261	-1
26	23432	-1
7	22482	1
46	15339	1
22	16472	-1
43	28935	1
40	5301	1
10	22140	1
4	30180	1
10	12342	1
6	11666	1
25	15605	-1
29	14251	-1
1	15990	1
19	2629	-1
27	902	-1
0	22082	-1
45	22339	-1
13	20124	1
43	13252	1
6	24932	1
48	29986	-1
10	4190	-1
43	30672	1
38	16578	-1
9	7706	-1
0	21875	-1
6	22318	1
20	22746	-1
28	17078	1
4	18280	1
9	13973	1
32	24517	1
10	30056	1
37	30853	-1
1	7418	1
16	18586	-1
17	25436	-1
28	26377	1
43	11218	-1
5	22872	1
22	15277	-1
28	12616	-1
6	3724	1
13	18849	1
43	20727	1
30	25864	-1
45	28600	-1
34	12131	1
37	19098	-1
39	25925	1
9	7080	-1
3	6994	-1
25	10257	-1
18	8422	-1
39	19517	-1
49	27897	1
13	28464	1
47	22082	-1
43	5937	1
25	4839	-1
28	9855	1
28	27795	1
7	26461	-1
17	6495	-1
46	17169	1
23	22867	-1
40	9679	1
43	14055	1
8	5366	1
40	23174	-1
3	5609	-1
43	22328	1
1	29915	1
29	4452	-1
9	29100	-1
47	30209	-1
40	23955	-1
43	26780	1
14	27860	1
22	7059	-1
46	14305	-1
39	30816	1
42	9715	-1
28	15312	1
13	27985	1
3	18230	-1
5	12338	1
18	13063	-1
7	9461	-1
6	2859	1
17	21741	-1
19	13025	-1
9	10913	-1
1	1560	-1
4	23650	-1
36	28761	1
9	29365	-1
27	20454	1
20	27665	-1
35	29803	-1
19	13364	-1
32	4317	-1
4	16774	1
26	11159	-1
8	2587	1
33	26985	-1
13	25549	1
29	4428	-1
45	22997	1
7	14690	-1
46	29288	1
33	1400	-1
38	22611	-1
10	4984	1
16	9261	1
40	28397	1
13	4792	1
46	2428	1
36	19649	1
16	19239	-1
35	25390	1
31	2058	1
18	15091	1
19	15630	-1
11	16363	-1
12	17637	-1
31	9241	-1
35	6021	-1
22	13948	-1
46	30120	1
1	10092	1
16	29967	1
23	13857	1
21	13844	1
9	7902	1
40	4820	1
8	2751	1
8	8300	1
15	7059	-1
41	21732	-1
13	20484	-1
27	24604	-1
44	20614	-1
33	16895	-1
6	16189	1
14	13050	-1
9	19153	-1
5	16440	1
35	21514	-1
11	26921	-1
32	5781	1
0	27131	-1
49	966	-1
26	12767	-1
44	6901	-1
8	1374	-1
6	24019	1
4	29236	1
13	28454	-1
11	26488	-1
18	23504	1
6	25422	-1
30	6727	1
29	19427	1
29	27321	1
30	14059	-1
46	17860	1
33	21214	-1
46	25348	1
15	14931	-1
37	27514	1
40	11915	-1
6	13581	1
23	27385	-1
47	16775	-1
43	21197	1
46	24608	1
44	23115	1
43	13068	1
48	873	1
47	11233	1
10	30683	-1
29	15334	-1
42	20238	1
46	26058	1
11	26012	-1
46	9457	-1
7	16263	1
6	4014	-1
38	21028	-1
25	21471	-1
28	17276	1
15	4876	-1
5	6194	1
23	16203	-1
30	922	-1
9	15579	-1
6	13455	-1
6	4232	-1
48	8179	-1
14	22219	-1
37	8669	-1
9	3297	-1
48	12360	1
29	8650	-1
22	13223	-1
8	10570	1
40	18528	1
13	16034	1
24	16807	-1
19	10714	-1
48	5287	1
30	25765	-1
6	5521	1
12	27162	-1
9	15576	1
22	6861	-1
7	6374	-1
18	5228	-1
46	23108	-1
30	23014	1
4	7514	-1
13	31061	1
48	8043	1
5	15775	1
8	4794	1
18	12581	1
9	21531	-1
31	26613	-1
46	4257	-1
48	10129	1
10	15149	-1
9	12901	-1
48	14259	-1
42	9396	1
34	12384	-1
5	19117	1
25	24078	-1
8	20867	1
26	2561	-1
14	22069	1
26	11848	1
9	16335	-1
42	21147	-1
32	30084	-1
13	20615	-1
17	4190	1
42	20033	1
41	22437	-1
42	17353	-1
13	11454	1
26	15071	-1
35	4667	-1
24	8770	-1
43	28490	-1
15	1527	-1
21	3888	1
49	15671	1
5	11452	1
46	4442	1
32	27109	1
45	21667	-1
49	17849	-1
1	5072	1
16	2814	1
27	16891	-1
3	15264	-1
37	26997	1
31	17932	1
5	16562	-1
11	23428	-1
28	5456	1
34	16124	-1
41	14998	1
1	29731	-1
3	19704	-1
28	30107	-1
43	22458	1
6	5763	1
45	16640	1
10	8369	-1
12	1423	1
2	17556	1
16	6812	1
40	13777	-1
46	17038	1
17	11440	1
0	24421	-1
42	18044	1
13	14217	-1
49	12627	1
43	18874	1
11	30765	-1
39	4397	-1
24	3006	-1
44	8387	-1
25	2369	-1
0	19534	1
36	16899	1
26	25324	-1
1	609	1
43	5440	1
15	741	-1
11	3908	-1
25	6822	1
5	12836	-1
13	24251	1
7	23605	-1
43	11206	1
6	17969	1
37	8183	-1
9	17186	1
46	1363	-1
0	6923	-1
26	10745	1
4	21070	1
46	10694	1
8	30219	1
36	15319	-1
17	16440	1
42	10449	1
31	20005	-1
46	21882	1
8	9568	1
45	10547	1
1	14377	1
26	27996	-1
1	24459	1
45	12379	-1
4	7663	1
45	1490	-1
6	15279	-1
19	3155	-1
7	19071	1
35	17994	1
26	19273	-1
47	22689	-1
16	16096	-1
29	16736	1
43	16288	-1
1	25561	-1
45	21265	-1
35	1391	1
19	7127	-1
48	9425	-1
13	7171	1
38	953	1
9	14972	-1
17	5927	1
38	27103	1
35	13927	-1
40	1263	1
17	845	1
5	26403	-1
22	27759	-1
1	19240	1
21	16446	1
13	2564	-1
31	28806	-1
4	25726	1
49	19874	-1
43	9486	1
46	19721	1
44	25543	1
21	23188	-1
6	13285	1
16	10560	1
28	21970	-1
42	12837	1
43	24511	1
4	3415	-1
27	3406	-1
44	30741	-1
34	4828	1
47	16402	-1
38	27505	-1
22	2027	-1
43	27395	-1
44	18855	-1
36	25909	-1
43	29070	1
8	16165	-1
30	12554	-1
9	14514	1
17	9088	-1
29	8360	-1
8	13509	1
20	21315	1
4	15597	1
7	387	-1
16	21420	1
48	23960	-1
15	27220	-1
40	15561	1
39	6430	1
46	23734	1
9	8300	-1
4	25731	1
4	27826	1
9	9296	-1
40	3052	-1
9	1976	-1
46	27998	1
3	27621	-1
31	810	-1
43	8175	-1
46	25109	1
1	25197	-1
7	18122	1
1	15763	-1
11	26300	-1
46	29886	-1
45	15265	-1
23	28508	-1
30	29087	-1
24	13097	-1
45	4525	-1
48	17353	-1
20	30581	-1
48	24932	1
8	11901	1
30	17647	1
32	10661	1
10	17506	-1
31	25452	-1
17	2607	-1
16	12628	-1
17	4938	1
43	15696	-1
7	20221	-1
39	11922	-1
17	12204	1
13	16913	1
14	2460	1
23	17087	-1
29	12869	1
4	10127	1
6	19979	1
43	627	1
36	28192	1
28	2426	-1
40	10544	1
7	28436	-1
35	4953	1
35	6794	1
38	21019	-1
18	5966	1
44	17308	1
18	22158	1
42	20367	-1
47	28400	-1
16	28207	1
49	6141	-1
8	5268	1
4	11701	-1
30	7191	-1
7	22744	-1
11	20250	-1
16	14385	-1
32	16086	-1
21	4111	1
42	30308	1
35	17335	-1
47	18151	-1
1	4412	1
42	18492	1
29	25064	-1
45	13135	-1
10	18517	1
40	23056	1
23	3097	-1
23	23044	1
28	11469	-1
6	24925	1
16	3700	1
1	14589	1
43	12057	1
36	6251	-1
8	10672	1
43	27451	-1
18	16324	1
16	11529	1
6	11831	-1
19	2523	-1
27	16543	1
25	29124	-1
1	6913	1
41	15340	-1
16	16728	-1
10	7662	1
13	23165	-1
17	24391	-1
42	25365	-1
49	1494	1
38	16836	-1
29	28657	1
6	100	1
39	28368	1
21	4893	-1
35	24847	-1
32	8209	-1
43	13163	1
44	29309	1
9	8458	-1
30	26523	-1
13	2805	1
1	10315	1
4	21760	1
43	7582	1
40	2816	-1
31	17638	-1
46	13652	-1
14	16089	1
23	10289	1
27	17588	1
37	22906	-1
6	9532	1
43	26059	1
14	5845	1
45	17019	1
29	12518	-1
40	17220	-1
20	18745	-1
28	7434	1
1	7106	-1
2	24425	-1
14	9278	-1
39	12615	-1
48	10713	1
40	30944	1
8	4376	1
28	1106	-1
6	8190	1
43	4833	1
3	19828	1
29	26770	1
28	29857	-1
46	20299	1
43	29181	1
31	19696	-1
4	22408	1
23	13922	-1
14	20274	1
44	26175	1
21	10502	1
13	19022	1
4	21277	1
7	23139	-1
24	22413	-1
5	19583	-1
2	30242	1
43	15066	1
7	284	1
9	25881	-1
3	24789	-1
45	5205	-1
46	27514	1
26	17524	1
24	13790	-1
25	19805	1
47	14015	-1
43	7857	1
6	9179	1
42	24896	1
8	17738	-1
46	20133	-1
4	25172	1
29	8392	-1
10	4350	1
13	9163	1
41	23595	-1
34	30019	-1
2	22633	-1
8	17675	1
1	24841	-1
5	404	1
13	19629	1
44	6713	1
21	3126	-1
32	19344	-1
23	18130	-1
43	12494	1
3	28736	-1
23	25034	-1
8	5116	1
1	23209	1
32	23901	-1
7	9103	1
43	25026	1
14	3800	-1
46	20047	1
31	22422	1
3	28733	-1
35	7939	-1
23	4786	-1
46	16424	1
34	5231	-1
14	28791	1
17	17746	1
2	11021	-1
16	18234	-1
16	16915	1
24	3905	-1
32	25976	-1
36	411	1
16	20189	-1
13	29811	-1
9	12173	-1
49	29019	-1
38	19391	-1
40	18206	-1
34	24484	-1
27	16603	-1
28	23336	1
39	19140	1
4	28334	-1
41	26825	1
19	14112	-1
22	21139	-1
4	26870	1
40	30488	1
14	10573	-1
41	26467	1
44	25848	1
21	22573	-1
36	17958	-1
11	17960	-1
18	17497	1
9	2864	1
45	16080	1
32	2707	-1
31	29497	-1
20	20323	-1
45	11281	-1
25	27957	-1
21	12339	1
40	4423	1
18	4681	-1
4	28376	1
41	27162	-1
32	13822	-1
2	17970	-1
15	27356	-1
13	9258	1
1	19515	-1
43	1544	1
6	5849	1
37	19411	-1
13	9077	1
23	30650	1
4	9359	1
0	7358	-1
11	5097	-1
13	20233	1
48	5982	1
40	10481	1
11	29845	-1
33	20619	-1
4	26123	1
13	12392	-1
42	22850	1
6	18624	-1
42	2437	1
35	14991	-1
30	20125	1
18	16601	-1
5	15814	1
8	30625	1
24	27482	-1
43	30421	1
43	2780	1
41	4920	-1
21	2015	-1
4	3603	1
13	28898	1
16	9954	-1
16	8011	1
28	22853	1
48	8674	1
40	29109	-1
44	18253	-1
49	8135	1
23	13610	-1
43	14514	1
17	24513	1
28	25993	1
1	5103	-1
40	14427	1
4	17378	-1
1	10340	1
21	26614	1
40	30397	1
36	17246	1
13	8086	-1
46	9255	-1
47	12647	-1
9	24613	-1
15	4171	-1
13	20371	1
43	7942	1
15	2689	-1
42	30187	1
42	426	-1
5	23810	1
16	12846	-1
4	9364	1
13	7388	1
43	722	1
11	11642	-1
17	8205	-1
0	8097	-1
8	23396	-1
10	12032	1
40	12095	1
14	17829	-1
46	19620	1
18	20191	1
8	20345	1
13	7570	1
18	17906	-1
9	25783	1
21	7883	1
41	5578	-1
9	6158	-1
47	25875	-1
19	760	-1
7	21668	1
1	21907	1
48	3246	1
2	6870	-1
39	63	-1
37	11861	-1
14	12615	1
38	11195	1
26	482	-1
43	6401	1
17	9585	1
8	15284	-1
9	7625	1
13	26096	1
28	2099	1
42	1549	1
9	14753	1
42	3683	1
18	20024	-1
41	14606	1
0	13084	-1
25	18435	-1
40	22364	1
16	28483	-1
16	28099	-1
49	2289	-1
29	17219	1
27	26560	1
24	2740	-1
28	11947	1
2	3329	-1
13	4247	1
42	12955	-1
0	5452	-1
8	14742	1
41	26962	-1
35	13073	1
42	18533	1
43	26871	1
15	2753	-1
17	14440	1
31	17659	-1
28	14389	-1
43	4056	1
22	13720	-1
17	25640	-1
40	28804	-1
48	12626	1
46	27522	1
10	27035	-1
5	19387	1
12	21151	1
46	15951	1
5	24027	1
34	19192	-1
28	14935	-1
48	29338	1
48	17729	1
43	2651	1
46	11364	-1
46	7702	1
41	17338	1
44	10430	-1
12	27018	-1
16	17744	1
39	10860	-1
38	30881	-1
43	104	1
16	28435	1
13	635	1
46	14372	-1
41	27301	-1
11	22770	-1
17	5479	-1
17	10331	1
10	23515	1
46	8711	-1
18	20017	1
9	25916	1
33	10961	-1
14	25959	-1
26	5190	-1
35	13185	-1
43	29603	1
27	23464	-1
8	22314	-1
43	11599	1
35	8150	1
4	2453	1
28	27639	1
20	21858	-1
8	14460	1
42	30762	1
46	28146	1
1	2422	-1
31	28939	1
28	29288	-1
34	15000	-1
43	21696	-1
1	4019	-1
37	10092	1
30	13580	-1
19	17314	-1
28	30629	-1
48	18007	1
42	17434	1
30	1743	-1
38	11284	-1
44	3841	1
20	15524	-1
36	19560	-1
7	12934	1
41	1825	-1
9	16571	1
23	20790	1
31	997	-1
3	7629	-1
6	2168	-1
16	7146	1
4	25192	-1
39	24165	-1
49	21768	1
40	17526	1
17	1919	-1
19	27375	1
35	28643	1
13	5130	-1
49	27595	-1
28	15463	1
4	4207	-1
9	30371	-1
9	19173	1
12	5752	-1
37	23000	-1
43	28414	1
4	7347	1
16	29867	-1
16	9018	1
3	28641	-1
11	29797	-1
34	29553	-1
8	24504	1
14	30080	-1
14	16906	-1
43	20526	-1
44	18213	-1
31	425	-1
31	2414	-1
14	22935	-1
35	16341	1
6	15890	1
49	21425	-1
36	27625	-1
43	27179	1
8	25186	1
7	19025	-1
25	10953	-1
1	20232	-1
15	23754	-1
0	1461	1
23	22289	1
22	8986	-1
44	28993	1
15	2413	-1
2	494	-1
45	3726	-1
8	9631	-1
42	11360	1
4	3136	1
36	29753	1
13	14997	-1
25	15310	1
17	14693	1
44	3743	-1
16	24561	-1
7	18944	-1
46	13839	1
4	25376	1
35	12135	1
45	26174	1
14	15032	-1
38	7987	1
43	13340	-1
0	26470	-1
47	28287	-1
45	24888	-1
26	18435	-1
29	27302	-1
4	28224	1
35	17809	-1
38	8401	-1
45	28548	-1
20	14651	-1
35	8574	-1
30	25721	-1
10	17755	-1
39	14238	-1
49	18159	-1
28	16637	1
13	24715	1
20	26042	1
40	19508	1
42	23777	1
13	768	-1
48	1567	1
39	7551	-1
49	22770	-1
14	22766	1
9	11258	-1
43	17502	1
6	20751	-1
18	30007	-1
14	26997	1
10	337	-1
43	20593	-1
7	13696	1
8	8973	1
36	18865	-1
14	22532	-1
18	4437	1
44	5663	1
21	26785	1
14	30289	-1
48	9602	-1
4	6594	1
6	11005	-1
17	994	-1
48	16431	-1
48	21519	-1
49	4533	-1
36	259	-1
2	19855	-1
23	18307	1
8	20059	-1
46	447	1
10	12500	1
13	31028	1
26	20769	-1
7	14046	-1
43	3680	1
16	4832	1
45	12161	-1
29	30762	-1
35	26356	1
21	17794	-1
5	15050	1
8	374	1
20	4609	1
16	18563	-1
21	11974	-1
12	11948	-1
49	20542	1
6	9093	1
28	3166	1
47	9512	-1
4	16649	-1
17	30842	-1
45	4678	-1
7	2310	1
40	8192	1
8	27660	1
45	2771	-1
11	2177	-1
9	24839	1
49	30103	-1
0	19509	1
4	3260	1
8	4843	1
12	18240	-1
48	28705	1
33	5849	-1
27	5197	-1
37	25238	-1
46	22966	1
35	28512	-1
9	22313	1
16	11219	1
3	11097	-1
21	2964	1
0	12802	-1
44	21632	-1
26	11869	-1
21	8259	1
44	2260	-1
10	16302	-1
36	1911	1
34	18932	-1
25	9597	-1
36	20442	-1
15	17906	-1
23	785	-1
45	15118	1
16	14422	-1
7	4970	-1
4	26495	-1
23	20981	1
40	22865	1
41	19301	-1
43	28097	1
39	21310	-1
12	20122	-1
48	7855	1
46	16518	1
12	14659	-1
7	10098	1
8	17347	-1
8	15024	-1
28	6429	-1
14	25473	-1
8	16810	1
9	21052	-1
17	28576	-1
10	20484	1
28	26807	-1
32	6825	-1
32	16385	-1
0	3148	-1
38	1784	-1
5	14285	1
39	20512	1
16	28250	1
32	23897	1
45	17365	-1
40	25916	-1
25	3088	-1
14	23229	-1
39	16606	-1
32	16716	-1
29	7316	1
48	1494	1
7	11298	-1
35	18692	-1
18	24682	1
11	8111	-1
37	8083	-1
49	878	1
29	1385	1
1	2955	1
15	5047	-1
13	28826	1
4	2357	-1
42	17441	1
12	14013	-1
26	22471	1
7	10058	1
48	25167	1
33	7641	-1
49	29373	-1
8	14473	1
6	23785	-1
44	16871	-1
0	6524	-1
13	21149	1
31	27570	-1
29	15114	-1
30	2184	-1
4	3057	1
41	8795	-1
42	2724	-1
26	18792	-1
16	13445	-1
5	302	1
26	30510	1
46	8430	-1
43	873	1
21	17378	1
45	24623	-1
4	15556	-1
28	7698	1
26	5220	1
5	25759	1
49	21048	1
27	6780	-1
43	16477	1
4	5695	1
0	11875	-1
30	13724	1
44	4499	1
43	11579	-1
44	3421	-1
1	4740	1
15	18927	-1
22	10170	-1
33	1179	-1
43	10262	1
9	18768	-1
42	28803	1
9	10780	1
48	28237	-1
4	15256	-1
23	2939	-1
41	21027	-1
42	17497	1
7	23717	1
36	2208	-1
38	30315	-1
31	8897	-1
11	13389	-1
35	1055	-1
17	9689	1
20	21352	-1
6	20592	1
40	23308	-1
5	15300	1
10	12571	1
8	11612	1
46	28350	1
8	14075	1
14	21935	-1
42	23835	1
9	29563	-1
43	26181	1
10	24431	-1
4	10110	-1
12	22716	-1
13	22442	1
43	26142	1
9	1314	-1
43	3596	1
8	7051	1
43	12209	1
32	5	-1
35	25071	1
49	2082	-1
4	31037	-1
48	29118	-1
43	18475	-1
9	7214	1
4	30544	-1
13	23962	1
27	25186	-1
40	8791	-1
8	2382	1
21	339	-1
44	3149	-1
23	25054	1
36	16303	1
1	9365	-1
42	2193	1
28	4889	1
14	26413	-1
16	7521	1
23	17892	1
43	26981	-1
46	13837	1
16	26587	1
30	13224	-1
34	8862	-1
12	25063	-1
48	15674	1
33	17481	-1
4	15960	1
40	10143	1
0	12679	1
40	3986	1
15	13229	-1
1	8731	-1
16	23648	1
46	25456	1
8	7348	1
16	3329	-1
18	5335	1
39	7414	-1
33	17702	1
43	15979	-1
8	18344	1
28	15385	1
30	14490	-1
44	20203	-1
24	28688	-1
4	30482	1
28	19947	-1
16	10647	1
5	15317	1
2	18362	-1
44	24323	-1
40	6767	-1
6	10303	1
25	17932	-1
17	26989	-1
43	4726	1
0	18463	-1
27	11726	1
9	15113	-1
20	30007	-1
41	17795	1
40	22020	1
12	10778	1
6	23594	1
2	6292	1
37	21631	-1
36	16854	-1
6	8303	-1
10	23161	1
27	20935	-1
21	27854	1
37	920	-1
40	6637	-1
5	16284	-1
21	30871	1
20	2069	1
42	620	1
44	4968	-1
46	156	1
10	6584	-1
48	10685	1
11	24210	-1
43	3541	-1
19	17680	-1
27	11109	1
29	26168	-1
47	17241	-1
48	20064	1
32	11214	-1
28	6518	1
26	11755	-1
21	3196	-1
49	3037	-1
5	15963	-1
13	27213	-1
37	28763	1
0	7661	-1
8	25939	-1
5	23634	-1
48	16236	-1
48	12696	1
17	15432	1
14	4133	-1
4	7666	-1
48	7226	1
33	20447	-1
40	16479	1
13	28705	1
7	13642	-1
26	5332	-1
6	6440	1
32	2358	1
0	29769	1
34	18876	-1
17	21913	1
34	6326	-1
35	26095	-1
6	28064	1
17	2867	-1
6	22689	1
42	1412	1
8	24337	1
0	16226	-1
48	4495	1
47	4685	-1
43	136	-1
38	6225	-1
20	6040	-1
9	2772	-1
15	1098	1
46	11763	1
16	23077	-1
25	4661	-1
13	10710	-1
1	13490	-1
38	16002	-1
28	7062	-1
19	10750	-1
35	9623	-1
11	8235	-1
43	12504	1
27	12825	1
46	15254	-1
37	24295	-1
44	17301	1
36	25642	1
13	29230	1
36	14722	1
37	6099	-1
30	25812	1
4	8785	-1
27	16453	-1
37	4467	-1
48	12671	1
46	5037	1
8	29951	1
18	5469	-1
2	8060	-1
46	22492	1
45	27893	-1
9	17960	1
21	1541	-1
23	6733	1
13	30228	1
47	7968	-1
12	19086	-1
38	22995	-1
48	13939	1
48	28115	1
8	250	1
48	30531	1
18	28628	1
13	17184	1
48	12978	1
22	8199	-1
43	27419	1
44	26092	-1
46	6081	1
13	14838	-1
8	10899	-1
13	4675	1
40	7308	-1
0	11331	-1
7	7550	-1
8	3815	1
43	30085	1
19	19260	-1
38	15157	-1
5	22474	-1
31	25339	-1
47	23635	-1
25	2572	1
39	28395	-1
16	24082	1
29	25715	-1
14	15719	1
35	24621	1
39	11795	1
37	25131	-1
16	15924	1
42	15596	-1
32	26909	1
10	25281	-1
7	690	-1
37	8030	-1
43	13924	1
4	2849	-1
35	11507	1
39	9744	-1
42	6210	1
13	26061	-1
18	9236	-1
27	8816	-1
24	14600	-1
17	23483	1
12	18988	-1
44	2380	1
46	20961	1
46	7149	1
29	8652	-1
10	2339	1
41	25646	-1
5	25950	1
8	6286	1
14	4731	1
5	7992	1
21	1930	1
12	17718	-1
26	9694	1
46	11130	-1
9	6523	1
30	18967	1
17	15261	1
7	15396	-1
25	12669	-1
42	26848	-1
46	25801	1
0	15982	-1
20	28874	-1
49	1546	1
43	10160	1
13	9100	1
21	28004	1
5	2141	1
38	6173	1
24	18280	-1
6	28585	1
4	27436	-1
42	19832	-1
38	4719	-1
39	10285	-1
35	4826	1
28	1184	-1
44	13899	-1
13	15964	1
11	11255	-1
19	1838	-1
8	1830	1
36	21415	-1
5	5350	1
19	30977	1
4	29486	1
10	27495	-1
29	11441	1
11	10486	-1
41	1971	-1
13	22535	-1
10	26709	1
9	19502	-1
9	27476	1
20	5948	-1
47	6679	-1
35	2418	1
40	408	1
34	26646	-1
48	24722	1
43	23872	1
35	15998	-1
27	25471	-1
46	14404	1
44	11474	-1
18	18519	1
25	17667	-1
2	27559	-1
6	9280	1
43	5958	1
8	26005	-1
13	1924	1
41	6090	-1
29	26576	-1
21	28307	1
21	15630	1
24	22773	-1
48	22720	1
39	21398	-1
6	17610	1
4	21766	1
14	734	-1
17	4609	-1
21	3942	1
25	23053	1
12	29224	1
39	12709	-1
7	18436	-1
24	6091	-1
0	24264	1
8	25590	1
36	2704	1
13	9330	1
39	24619	-1
25	9930	-1
43	15690	1
33	1296	-1
43	12424	-1
7	9302	-1
23	16546	1
16	9444	1
48	28507	1
48	23595	1
13	4665	1
8	4237	-1
16	12434	-1
34	8216	-1
18	17877	1
43	21121	1
5	21803	1
7	25661	1
17	10244	1
7	8479	1
29	30671	1
16	25269	-1
14	24264	1
4	11969	-1
48	25784	-1
21	26371	-1
49	2191	1
16	11845	-1
5	1958	-1
25	2231	-1
1	12318	1
47	17796	-1
4	22838	-1
45	25339	1
13	27934	1
43	30139	1
4	4290	-1
10	16666	1
21	16776	-1
39	25386	-1
14	13867	-1
42	18435	-1
13	3167	1
35	11226	-1
36	3431	1
4	20764	-1
7	21515	-1
31	2296	1
34	18611	-1
6	30146	1
28	28188	-1
8	20112	1
14	21865	-1
13	16820	-1
7	30860	-1
40	20048	1
40	23084	-1
3	8986	1
43	16196	1
20	2744	-1
40	27468	-1
0	25028	1
40	17262	1
32	9609	-1
41	30805	-1
31	4588	-1
21	14422	-1
15	12698	1
46	11218	1
1	18426	-1
42	25580	-1
0	12897	-1
5	29146	1
14	6229	-1
45	4561	-1
20	3417	-1
45	30408	-1
16	9349	1
8	597	1
6	7573	-1
43	21105	1
1	6836	-1
4	21411	1
13	3559	1
0	679	-1
13	626	1
8	5936	1
26	15463	-1
43	20719	-1
5	16239	-1
10	10471	1
8	15882	1
24	7774	-1
43	13011	1
7	1708	-1
4	27496	1
6	3684	-1
13	28968	-1
33	27970	-1
26	20051	-1
28	30357	1
44	10300	1
40	7897	1
13	22388	1
39	20004	-1
31	8679	-1
9	4552	1
40	565	-1
10	14836	-1
35	12238	1
10	14431	-1
14	10309	-1
48	15885	1
16	30470	1
43	14476	1
16	18650	-1
40	24581	1
27	23851	-1
45	11937	1
43	25241	1
9	4599	1
39	11345	-1
21	23121	1
21	6855	-1
18	29504	-1
13	10270	1
43	11473	1
28	14107	1
3	25654	1
42	4193	1
13	952	1
20	17442	-1
31	11647	-1
46	1878	1
43	15964	1
47	4773	-1
13	15769	1
43	27891	1
41	3232	-1
28	26254	-1
2	20062	-1
42	4209	1
16	27439	-1
32	26145	1
13	14437	1
11	14120	-1
46	27221	1
43	21989	-1
46	3165	1
6	28213	-1
48	29528	1
43	14492	1
29	20144	-1
8	14266	1
37	30449	-1
21	26795	1
1	467	-1
16	23218	1
15	9405	1
23	3268	1
1	12260	-1
49	25940	-1
39	24631	-1
4	22796	1
28	17716	1
4	17115	1
21	10668	-1
0	27067	-1
26	25166	-1
45	6571	-1
18	4478	-1
4	6468	1
48	30441	1
38	3911	1
23	3569	1
45	753	-1
48	24787	1
40	3595	-1
25	14188	-1
30	30519	1
11	12417	-1
8	18356	1
42	7754	-1
33	26831	-1
46	27711	1
42	22427	1
11	28463	-1
4	881	-1
8	30033	1
43	22048	1
33	24583	-1
47	21405	-1
39	5554	1
6	21642	1
34	5629	-1
32	17947	-1
13	11900	1
6	6563	1
15	7856	-1
26	22410	-1
18	23702	-1
26	5282	-1
23	6296	-1
49	30517	1
41	26531	-1
40	9859	1
5	766	-1
30	7930	-1
18	23850	1
16	21860	1
35	8303	-1
32	9150	1
36	2307	-1
43	11759	1
33	6805	-1
29	6358	-1
13	24639	1
30	8314	-1
39	6051	1
20	23424	-1
15	13828	1
46	17604	-1
5	9504	1
39	7110	-1
6	13755	-1
8	5196	-1
5	24236	-1
13	29937	1
40	12224	1
6	5793	1
18	4791	-1
38	8590	1
31	8379	-1
43	26271	1
21	3485	-1
10	24553	1
21	22973	-1
4	7742	1
40	10647	1
29	8061	-1
8	26474	-1
22	26008	-1
11	8292	-1
2	8523	-1
46	6784	1
48	5563	1
18	11623	-1
35	21440	-1
5	24634	-1
15	5240	1
42	16486	1
17	12476	1
13	9488	1
1	26375	1
1	6450	1
21	30852	-1
4	580	-1
38	1001	-1
4	11016	-1
38	25069	-1
47	17173	-1
18	5572	1
5	6959	-1
48	15929	-1
35	22007	-1
46	30291	1
29	25280	-1
8	7486	1
39	9877	-1
46	19768	1
39	29536	-1
13	7953	1
48	5734	-1
23	11935	-1
4	6236	1
43	10020	1
37	26420	1
35	7984	1
30	2611	-1
20	15126	1
11	11918	-1
25	29890	-1
44	20136	1
44	13367	-1
30	14580	-1
40	19336	-1
38	16619	-1
16	26726	1
26	22164	1
4	20192	-1
42	5486	1
8	12205	1
22	3900	-1
36	6926	1
6	5770	1
16	28408	1
17	23903	-1
49	8777	1
8	8774	1
45	21065	1
29	27763	-1
46	2174	1
1	27726	-1
13	20551	1
26	28799	-1
13	29545	-1
4	1342	1
19	27174	1
43	19416	1
41	8674	-1
22	28942	1
27	22948	-1
1	18743	1
35	7471	-1
46	21960	1
44	15546	1
37	19340	-1
16	13049	-1
8	16951	1
46	19251	1
6	10952	1
48	8666	-1
8	22728	1
29	6277	-1
18	26799	-1
45	28917	-1
19	25052	-1
22	3122	-1
28	8096	1
6	20735	1
9	5514	1
0	7860	1
43	21279	1
20	12851	1
19	29930	-1
16	24422	1
5	6130	1
30	4793	-1
30	9306	-1
16	23836	1
21	3213	-1
28	25427	-1
18	2465	1
16	16485	1
8	15104	1
16	165	1
43	9513	1
43	28085	1
29	5085	1
44	27718	-1
3	17722	-1
24	12137	-1
22	26728	-1
46	2603	-1
10	3143	1
36	15009	-1
30	10269	1
40	19760	-1
40	7236	-1
43	5690	1
19	29445	-1
48	18034	-1
25	30517	1
38	16899	-1
27	1028	-1
8	3354	1
15	10376	-1
7	11413	-1
19	28751	1
40	15346	1
46	26156	1
16	18429	-1
40	1196	1
2	17429	1
21	24918	-1
13	9944	1
14	25230	1
13	23781	-1
19	23706	-1
39	4790	-1
6	13105	-1
13	4053	1
35	26953	1
13	20262	-1
13	5750	1
4	12929	1
36	20514	1
49	18682	1
5	24665	1
36	29146	1
43	15837	1
9	7454	-1
46	25730	1
39	28919	1
12	29047	-1
17	23652	-1
36	25292	-1
28	22423	1
37	297	-1
6	22275	1
4	7194	1
20	1234	-1
4	25278	1
47	28720	-1
34	12791	1
12	5636	-1
7	27533	1
31	27909	-1
30	260	1
13	9983	1
8	186	1
48	23535	-1
16	12218	1
17	10035	1
23	6491	1
15	5121	-1
16	24135	1
12	27519	-1
6	14991	1
48	16462	-1
28	3138	1
0	26228	-1
21	25067	1
7	340	1
7	18531	-1
16	13629	1
16	21387	-1
8	25716	1
28	22236	-1
6	17546	1
11	3515	-1
6	10448	1
1	3639	-1
48	30227	1
4	5322	1
46	2232	1
8	7813	1
7	16618	1
6	30964	-1
48	20017	1
43	9892	1
16	10302	-1
9	17724	-1
45	29810	1
39	30373	-1
13	16589	1
3	26705	-1
13	11134	1
40	15481	-1
17	28109	1
40	30252	1
22	24496	-1
25	23864	-1
0	22027	-1
47	2345	-1
46	16417	-1
42	16433	-1
16	3773	1
16	70	1
26	23130	-1
12	7898	-1
46	7352	1
24	9946	-1
48	24594	1
32	2600	-1
46	19678	-1
42	8693	-1
43	8420	1
46	12943	1
41	228	-1
34	29831	1
46	14093	1
5	10810	1
39	19586	-1
48	4663	1
1	12335	1
42	20451	1
20	18027	-1
43	26619	1
17	27969	1
26	12452	-1
11	2898	-1
4	30088	1
46	12561	1
43	9338	1
33	25893	1
48	26040	1
0	21393	1
44	19856	-1
45	2718	-1
8	28216	1
34	15670	-1
24	29791	-1
43	18272	1
45	29207	1
16	14008	-1
45	21271	-1
16	30468	1
8	12638	-1
46	30408	1
42	12918	1
31	15741	-1
13	8021	-1
44	7350	-1
49	14334	-1
46	6097	1
10	13158	-1
15	9586	-1
43	11563	1
46	1242	1
4	28326	1
28	15784	-1
23	1610	1
5	27803	1
28	12803	1
34	10862	-1
13	26989	-1
48	19744	1
38	6249	-1
37	3203	-1
40	17129	1
12	27484	-1
45	6856	1
8	5654	1
1	18156	-1
49	18799	-1
4	20839	-1
11	20932	-1
1	26600	1
4	2750	1
21	1064	1
46	15680	-1
6	19514	1
18	17802	-1
27	26987	-1
36	25305	-1
43	2370	1
8	5743	1
37	16935	-1
9	1687	1
30	13636	1
17	7282	-1
28	8295	-1
9	14765	-1
26	21016	-1
47	13685	-1
8	17241	1
44	19157	-1
1	30694	1
14	27414	1
46	19902	-1
31	2940	-1
29	25546	1
40	801	1
46	55	-1
34	7810	-1
45	20012	-1
32	18372	1
17	523	-1
23	12031	1
13	12619	1
21	9230	-1
2	5682	-1
17	21345	1
20	23755	1
22	1500	-1
33	22667	-1
28	13592	-1
36	24383	-1
7	8948	1
40	2537	1
23	4277	1
2	5166	1
48	5474	1
40	15766	1
43	8049	1
19	29149	-1
46	9693	-1
35	21185	-1
49	27687	-1
33	9272	-1
45	14385	-1
46	9823	-1
7	2135	-1
44	8499	1
33	4487	-1
41	12537	-1
31	6756	1
43	23087	-1
47	10791	1
44	166	-1
8	6323	-1
48	2261	1
42	16355	1
40	9824	-1
43	21149	1
0	2446	1
48	15603	1
1	16826	1
48	27371	-1
16	20491	1
35	322	1
5	6653	1
38	3401	-1
0	30433	1
27	1220	-1
40	7430	-1
32	28225	-1
40	24262	1
29	18690	1
7	16908	1
31	26041	1
44	29913	-1
41	27309	1
3	3076	1
18	14029	-1
31	14960	1
32	4527	-1
13	2130	1
33	18229	-1
36	24805	-1
5	30363	1
35	17860	-1
47	4098	-1
48	24516	1
23	843	-1
20	25876	-1
41	26567	-1
4	2627	1
4	13857	-1
8	28442	1
27	24282	-1
5	3247	1
29	13647	-1
17	5396	-1
34	8912	1
39	370	-1
13	7731	-1
13	20849	1
43	9755	1
23	6627	1
42	3443	1
28	28858	-1
15	25517	-1
3	12878	-1
43	44	1
43	7608	1
17	14042	1
36	26277	-1
42	14126	1
49	14641	-1
26	14677	1
48	6332	1
42	1110	-1
13	28415	1
45	24682	1
21	923	-1
8	29124	1
46	8050	-1
27	16519	-1
8	30242	1
20	18231	-1
23	27101	1
14	11563	-1
7	25489	-1
33	25212	-1
47	13421	-1
46	26000	-1
49	2796	-1
10	13024	-1
8	12386	1
43	19368	1
35	15434	1
44	26668	-1
16	16267	-1
43	29442	-1
35	8286	1
38	20236	1
46	24894	1
29	3688	1
13	30756	1
10	30487	-1
8	21114	-1
43	5831	1
2	25692	-1
16	20230	1
5	12703	-1
29	21903	-1
38	15646	-1
11	19539	-1
6	11206	1
29	6614	-1
21	4822	-1
40	30879	1
48	5819	1
11	16927	-1
35	1299	1
36	1061	1
34	2919	1
22	10342	-1
24	7155	-1
5	22010	-1
4	3326	1
33	16479	-1
45	7092	-1
26	14392	1
14	237	-1
20	11807	-1
4	12567	1
46	29420	1
11	8812	-1
16	30353	-1
13	446	-1
40	4085	1
43	17654	1
28	26098	-1
44	27806	1
17	25369	-1
48	19197	1
23	14432	-1
6	10359	1
1	11582	1
37	23540	-1
14	7016	-1
4	4363	1
10	2464	-1
8	24143	1
44	23734	1
4	11362	1
41	27470	-1
6	2052	1
9	13729	-1
39	24720	-1
4	15423	1
0	6182	1
32	27296	-1
45	28413	1
6	5675	1
4	12329	1
3	23426	-1
11	17938	-1
6	26707	1
17	9864	1
22	26289	-1
4	21317	1
6	1711	-1
18	13056	1
8	3741	1
25	23088	1
10	9787	1
20	27607	-1
20	9283	-1
47	28525	-1
39	2087	1
7	8799	-1
45	3973	1
6	6204	1
12	14297	-1
33	1828	-1
40	2499	1
43	24409	1
24	5889	-1
16	7961	-1
48	6094	1
26	23404	-1
0	6233	-1
38	9448	-1
13	7796	1
46	15927	1
20	6723	-1
38	8515	-1
10	19866	-1
11	16188	-1
44	13410	1
40	6644	1
9	11304	-1
44	18152	-1
23	30332	-1
43	16629	1
44	12618	-1
4	21224	1
46	296	-1
34	19774	-1
28	16035	1
13	15014	1
40	4516	1
48	14020	1
41	8913	1
24	28960	-1
48	22213	-1
4	29586	1
14	16320	-1
40	14221	1
4	16296	1
8	8658	1
46	1990	1
46	18277	1
25	18381	-1
6	16193	1
11	9702	-1
36	1538	-1
40	2559	-1
1	6210	-1
48	16414	1
44	29896	1
36	11354	-1
23	14775	1
48	26679	-1
4	3451	-1
43	21055	1
28	28849	1
42	24370	1
48	17678	1
20	9503	-1
30	5286	-1
7	7643	-1
44	1775	-1
44	18503	-1
31	28413	-1
26	28547	-1
33	1368	1
23	20963	1
45	12774	1
43	2877	1
43	9784	1
40	29923	1
28	16321	-1
15	8032	1
40	15674	1
37	9363	-1
40	10651	1
40	11949	-1
18	26861	1
47	21123	-1
13	16093	1
1	5965	1
17	8095	1
44	23502	-1
45	12952	-1
0	15993	1
46	6806	1
1	10724	1
20	6025	-1
6	26475	1
30	26732	-1
42	22344	-1
40	17990	1
4	26552	1
4	28304	1
4	6287	1
4	4530	1
8	16239	1
39	26727	1
9	5448	-1
15	4917	-1
44	11326	-1
6	656	1
26	12501	-1
8	26481	1
14	24716	1
43	13089	1
40	3514	1
10	530	-1
40	15954	-1
5	9696	1
8	26146	1
4	12691	-1
29	9224	1
13	30026	1
46	242	-1
6	14476	1
22	30777	-1
26	26492	1
48	19508	1
28	10620	-1
41	24156	-1
32	13212	1
17	3954	1
39	21740	1
36	20158	1
42	16878	1
10	23106	-1
20	21931	-1
13	2443	1
5	28089	-1
38	13326	-1
37	26212	-1
43	29015	1
2	2695	-1
32	17732	-1
23	18845	1
12	14674	-1
32	9239	-1
8	5376	1
28	2340	1
39	19188	1
45	17229	1
41	4457	1
5	17509	-1
28	28817	1
8	11244	1
17	21140	1
14	21033	1
8	19173	1
38	19247	-1
48	2894	1
37	27783	1
23	21007	-1
46	23609	1
42	29004	1
30	23056	1
16	19716	-1
40	667	-1
5	4245	1
16	29204	-1
7	21337	1
31	22263	-1
17	26957	-1
8	9647	1
7	8314	1
40	22588	1
2	7374	-1
43	7284	1
9	14605	1
42	9094	1
16	2578	-1
43	15143	1
18	1984	-1
42	4775	1
24	12803	-1
48	22808	1
21	2593	-1
10	16476	-1
35	19020	1
7	26378	-1
8	10736	1
38	6601	-1
22	30916	-1
36	18390	1
38	16566	-1
0	30836	-1
12	19743	-1
13	25273	-1
5	27895	1
26	27612	-1
17	5646	1
14	25986	-1
16	16144	1
8	29402	-1
35	17693	1
1	11363	-1
17	10529	1
24	14879	-1
7	19383	-1
4	22483	-1
29	1127	-1
24	13305	-1
5	25655	1
0	14214	-1
43	2812	1
45	31033	-1
47	10074	1
18	21388	-1
26	3891	1
24	18473	-1
22	30867	-1
46	3936	1
29	18525	-1
43	23865	1
45	6053	-1
13	1427	-1
6	1917	1
10	6411	1
44	27230	-1
48	638	-1
5	4389	1
18	4893	-1
13	27428	-1
26	19547	1
24	6366	-1
38	9778	-1
48	759	1
25	8804	1
47	7476	-1
48	21327	1
29	25349	1
36	1856	1
0	19867	1
4	27520	1
33	1479	-1
46	25259	1
48	16323	1
4	4677	1
3	12649	-1
43	7590	-1
28	1678	-1
20	23342	1
47	26398	1
2	13163	-1
34	7232	-1
44	18049	1
15	25524	-1
23	26232	-1
22	22635	-1
16	3206	-1
4	4850	1
44	929	-1
23	17554	1
4	18165	1
4	22579	1
24	24581	-1
8	11162	1
34	26721	-1
48	25250	1
46	14468	1
12	5111	-1
15	196	1
28	29905	1
8	14590	-1
46	1220	-1
11	30726	-1
5	19400	1
12	23077	-1
17	20261	-1
39	14873	1
39	8525	1
13	11099	1
27	11019	-1
40	25965	1
11	24490	-1
2	14965	-1
40	21640	1
13	7594	1
7	25631	-1
46	26020	1
2	22566	1
18	8701	-1
21	17447	1
18	13603	1
10	27534	-1
35	7512	-1
30	3054	1
49	26214	1
28	13985	-1
18	23260	1
10	29933	1
17	4005	1
21	21359	1
6	20327	-1
21	24782	1
2	12674	-1
46	25333	-1
24	26191	-1
6	15529	1
5	30599	1
43	19254	1
48	27319	1
33	9709	-1
29	27945	-1
36	25717	-1
29	7359	-1
2	3121	-1
32	9990	1
44	23164	-1
48	27444	1
7	5811	1
37	11572	-1
43	28144	1
6	24981	1
46	10777	1
30	12110	1
37	3835	-1
22	12234	-1
46	19456	-1
32	12727	1
48	30043	-1
48	24766	1
30	15380	-1
13	14527	1
13	12593	1
17	9989	-1
35	25481	1
4	11621	1
10	6309	-1
45	16517	1
16	11101	1
15	1177	-1
0	2488	-1
48	15436	1
36	24167	1
48	16629	1
46	6911	1
40	23764	-1
39	9159	-1
46	22437	1
30	767	-1
11	15075	-1
42	15830	1
8	17382	1
42	19211	1
34	15248	1
32	21953	-1
39	4328	-1
17	13772	1
7	17992	-1
28	17436	-1
43	2050	1
46	7429	1
46	21874	1
33	4374	-1
43	17171	1
11	26901	-1
15	2762	-1
38	20399	-1
48	16206	1
0	19292	1
20	17970	-1
30	12127	-1
6	17466	1
5	17697	-1
49	1744	-1
23	16664	-1
48	21482	-1
1	18079	1
40	30251	1
46	28965	1
43	25080	1
1	9194	1
8	14298	-1
48	11753	1
29	29538	1
6	5098	1
23	245	-1
28	21745	1
49	29600	-1
8	16141	-1
43	14428	-1
40	25093	1
43	24009	1
21	5809	1
46	18310	-1
14	2329	-1
42	14037	1
42	27796	1
31	31048	-1
33	6017	-1
0	125	-1
26	16743	1
21	29827	1
16	23602	1
16	22939	1
7	17219	-1
13	25211	1
49	26291	-1
43	11921	1
9	27503	-1
44	19399	1
49	7051	-1
6	24280	1
48	5761	1
15	14797	-1
28	30607	1
46	12585	1
2	17662	1
44	28501	-1
43	20449	1
7	2750	1
5	14621	1
19	810	1
40	3842	1
4	6833	-1
23	6041	-1
40	7522	-1
36	5831	-1
2	7616	1
30	3499	-1
27	27934	1
48	15120	1
28	24841	1
7	18859	-1
49	13698	-1
18	8301	-1
32	2167	-1
19	6462	-1
43	10114	1
9	22405	1
20	16023	-1
47	18289	-1
28	30993	1
42	23410	-1
26	18479	1
8	17163	1
42	7784	1
4	11680	1
1	14929	-1
0	12105	-1
8	4605	-1
36	10904	-1
38	7773	-1
13	9321	1
49	25425	-1
30	13650	-1
8	30087	1
8	19350	1
43	20004	1
5	9191	1
47	4111	-1
16	4637	-1
48	25841	1
46	16439	1
2	693	-1
28	6907	1
10	3459	1
43	29419	1
37	18215	-1
40	29581	1
45	1399	1
30	19019	-1
37	21144	-1
42	17293	1
27	4463	-1
37	27262	-1
3	25245	-1
37	29883	-1
25	25351	-1
16	9629	1
28	14238	1
17	1304	1
23	23321	-1
26	21245	-1
4	28992	1
35	26761	1
14	28946	-1
46	30965	1
0	20123	-1
31	9417	-1
35	4790	1
43	583	-1
2	11116	-1
44	25492	1
36	4644	-1
13	15146	-1
23	5078	-1
9	8849	1
40	19730	1
46	17079	1
46	5711	1
13	2204	-1
3	30999	-1
44	4764	-1
42	26882	1
42	16786	-1
17	19610	-1
49	2410	-1
43	17558	1
28	20124	1
11	26196	-1
23	7578	-1
9	1350	1
10	27181	-1
8	29504	1
45	7216	-1
32	26414	-1
10	21259	-1
31	21664	-1
1	10344	-1
47	6190	-1
7	7508	-1
27	19477	-1
45	23906	-1
17	2679	1
8	30300	1
37	22637	-1
10	4545	1
46	6062	1
12	27382	-1
35	22695	-1
41	17922	-1
26	21239	-1
42	11523	-1
16	13731	-1
42	28877	1
43	1514	-1
30	25439	1
18	29844	-1
4	12119	-1
28	20328	1
48	3731	-1
26	12578	-1
7	23431	1
9	16378	1
14	23701	-1
27	16026	1
29	12823	1
5	5845	1
15	11204	-1
15	25290	-1
46	4551	1
30	14316	-1
18	12011	-1
43	1052	1
3	17199	-1
8	8262	1
20	6486	-1
35	28418	1
47	26522	-1
2	8437	1
28	4293	1
17	1854	1
29	21916	-1
18	25068	-1
2	5981	1
7	25337	-1
49	2688	-1
48	11989	1
10	5327	-1
10	2555	1
27	851	-1
8	8140	1
2	19435	-1
13	11634	-1
44	14028	1
48	14559	1
25	26631	-1
30	30659	-1
40	15323	1
32	17742	-1
48	6958	-1
41	5087	-1
2	20652	-1
11	15252	-1
35	6078	-1
36	5907	-1
43	11458	1
3	9178	1
44	18048	1
35	22793	-1
13	14722	-1
8	22568	1
3	14797	-1
5	10689	1
38	3961	1
43	406	-1
30	30320	1
43	17873	1
45	8043	1
1	5446	1
43	25901	1
40	23963	1
42	24216	-1
23	9244	1
30	7335	1
46	25223	-1
44	4816	-1
36	28218	1
41	30474	-1
46	5248	1
3	28025	-1
43	30074	1
1	27969	1
30	16327	1
24	8268	-1
11	27658	-1
1	26872	-1
2	4565	1
31	12963	1
19	661	-1
12	11442	-1
3	16359	-1
42	27009	-1
37	17273	-1
7	30846	1
46	21595	1
10	25392	1
7	8243	1
46	3411	1
29	25298	1
7	2624	1
9	24334	-1
46	4665	-1
43	18641	1
14	12138	-1
4	23380	1
17	16303	1
13	30554	1
21	15605	-1
22	30443	-1
16	25948	1
4	5908	1
7	661	-1
48	29465	1
43	5961	1
46	14190	1
35	728	1
46	30319	1
25	15434	1
44	12071	1
33	12674	-1
23	7468	1
38	21246	-1
4	18272	-1
32	8162	-1
41	495	-1
8	24048	1
5	8500	1
42	12032	1
46	30923	1
27	12742	-1
43	3390	1
25	7240	1
41	28903	-1
9	24671	-1
44	23162	1
21	10811	1
46	26594	1
23	29307	1
20	18980	1
0	25563	1
35	13351	1
22	19674	-1
36	18938	-1
23	117	1
17	24838	-1
28	29521	-1
35	24893	1
49	11868	1
20	1007	-1
44	25785	-1
42	5108	-1
12	24369	1
13	10618	1
47	5256	-1
15	6277	-1
41	28288	-1
23	56	1
29	25013	1
40	8983	-1
30	14556	-1
36	20970	1
43	2422	-1
1	4113	1
11	10865	-1
9	9817	-1
40	9377	1
35	12719	-1
6	5019	1
46	382	1
27	3583	-1
43	2816	1
22	28409	-1
46	5079	1
21	14135	-1
7	11218	-1
46	29953	1
4	6163	1
39	7404	-1
28	24906	1
44	20506	1
9	908	-1
47	12264	-1
18	3201	1
44	29575	-1
13	15385	1
4	377	1
45	11622	-1
16	17098	1
3	7036	-1
8	29370	1
38	4928	-1
30	9953	1
7	2626	1
43	11	1
16	26327	1
15	8683	-1
11	27163	-1
16	18003	1
37	11860	-1
4	2230	1
44	595	1
4	6181	1
38	6038	-1
1	25982	-1
16	2321	-1
37	2538	-1
49	18654	-1
3	1994	-1
28	16571	1
16	29684	1
5	9779	1
23	28022	-1
43	28070	1
1	29504	-1
8	19857	-1
39	13700	1
10	6617	1
6	19022	-1
13	28725	1
5	26687	1
46	14072	1
4	430	-1
12	5070	-1
11	10129	-1
42	15360	-1
34	13771	-1
7	2303	-1
32	7481	-1
48	21832	1
3	25121	-1
3	8652	-1
37	19970	-1
17	6328	1
13	138	1
9	4179	1
17	23885	1
10	9907	1
47	9092	-1
23	330	1
34	11054	-1
46	7791	1
38	24871	-1
2	29244	-1
9	20097	1
42	3472	1
48	30234	1
6	310	-1
38	17830	-1
29	3772	-1
48	250	1
6	12209	1
1	18965	1
12	24533	-1
43	3649	1
4	24110	-1
46	5568	-1
19	25340	-1
16	20256	1
30	22305	1
46	13262	-1
30	7307	1
36	1778	-1
42	15406	1
11	21951	-1
44	8370	1
21	5706	-1
35	14406	-1
13	30203	-1
40	27009	1
29	30174	-1
10	5411	-1
38	24224	-1
0	3942	1
48	5738	-1
19	10467	-1
6	2185	1
16	23699	1
24	19774	-1
44	23464	1
48	27102	1
33	8491	-1
13	4583	-1
33	1980	-1
27	305	-1
27	15301	-1
1	16628	-1
46	15569	1
7	13446	-1
23	8809	-1
42	18670	-1
44	25362	-1
27	2667	-1
8	22512	1
38	18947	1
45	689	-1
6	15797	1
44	19042	-1
39	30799	1
32	19999	-1
6	19368	1
48	23672	-1
5	21291	1
25	10956	-1
5	20341	1
46	9368	1
3	7019	-1
21	7820	-1
13	16855	-1
4	28792	-1
8	25024	1
39	24813	-1
24	8301	-1
46	5611	-1
32	25760	-1
19	29705	-1
30	19929	-1
36	25282	-1
7	11250	1
18	16025	-1
15	13995	-1
10	5805	-1
13	25012	1
8	20169	1
28	11479	-1
20	29966	1
1	11331	1
29	7060	-1
13	15708	1
37	26408	-1
1	11307	-1
35	15436	1
17	21291	1
11	14692	-1
17	16723	-1
46	27473	1
42	2440	1
48	27414	1
37	1542	-1
9	8949	1
18	17608	-1
11	27103	-1
34	13371	-1
17	6079	-1
13	27322	-1
3	28320	-1
7	21404	1
39	15570	-1
28	6855	1
16	30762	-1
20	8786	1
49	3722	1
23	29617	-1
8	21530	1
5	29759	1
2	1708	-1
14	18699	-1
33	13705	-1
26	29255	1
48	11196	1
33	15519	-1
35	8290	-1
5	30742	1
43	19550	1
2	9471	-1
1	10906	1
43	17317	-1
30	21866	1
38	29640	-1
25	3903	1
1	11761	-1
42	7055	1
13	29115	1
48	23504	1
15	29673	1
13	8895	1
18	28390	-1
44	30028	-1
31	18112	1
48	9962	1
21	17871	1
13	3239	-1
46	25464	1
19	4675	-1
38	10871	-1
4	4375	1
48	3410	1
9	11124	1
5	17895	1
12	8762	-1
46	10092	1
46	7913	1
46	30170	1
23	10978	1
46	16656	1
18	17787	-1
1	26065	-1
4	5374	1
43	5608	1
35	18306	-1
3	28137	-1
16	7938	-1
41	15493	1
7	10927	1
30	25143	-1
2	22113	-1
43	2454	1
40	1378	-1
15	28166	1
45	6659	-1
5	11016	1
18	25155	-1
26	22930	-1
14	15432	1
32	14807	-1
26	21811	1
40	29292	1
16	7070	1
36	3190	-1
37	23036	-1
4	7914	-1
28	12500	-1
47	29156	1
46	16393	1
37	8505	-1
6	26144	1
43	5589	1
48	7808	1
6	22913	1
3	15117	-1
42	13144	-1
0	12419	-1
45	28490	-1
38	26484	-1
33	22449	-1
28	7816	-1
23	30072	-1
3	15681	-1
9	18327	-1
42	24488	1
38	20699	-1
43	4907	1
46	7584	1
3	13888	-1
42	49	-1
48	3900	1
30	25420	-1
18	26666	-1
11	1861	-1
0	18018	-1
45	30530	1
4	19686	1
13	11862	1
22	24864	-1
23	26444	1
27	13141	1
46	25714	1
13	30835	1
44	25814	-1
3	26386	-1
49	5651	1
39	27873	1
5	4353	1
29	28222	-1
37	15105	-1
13	11706	-1
9	24525	-1
1	17547	-1
37	22652	-1
17	3715	-1
36	15328	-1
46	21706	1
29	3736	1
25	5147	-1
9	13204	-1
43	5187	1
46	11360	1
16	3801	1
4	30766	-1
34	30354	-1
36	22343	1
48	27181	1
17	9504	1
1	30193	-1
11	13519	-1
37	17410	1
16	7443	1
5	9919	-1
44	27223	-1
9	9027	-1
28	25381	1
36	1684	1
7	6517	1
48	8301	-1
41	5585	1
8	27801	1
48	20548	1
19	24241	-1
45	24190	-1
28	31057	1
44	2196	1
42	29653	1
42	22769	-1
12	23528	-1
35	28034	1
7	132	1
48	4110	1
18	8075	1
34	25883	-1
21	30581	-1
19	18715	-1
10	23978	1
15	7937	-1
45	21077	-1
18	7697	1
33	27928	-1
48	22512	1
42	30075	1
3	25714	-1
7	11525	1
23	3972	-1
4	18358	1
15	27907	1
32	10260	1
22	23071	-1
48	28039	-1
33	5259	-1
26	29425	1
10	13211	-1
16	14581	1
16	12067	-1
42	19114	1
1	4972	-1
0	29566	-1
8	5861	1
23	20412	1
40	21021	1
43	6351	1
23	15685	-1
28	3641	1
46	23418	1
1	19865	1
46	12826	-1
18	27521	1
0	11441	-1
9	25347	-1
15	26007	1
8	24261	1
2	14045	-1
20	15620	-1
8	12793	-1
44	18812	1
10	3159	-1
44	854	-1
43	15768	1
31	14760	-1
43	452	1
22	5193	-1
9	14263	-1
4	24665	1
34	25009	-1
10	341	1
0	24103	-1
16	3129	1
21	6131	-1
9	12254	-1
0	23920	-1
13	141	1
8	16552	1
15	21951	-1
16	7553	-1
45	22574	1
14	9762	-1
43	156	1
18	25623	-1
8	18045	1
8	8334	1
45	5417	-1
27	2731	1
9	6971	1
17	21062	-1
18	12472	1
44	20166	-1
45	27758	-1
44	28706	-1
42	14739	1
9	10553	-1
10	9556	1
43	4123	1
31	26032	-1
20	28382	-1
41	30443	-1
29	14911	-1
21	21167	-1
17	21553	1
8	10250	-1
12	29204	-1
2	6336	-1
40	24355	1
43	15570	1
43	23060	1
5	24335	-1
7	14903	-1
37	162	-1
44	15945	1
37	24506	1
27	12965	-1
43	361	1
6	22908	1
43	21523	1
6	8853	-1
28	21046	-1
39	4029	1
38	22731	-1
48	11279	-1
16	4833	-1
29	8335	-1
43	508	-1
16	3652	1
40	20585	1
8	835	-1
21	3754	-1
42	8632	1
48	5404	-1
46	29973	-1
24	9913	-1
5	18867	-1
14	25108	-1
16	27974	-1
13	6862	1
13	9925	1
45	15306	1
15	9898	-1
36	22897	1
43	5066	1
32	29908	-1
48	21048	-1
30	21636	-1
25	8726	-1
3	2837	-1
1	28474	-1
47	5606	-1
13	17370	1
36	15964	1
35	20601	-1
8	19381	1
23	11135	1
47	8318	1
23	5983	-1
46	30511	1
23	10034	1
35	8834	-1
21	2461	1
39	19046	-1
37	3969	-1
26	23553	-1
6	30036	1
13	13215	-1
40	24948	1
28	27283	-1
8	3985	1
26	7557	1
30	8864	-1
42	9394	1
20	20394	-1
46	7374	1
7	9041	-1
23	2581	1
8	4820	1
15	9503	-1
45	24671	1
12	25832	-1
0	4652	-1
9	26663	-1
8	23533	1
43	7861	1
2	28069	1
39	201	-1
16	3713	1
40	9776	1
43	129	1
44	24339	-1
48	9870	1
5	27081	1
12	2614	-1
46	11978	1
14	25227	1
7	20433	1
23	11795	-1
28	21207	-1
43	23359	1
23	947	1
8	3895	1
4	21322	1
35	19401	1
36	19511	1
30	15120	1
22	18328	-1
10	14620	-1
43	26836	1
10	8668	1
35	6019	-1
46	9119	-1
16	16713	-1
28	19634	-1
0	2574	1
16	20487	-1
8	21037	1
42	22725	-1
33	27371	-1
35	26593	1
33	26202	-1
48	18153	1
8	12184	1
10	211	-1
39	26177	-1
37	20408	-1
27	15417	1
43	13916	1
13	16514	1
2	4846	-1
36	11718	-1
7	28327	-1
3	26837	-1
43	20578	1
43	25248	1
43	17936	1
26	14020	1
37	24248	-1
40	25830	-1
14	16350	-1
22	20605	-1
24	21243	-1
26	869	-1
38	5459	-1
38	2142	1
4	15308	1
35	6851	1
1	17392	1
42	7646	1
43	2067	1
33	15788	-1
17	1275	1
23	6553	1
17	19627	1
36	14759	1
32	18895	-1
36	11486	1
43	8416	1
29	24558	-1
42	13893	-1
48	25961	-1
46	2416	-1
23	1247	-1
6	6657	-1
3	14759	-1
43	6370	1
22	29117	1
29	5512	1
43	28396	1
44	27096	-1
15	10403	-1
25	8012	-1
17	20333	-1
4	28303	1
44	12113	-1
17	7468	1
42	4385	1
32	14472	-1
38	5269	-1
40	26955	1
0	8679	-1
37	22509	-1
43	28719	1
42	28609	1
4	19031	1
40	26028	1
38	16010	1
30	15642	1
11	30577	-1
8	6962	-1
25	30956	-1
42	28536	-1
48	761	-1
16	28479	-1
32	21020	-1
42	4313	1
38	25919	-1
46	25788	1
19	10182	1
32	29787	-1
46	6618	1
26	7203	-1
21	6857	-1
8	18658	1
7	29826	1
9	7181	-1
14	28354	-1
30	26362	-1
5	2094	1
19	9332	-1
29	751	-1
29	18588	1
8	8916	1
43	21469	-1
48	27408	1
22	13358	-1
31	23861	1
46	26052	1
16	7617	1
16	14134	1
0	11187	1
28	22634	-1
11	12166	-1
1	29223	-1
21	30212	1
49	27148	-1
22	9830	-1
3	28234	-1
20	28132	-1
34	11421	-1
39	26763	1
40	22034	1
3	9070	1
13	5596	-1
19	15457	-1
1	15382	1
10	11798	-1
24	28072	-1
29	7640	-1
40	24942	1
47	6520	-1
16	12933	1
30	3602	1
29	2061	-1
12	2978	1
26	10244	-1
4	8023	1
9	13876	1
8	29067	1
30	4885	1
37	29301	-1
15	27343	1
42	23132	1
19	4152	1
13	8601	-1
10	15980	1
48	19435	1
12	21633	-1
40	919	1
22	16836	-1
10	9406	1
37	24514	-1
25	918	-1
22	11726	-1
8	28080	-1
18	21031	1
18	9123	-1
13	6422	-1
39	10663	1
48	22671	-1
17	10170	-1
13	29650	1
46	19777	-1
16	3740	-1
48	6547	1
7	13020	-1
40	23263	1
48	10420	1
29	20090	1
44	17679	1
46	10955	1
46	5875	1
21	11447	-1
8	19900	-1
32	10527	-1
43	4060	1
40	1965	-1
14	29086	-1
39	8373	-1
3	16654	-1
6	9440	1
13	7253	-1
40	26612	1
8	12624	1
7	22109	1
28	922	1
23	15434	1
28	16356	1
39	2674	1
1	23764	1
46	4324	1
30	17293	1
45	21655	1
8	8981	1
43	5345	1
7	29805	-1
0	19017	-1
6	10651	1
7	15548	-1
15	23350	-1
5	2345	-1
47	3793	1
19	27845	-1
8	13217	1
39	30871	-1
28	20877	1
49	22882	-1
6	19371	-1
22	15930	-1
40	7777	-1
11	18970	-1
15	31005	-1
23	537	-1
46	24724	1
20	22317	1
1	30082	-1
17	8648	1
11	434	-1
8	25417	1
36	19331	1
42	21186	1
13	3665	-1
43	24349	1
15	15034	-1
27	11491	-1
36	19020	1
10	27161	-1
31	28266	-1
43	26053	1
27	18974	-1
42	5276	-1
16	19478	1
39	21098	-1
25	24481	-1
6	11432	-1
43	11697	1
29	23099	-1
18	7094	1
30	29140	-1
35	17034	1
46	14029	-1
16	7205	-1
7	29455	1
8	18304	-1
49	21457	-1
49	24105	1
13	24185	1
12	8795	-1
6	24334	-1
31	28954	-1
25	10749	-1
30	8046	-1
9	6801	1
7	14475	1
48	5749	-1
40	16224	-1
7	25391	-1
48	12085	1
17	265	-1
38	13177	-1
29	777	1
40	23142	1
29	23230	-1
16	11737	1
40	22353	-1
46	4637	1
37	9056	1
32	19335	1
48	9059	1
5	13455	1
22	30701	-1
40	11423	-1
1	30803	1
0	19491	-1
34	27589	-1
30	8548	1
21	514	1
42	26226	1
46	29210	-1
13	21106	1
6	17218	1
15	16336	1
13	7998	1
17	8475	-1
17	29515	1
26	3875	1
20	538	1
4	2427	-1
37	21653	-1
1	6082	-1
19	10286	-1
1	4007	1
7	27564	1
30	9906	-1
36	56	1
37	8733	-1
1	24796	-1
45	21152	1
10	8860	-1
43	4501	-1
1	25630	-1
3	10474	-1
10	24185	-1
24	19405	-1
22	13001	-1
48	19447	1
13	15020	1
10	26138	-1
32	16066	-1
13	27444	-1
8	3698	1
13	25951	1
49	19640	-1
42	11332	1
1	1035	-1
4	27246	1
48	28200	1
18	22540	-1
46	17638	-1
4	10771	-1
27	18009	-1
0	21365	-1
12	16508	1
24	13414	-1
15	22158	1
14	10769	1
45	16697	1
48	16157	1
8	16256	1
26	20282	-1
17	29462	1
38	2697	1
13	15147	1
16	15055	1
36	10097	1
43	19476	-1
16	740	-1
40	7015	1
15	29067	1
31	3958	-1
43	7550	-1
31	22322	-1
32	13294	-1
32	17491	-1
9	20872	1
40	22174	1
24	29208	-1
27	10910	-1
46	12225	-1
10	27051	-1
38	30860	-1
21	16286	1
48	2195	1
21	18083	-1
30	805	-1
11	17040	-1
46	1818	1
48	20707	-1
17	13103	-1
18	7456	-1
40	9117	1
0	16972	-1
47	10856	-1
32	14251	1
39	18081	-1
27	13706	-1
34	23657	1
3	2432	1
15	9128	1
9	3110	-1
14	21612	1
39	29003	1
43	28910	-1
8	7652	1
4	15162	-1
44	19995	1
18	23864	1
49	6571	1
15	8330	1
43	12592	1
43	13631	1
13	18328	-1
6	29138	1
36	8177	-1
18	13791	-1
2	15285	-1
25	16827	-1
16	4451	1
43	4944	1
13	22981	1
42	21362	1
8	20183	1
26	9892	-1
8	27531	1
7	14291	-1
29	30980	-1
1	7163	1
43	9707	1
30	2767	1
15	2734	-1
46	21850	1
26	2696	1
5	19743	1
42	8567	1
4	22264	-1
44	12032	1
18	3863	-1
22	5203	-1
17	3446	-1
48	8786	1
5	29588	-1
31	2885	-1
2	8623	-1
46	21210	1
8	28852	1
36	18757	-1
49	26359	-1
16	9407	1
43	30313	1
8	12685	1
23	1826	1
23	3747	1
29	9673	-1
46	15302	-1
34	1497	-1
35	21605	-1
33	20616	-1
13	20619	1
42	2415	-1
21	5712	1
39	10954	1
8	9966	-1
18	9558	1
44	28774	1
12	9160	-1
48	20645	1
25	2051	-1
38	27395	1
16	11390	1
39	23231	-1
5	25676	1
2	26132	-1
4	17778	1
44	28500	1
5	2794	1
48	177	1
15	7601	1
49	11641	-1
8	6487	-1
21	485	1
17	15456	1
16	6439	-1
11	3296	-1
49	21961	1
35	29918	-1
4	16274	-1
14	18997	1
30	20987	1
28	30473	1
46	9654	1
2	9750	-1
29	17222	-1
49	13895	-1
25	28804	1
9	25809	-1
37	30450	1
13	29153	-1
28	18446	-1
13	9214	1
49	23073	1
7	19421	-1
44	24079	1
7	13622	-1
21	27619	1
46	12097	-1
18	23053	1
18	26997	1
41	23969	1
43	21864	1
19	15626	1
36	18008	1
37	7257	-1
16	20986	1
22	22607	-1
39	20756	-1
5	15245	-1
44	7971	1
42	19797	-1
8	1596	-1
33	24504	-1
14	19923	-1
23	12037	-1
12	6063	-1
3	18776	-1
13	9454	1
49	13572	-1
33	9603	-1
20	15499	-1
37	3542	-1
4	22222	1
15	15620	-1
43	12949	1
34	6540	-1
13	24789	1
29	25051	-1
48	2851	-1
33	26689	-1
43	30052	1
4	16424	1
6	25759	-1
42	10488	1
13	15143	1
8	5491	1
14	3160	-1
48	24512	1
2	10188	-1
48	3625	1
28	5643	1
17	391	1
18	15563	1
48	13058	1
4	16645	1
16	4128	1
37	1289	-1
34	26926	-1
27	11859	-1
11	5477	-1
4	588	-1
5	19252	-1
41	5927	-1
48	7319	1
30	18475	1
43	18448	1
18	24994	1
13	25280	-1
46	17815	1
48	591	1
18	21890	1
12	5844	-1
9	532	-1
40	1793	1
2	10509	-1
48	1796	1
43	7630	1
3	1775	-1
9	20866	-1
7	19508	-1
16	15197	1
25	18766	-1
36	7226	1
1	24513	1
42	14293	1
36	7442	-1
8	120	1
26	10406	1
29	8589	-1
46	19092	1
2	8611	-1
7	29149	1
40	15106	1
5	6423	1
1	9850	-1
28	22894	1
5	9457	1
48	11127	1
42	4321	1
13	20405	1
42	5147	1
7	15479	1
9	19935	1
5	22160	-1
4	19781	1
17	22362	1
19	16017	-1
6	15278	1
6	215	-1
18	2760	-1
3	8560	1
4	15297	1
8	28278	1
39	24440	1
12	26658	1
13	27610	1
40	18634	-1
23	9276	1
32	23537	-1
43	20028	1
17	22483	1
40	28511	1
22	6950	-1
37	2377	-1
48	20030	-1
11	29179	-1
30	9344	-1
25	17700	-1
36	12037	-1
23	985	1
3	24249	1
17	7339	1
18	28510	-1
34	25965	-1
40	13766	1
39	23271	1
36	15306	-1
22	6476	-1
4	18035	1
1	24351	1
9	16234	1
39	7987	-1
43	3023	1
41	3057	-1
38	11596	-1
4	23629	1
35	19	1
48	24896	1
28	28967	1
28	23725	1
28	9439	1
44	1735	-1
0	23103	-1
43	10861	1
31	693	-1
18	13640	1
46	10273	-1
7	3564	1
6	8436	-1
43	23563	1
15	20442	-1
46	8160	1
2	23678	-1
39	2198	1
10	22400	1
35	21140	1
3	8694	-1
9	4747	1
4	20198	1
23	12987	1
43	25091	-1
14	28785	-1
14	26004	1
43	16929	1
5	17427	1
43	17166	1
10	8682	-1
13	9175	1
16	25500	1
8	15347	1
45	21621	-1
13	12788	1
46	16151	-1
43	6883	-1
13	17502	1
48	12243	-1
17	6085	-1
4	5639	-1
4	6908	1
46	4688	1
45	5224	-1
48	745	1
5	21415	1
46	23368	1
48	26211	-1
24	6155	-1
33	16354	-1
8	6526	1
46	31044	1
49	20033	-1
33	5257	-1
48	17809	1
28	15550	-1
6	13115	1
49	30331	1
15	16400	-1
15	20235	-1
6	21319	1
16	27631	1
37	25045	-1
43	414	1
37	22913	-1
47	16439	-1
46	8202	1
47	23569	-1
40	21439	1
18	16615	-1
37	13310	-1
17	26112	-1
44	19978	1
40	25486	1
15	23982	-1
18	1144	-1
28	30095	1
15	22977	-1
3	288	1
43	30654	1
5	21029	-1
48	15280	1
11	29863	-1
28	9802	1
4	16722	1
28	9292	1
12	5691	-1
49	14558	-1
6	19285	1
7	2524	1
10	17532	-1
13	24926	1
23	16740	1
35	25398	-1
22	12230	-1
20	9793	1
16	23441	1
6	31081	-1
27	3370	-1
8	6617	1
6	18154	-1
43	15955	-1
43	18190	1
5	18038	1
43	8595	1
43	21237	1
16	27390	1
43	24364	1
28	8496	-1
31	3078	-1
15	27563	1
18	26534	1
10	19786	-1
43	3615	1
45	16389	1
32	29620	1
29	18188	1
29	3760	-1
24	17127	-1
4	17151	1
6	29221	-1
15	20635	1
46	7974	1
25	7923	1
4	6221	1
37	13989	-1
48	20261	1
26	4876	-1
12	8472	1
41	4235	-1
23	4807	-1
46	26891	-1
43	11832	1
16	24916	-1
10	6216	-1
16	13165	-1
30	17447	-1
46	17398	-1
43	25652	1
4	11273	1
34	10520	-1
13	3391	1
46	29049	1
43	28054	-1
30	11370	1
21	29471	-1
13	10266	1
14	9878	1
46	8438	1
12	4958	-1
28	27048	1
3	21438	-1
29	24700	-1
46	24782	1
12	24094	-1
32	23177	-1
48	30165	1
26	9809	-1
36	9671	1
42	6206	1
40	29742	1
6	16661	1
23	2327	1
39	7305	1
36	27788	-1
13	26885	1
7	24944	1
6	2684	1
5	11977	-1
15	4328	-1
42	11826	1
48	23277	1
48	16307	1
10	15694	1
46	24745	1
13	21075	1
6	1222	-1
18	22874	1
23	15385	-1
12	2755	-1
21	11834	1
46	27089	1
24	15709	-1
38	19598	-1
8	25440	1
40	16492	1
43	30189	-1
39	27926	1
17	6373	-1
43	20081	1
5	29672	1
23	24284	1
25	17995	1
46	28914	1
27	23505	-1
39	20437	1
15	30775	-1
29	19748	1
8	19999	-1
7	27094	1
32	28119	1
8	18296	1
13	10569	1
4	18132	-1
43	25936	1
7	3375	-1
40	20461	1
30	4624	-1
46	26165	1
18	11525	-1
47	21388	-1
15	5848	-1
15	1848	-1
28	24726	-1
5	3908	1
42	999	1
3	27663	-1
18	17631	-1
9	11031	-1
18	5339	1
14	12950	-1
13	7914	1
28	21376	1
43	2154	1
9	11152	-1
35	2425	1
10	16171	1
44	9420	1
32	22772	-1
46	17322	1
48	10270	1
6	11329	1
23	24527	1
41	4676	-1
22	28818	1
43	5216	1
47	13124	-1
1	21567	-1
6	11908	-1
38	19690	-1
25	4671	-1
12	14974	-1
21	9016	-1
21	19550	-1
30	25730	-1
27	9346	-1
30	18839	-1
16	22570	1
13	28483	1
41	8640	-1
40	8934	1
42	9530	1
40	3688	1
48	9548	1
23	11980	-1
46	28213	1
1	22824	1
8	15389	1
41	1983	1
49	25959	1
48	5406	1
0	17109	1
23	16736	-1
38	17788	1
42	3279	-1
9	6833	1
48	30215	-1
31	23084	-1
8	8236	-1
13	18758	1
17	14865	1
11	7505	-1
35	19694	1
12	4386	-1
12	27324	-1
43	11414	1
6	25337	1
46	9158	1
13	29910	1
25	4513	1
33	7940	-1
35	25177	-1
4	30613	1
45	21386	-1
41	29904	-1
29	28076	-1
6	29395	1
40	20733	-1
41	23590	-1
18	27919	1
7	26743	1
5	19597	-1
48	2426	1
42	14752	1
5	14671	1
6	25780	1
3	25161	-1
16	18324	-1
14	17716	-1
41	30710	-1
10	13854	-1
2	17762	1
48	8784	-1
27	5309	-1
49	2756	-1
35	17270	1
36	1840	1
8	25978	-1
17	28054	-1
8	19667	1
40	15753	1
47	17773	1
21	8186	-1
8	14449	-1
5	22322	-1
10	10144	-1
42	14072	1
8	11960	1
48	4356	-1
39	6883	-1
46	27422	1
39	10794	1
14	4597	-1
45	1802	1
18	19339	-1
48	27459	1
37	7915	1
48	4378	1
13	20886	-1
44	6007	-1
23	30487	1
40	15713	1
23	16252	1
32	25325	-1
32	25769	-1
28	21153	-1
0	25274	1
37	6913	1
13	9411	1
44	21630	1
1	5443	1
46	25991	1
9	10965	-1
42	15108	1
12	10268	-1
1	27589	-1
26	5574	-1
42	27810	1
6	19339	1
49	18711	1
8	4814	-1
31	18708	-1
48	30745	-1
43	25083	1
46	8025	1
47	152	-1
31	2026	-1
0	18850	1
5	19317	-1
8	17353	-1
29	24303	-1
28	5405	1
44	13073	-1
10	17564	1
45	2756	1
24	5808	-1
16	11956	1
18	29676	-1
43	26624	-1
28	21255	1
3	19549	-1
4	480	1
30	8649	1
35	26527	-1
38	17740	-1
31	3727	1
13	15124	1
2	5521	-1
7	4051	1
19	22421	-1
40	6137	1
21	11718	1
18	30867	1
8	26788	1
10	9124	-1
28	6560	1
11	30140	-1
30	2114	-1
47	1187	-1
48	11922	1
13	27333	1
42	26074	1
32	6111	-1
29	15471	1
18	15913	-1
39	2810	1
34	587	-1
6	7895	1
8	19081	1
21	5817	-1
19	5500	-1
48	2316	1
49	21832	-1
14	11713	1
48	3656	1
1	20396	1
29	2577	-1
10	16700	1
0	1727	1
33	26235	-1
9	24605	1
23	21626	1
43	6890	1
48	22025	1
35	25932	1
27	7419	-1
42	2077	-1
16	19580	-1
34	22023	-1
7	25101	-1
14	18169	-1
1	5353	-1
48	8100	1
43	25090	1
31	10336	-1
35	11704	-1
8	9792	1
7	6731	-1
6	27775	1
8	24577	1
8	19726	1
44	26714	-1
28	181	-1
36	28956	1
26	2145	-1
36	22218	-1
22	14574	-1
45	411	-1
34	10051	-1
2	24815	-1
40	9621	-1
6	10447	-1
32	12055	-1
27	17264	-1
0	24463	1
46	13695	1
0	12238	-1
6	22891	1
49	1162	1
36	2460	1
37	10128	-1
13	14947	1
19	13295	1
37	27982	-1
8	10234	-1
8	20144	1
42	20247	1
28	67	1
10	15812	1
23	3932	1
13	18822	-1
24	11137	-1
6	25949	-1
12	3042	-1
5	4163	1
42	521	1
8	12310	-1
17	11282	1
9	18002	-1
7	61	1
4	7512	-1
0	18525	1
28	5783	-1
49	2190	1
6	22947	1
26	16622	-1
21	8601	-1
5	30083	-1
35	2141	1
12	25766	-1
26	13084	1
46	1869	1
37	185	-1
14	14517	-1
43	22903	1
6	8109	1
4	9404	-1
7	14518	-1
3	24041	-1
33	8438	-1
4	8728	1
20	560	1
1	26149	1
39	5493	1
24	24828	-1
15	24654	-1
8	16567	1
17	17029	-1
25	10599	-1
3	18077	-1
25	9770	-1
8	30884	1
34	9306	1
33	8380	-1
5	7468	1
18	6712	1
16	19786	1
25	18961	-1
31	3236	-1
25	10207	-1
12	21804	1
8	6464	1
49	22427	-1
7	13298	-1
19	3414	-1
14	23392	-1
43	11286	1
39	20636	-1
42	21852	-1
35	12735	1
48	1278	1
40	977	1
5	12104	-1
23	9504	1
48	19548	1
19	9717	-1
23	30301	1
29	12725	1
11	15678	-1
39	13374	1
6	20721	1
48	9514	1
8	14012	-1
42	788	1
49	23665	-1
36	9595	1
16	18504	-1
0	2436	1
48	7791	1
15	8547	-1
9	2524	1
3	12322	-1
7	23707	-1
15	23863	-1
17	19571	1
40	8085	1
48	20278	1
5	5446	-1
22	21675	-1
36	28763	1
48	25686	1
46	19341	1
10	11593	-1
16	15396	1
2	28793	-1
28	13276	-1
23	21290	-1
24	14257	-1
13	7636	-1
24	23817	-1
10	12078	-1
31	5685	-1
4	1323	1
17	5357	-1
21	12686	-1
4	18131	1
5	15167	1
39	30733	1
36	26630	-1
17	22748	1
12	2513	-1
34	17889	1
48	9456	1
17	12135	1
7	20543	1
27	5196	-1
1	7391	-1
48	13016	1
32	18573	1
40	28280	-1
47	17343	1
13	12255	1
1	15346	-1
48	4129	1
30	28089	-1
29	3932	-1
39	5331	-1
42	30069	-1
4	20343	1
8	4870	1
42	11355	1
16	2220	1
28	5592	-1
0	10364	1
44	18000	-1
44	18038	-1
12	12014	-1
43	16248	-1
7	2451	1
15	1858	-1
9	17941	-1
43	1016	-1
43	25352	1
46	1254	1
5	29517	1
3	1228	-1
28	5499	-1
33	9825	-1
31	701	1
4	29301	1
36	24929	1
0	10578	1
45	17556	-1
15	16567	1
39	28182	-1
40	16832	1
4	4651	-1
36	11511	1
4	27371	-1
4	2742	1
17	23646	1
15	6773	-1
46	18877	1
25	29867	-1
17	15867	1
20	28903	-1
16	6477	-1
8	3991	1
13	6358	-1
15	15137	1
28	5548	1
10	3665	1
48	16670	1
38	1360	1
6	17302	-1
48	2448	1
43	29992	-1
1	21613	1
15	143	-1
46	20587	1
40	22202	-1
42	26052	1
13	4470	-1
44	4209	-1
19	5650	-1
28	19557	1
42	22809	1
3	28287	-1
43	4064	1
34	9763	-1
36	30601	-1
49	14549	1
36	17255	1
19	24620	-1
36	19900	1
48	19224	1
13	28328	-1
10	13644	1
32	21433	-1
1	24229	-1
48	22980	1
0	16066	1
36	6666	1
35	22033	-1
48	715	-1
43	29358	1
34	27542	-1
22	9741	-1
17	20325	-1
16	4941	1
29	9815	1
48	29949	1
10	26446	1
23	9945	1
35	12338	1
7	5390	1
30	30979	-1
42	10174	-1
32	21125	-1
0	7121	-1
49	16816	-1
1	318	-1
20	5458	1
21	23889	-1
37	29253	1
47	4800	1
16	3045	-1
37	6528	1
16	22301	1
10	3043	-1
46	25551	1
35	4596	-1
13	6739	1
34	30096	1
4	24224	1
30	12118	1
11	18946	-1
35	3377	1
48	13843	1
24	8578	-1
28	26334	1
5	5756	-1
4	7620	1
4	16353	-1
18	20838	-1
47	3583	1
42	24783	1
38	8314	1
0	3191	1
4	483	1
20	13590	-1
42	2293	1
14	12200	1
43	5087	-1
1	23797	1
11	21755	-1
17	3942	1
14	22631	-1
26	7621	1
36	9374	-1
47	11495	-1
39	1014	1
35	1405	1
27	2187	-1
46	26764	1
27	3196	1
19	813	-1
10	26804	1
17	26836	-1
31	121	-1
13	7198	1
12	26856	1
43	27244	1
1	24999	-1
25	5359	1
16	8433	1
28	5768	1
42	11176	1
37	18330	-1
41	27502	-1
36	13653	-1
35	15358	-1
7	14059	-1
46	9751	1
44	25809	1
10	6347	1
12	24446	-1
48	3289	1
12	21116	-1
40	17628	1
29	12084	-1
16	13594	1
45	20063	-1
48	26968	-1
44	4426	1
44	147	1
14	4811	-1
46	9610	1
7	10501	1
40	12145	-1
42	17375	1
16	634	1
43	9748	1
13	30599	-1
38	28528	1
1	27844	1
32	4302	-1
5	26848	-1
8	15737	1
43	2178	1
26	12453	-1
35	77	1
37	1371	-1
7	5363	1
8	6623	1
42	7595	1
43	4766	1
28	29695	-1
13	16833	1
25	5463	-1
1	17035	-1
4	12879	-1
9	23446	1
4	22410	-1
0	20276	-1
3	10784	-1
9	1489	1
40	18490	1
0	6825	-1
41	3045	-1
31	25500	-1
43	9393	1
24	10626	-1
32	3840	1
46	19716	-1
16	22546	1
35	10027	-1
14	9972	-1
46	13912	1
4	7400	1
49	13920	-1
20	19940	1
15	3507	-1
3	12251	-1
6	29661	1
7	26877	-1
9	21946	1
44	7127	-1
45	9440	-1
42	29584	1
48	19566	-1
24	19418	-1
31	8301	-1
49	18268	1
46	16651	-1
31	10161	-1
2	11622	-1
48	16016	-1
43	4274	-1
40	22003	1
46	1532	1
15	20432	-1
18	12273	1
46	2718	1
18	13164	1
27	26016	-1
8	23511	1
13	20235	1
48	30384	1
42	2859	-1
46	1082	1
8	22604	1
0	4290	1
14	7089	1
40	8443	1
9	23338	-1
1	3058	1
8	12698	1
13	6990	1
48	450	-1
46	24862	1
0	19536	1
13	13755	-1
23	10711	1
43	28434	1
16	21525	-1
26	11429	-1
25	17687	-1
4	21373	1
44	21412	1
14	19797	-1
37	11804	-1
8	3659	1
10	15046	-1
40	30908	1
41	9886	-1
43	25896	-1
33	21040	-1
0	17261	-1
40	12878	-1
30	30170	1
44	3602	1
42	7308	1
19	23377	-1
29	24259	1
43	12484	-1
7	14337	1
0	28263	1
10	21343	-1
2	9707	-1
48	15240	1
42	18118	1
48	2765	1
18	2232	1
36	10178	-1
9	23947	-1
43	1691	1
7	23814	-1
17	17340	1
4	27091	-1
41	17594	-1
43	12108	1
30	10211	1
29	28547	-1
11	26382	-1
12	2488	-1
43	1761	1
44	29162	-1
6	5674	1
15	13743	-1
0	27975	1
11	10356	-1
47	23052	-1
30	2594	-1
7	15205	1
1	29378	-1
32	4000	-1
43	12222	-1
6	10584	-1
29	14940	1
2	20224	-1
36	10183	-1
48	3948	1
1	25493	1
46	3264	1
9	17908	-1
1	7766	1
19	13322	-1
19	29044	-1
40	7634	1
49	19236	1
40	26806	-1
8	27231	1
47	19517	-1
1	3872	1
7	28412	-1
46	9409	1
47	11635	-1
28	13167	1
17	3438	1
18	24507	1
23	166	1
40	9599	1
7	6269	-1
43	18074	1
26	25771	-1
6	28215	-1
43	9929	1
39	21083	1
10	7215	1
48	528	-1
46	2701	1
10	12388	-1
43	10708	1
40	12825	1
13	22638	1
6	1536	-1
39	7022	1
18	3624	-1
28	537	-1
1	10769	1
23	17132	1
46	13852	1
13	1782	-1
46	22110	1
47	22346	-1
25	13940	-1
10	17054	1
35	24035	1
40	9982	1
35	5560	-1
18	15115	1
46	19948	-1
16	27721	1
14	460	-1
44	19441	1
45	2133	-1
6	18286	-1
29	29225	-1
4	22850	1
15	2887	-1
43	18304	-1
13	21512	1
32	30268	-1
14	27778	-1
43	8554	1
23	10176	-1
46	3304	1
42	21925	-1
4	28307	-1
8	15092	1
40	5246	1
31	23715	-1
38	9792	1
16	2090	1
7	7686	1
8	675	1
16	5203	1
31	6092	-1
11	2882	-1
46	8183	-1
43	229	1
35	16779	-1
49	29360	-1
41	6307	-1
43	3691	1
4	1393	-1
29	19460	1
16	25333	1
34	7150	-1
35	20070	-1
31	26412	-1
5	29467	-1
43	23540	1
23	10897	-1
32	20475	1
8	14155	1
20	3098	-1
42	20062	1
2	2728	-1
12	17777	1
8	18697	1
23	4940	1
37	8584	-1
34	13714	-1
28	1889	1
21	29052	-1
9	12607	1
37	2866	-1
47	14139	-1
46	20114	1
4	23030	1
7	21977	-1
36	23531	1
48	13399	1
32	3323	-1
44	26396	1
3	24149	-1
6	11323	1
43	6751	1
47	29500	1
44	6727	1
33	19762	-1
28	15314	-1
28	26668	1
45	9571	-1
39	30606	-1
43	1214	1
5	1241	1
15	28811	-1
27	14132	-1
42	23240	1
29	1964	-1
31	12260	-1
4	2085	1
38	6484	1
2	25148	-1
49	1191	1
16	27217	1
35	25769	1
1	13159	-1
47	10971	-1
35	28766	1
41	9306	-1
42	23647	1
41	12682	-1
7	14667	1
7	18299	1
13	16068	-1
10	20886	-1
29	950	-1
6	30656	-1
34	1312	1
27	19621	-1
45	11724	1
47	4907	-1
18	13095	-1
41	22136	-1
46	29205	1
24	26534	-1
37	24069	-1
46	26644	1
43	13192	1
41	19918	-1
29	5730	1
47	6206	-1
45	12968	-1
24	19312	-1
43	5560	1
43	22377	1
49	30264	-1
28	20543	1
15	22781	1
4	29810	1
26	19148	-1
9	9340	-1
28	29454	-1
5	25104	1
47	4883	1
4	16754	-1
7	20461	-1
43	8403	1
43	21689	1
17	29813	-1
38	16693	1
10	24535	-1
34	11674	-1
49	10466	1
25	30691	-1
43	29695	1
19	5895	-1
1	27065	1
31	17443	-1
18	16642	-1
13	4272	1
13	25096	1
42	21577	-1
37	17305	-1
39	15082	1
30	8855	1
48	26516	1
41	24720	1
35	14274	-1
35	29054	1
37	28837	-1
29	25658	-1
39	23185	-1
40	12465	1
29	24274	-1
44	1865	1
28	4855	-1
33	30214	-1
46	13273	1
28	27673	1
6	4834	1
16	24544	-1
22	12398	-1
1	28626	-1
16	8935	1
8	22466	1
48	6237	-1
18	14132	1
7	28690	1
44	458	1
28	22942	1
9	10799	1
22	14294	-1
21	6830	1
38	8574	-1
8	23602	-1
48	2855	1
10	6874	1
17	23807	-1
16	23830	1
25	20528	-1
8	30658	-1
41	27825	-1
14	1007	-1
23	12084	1
4	12595	-1
44	30052	-1
46	171	1
25	23067	-1
30	1672	-1
14	14480	-1
40	15763	-1
48	28141	1
43	25527	1
47	18857	-1
40	8406	1
13	5713	1
23	587	-1
13	28130	1
22	11488	-1
5	23611	1
49	21934	1
0	5900	-1
8	28504	1
34	27355	-1
43	17207	1
28	640	-1
46	27755	1
3	16626	-1
38	24354	-1
16	3057	-1
30	29835	1
4	15157	1
34	7013	-1
30	25479	-1
13	5902	1
28	5001	-1
6	18931	1
27	19019	-1
16	23887	-1
42	16316	-1
43	21080	1
28	10283	1
43	13438	1
14	10556	-1
29	16823	-1
33	30848	-1
0	14094	-1
47	17880	-1
46	6710	1
43	15674	1
26	17435	-1
14	28603	-1
43	4780	-1
48	20900	-1
35	9728	-1
0	28122	-1
16	29737	-1
2	7356	-1
32	27152	-1
1	29832	1
42	17211	1
19	6372	-1
28	25425	1
39	18656	-1
23	24431	1
13	25443	1
16	5892	-1
43	10161	-1
4	8055	1
46	27436	1
7	1125	-1
4	29366	-1
28	30136	-1
8	31046	1
14	30491	1
18	25118	-1
1	13262	-1
10	17385	1
43	4116	1
2	27438	1
4	7262	-1
46	1824	1
1	28012	-1
46	12153	1
36	26615	1
14	22779	1
29	10156	-1
13	2491	1
13	8651	1
8	18243	1
42	12110	1
31	20904	-1
18	22040	1
21	19561	1
42	27153	1
48	21681	1
3	24923	-1
43	4715	-1
13	20240	1
21	6757	1
17	14773	1
34	11335	-1
0	11558	-1
13	29983	1
48	17847	1
35	13844	-1
1	24314	-1
13	29943	-1
43	30661	1
26	1350	1
17	11934	-1
24	17376	-1
27	11172	-1
44	4026	1
14	21579	1
13	13275	1
4	7791	1
29	929	1
48	15140	1
18	23262	-1
14	30128	-1
29	10820	1
33	4697	-1
34	10163	-1
4	4700	1
10	28863	1
28	17468	1
7	26763	1
6	29704	1
36	19783	1
46	14414	-1
4	6854	1
6	6757	1
17	5654	-1
37	23837	-1
17	27104	-1
0	28927	-1
43	12373	-1
34	15066	-1
19	13613	-1
47	27621	-1
35	24475	1
18	23489	-1
32	30625	1
3	1542	-1
41	8148	-1
13	6602	1
39	9786	-1
37	24671	1
48	30841	1
49	5309	1
15	7511	-1
12	19655	-1
3	424	-1
42	7062	1
25	1843	-1
0	29348	-1
43	605	-1
40	21809	1
48	18682	1
8	27376	1
44	16727	-1
25	29189	-1
3	26263	-1
0	2283	-1
4	2675	1
17	31032	-1
23	1158	1
42	16898	1
45	29897	1
47	16950	-1
38	7626	-1
6	24671	1
46	22986	1
18	28532	1
46	1322	1
30	18591	-1
16	30560	-1
32	2735	-1
7	16153	1
16	18304	1
41	21112	-1
15	12137	1
42	23864	1
13	16778	1
46	5417	1
35	2924	-1
14	13716	-1
30	4335	-1
1	21125	1
18	27202	1
1	18375	-1
9	26226	-1
32	18452	-1
22	9200	-1
42	1547	-1
37	22840	1
31	21437	-1
43	2699	1
33	9584	-1
24	12280	-1
40	22684	1
28	15093	-1
4	19283	1
37	4049	-1
43	25406	1
7	21526	-1
30	24582	-1
30	26705	-1
42	23272	1
5	12369	-1
1	11421	-1
42	21068	1
28	15281	1
49	26370	-1
48	2330	1
47	3115	-1
43	26466	1
7	15424	-1
12	13057	-1
45	4637	-1
18	17727	1
48	6957	-1
48	19792	1
8	12650	-1
20	4587	-1
41	2849	-1
5	8950	-1
24	29158	-1
36	28140	1
13	19797	-1
15	5807	-1
11	25454	-1
26	13598	-1
5	16334	1
44	10932	-1
48	23293	1
20	16674	-1
21	24850	1
35	1551	1
16	29801	-1
40	13945	-1
7	12640	1
13	19467	1
49	30688	-1
38	21164	1
10	24005	1
37	21958	-1
40	12866	1
46	3434	1
48	12570	-1
28	21403	1
0	28559	-1
36	3692	1
25	11488	1
48	20623	1
46	26363	1
48	12698	1
5	13994	-1
46	11332	1
36	19124	1
44	4134	-1
1	28124	1
40	8965	1
43	3201	-1
2	2492	-1
9	1326	1
48	22071	1
8	16231	1
9	30801	-1
38	5394	-1
42	14175	-1
5	5241	1
49	3424	1
21	8546	-1
17	3720	1
10	19810	-1
19	17244	-1
21	25937	-1
43	12752	1
40	9788	1
27	19332	-1
48	14776	1
12	665	-1
42	21983	-1
10	24752	1
39	23556	1
48	18944	1
8	10433	-1
35	29188	-1
48	13386	1
23	17109	1
43	25619	1
25	215	1
5	20790	1
16	964	1
36	25051	1
34	8509	-1
41	11653	-1
39	8592	-1
14	22022	-1
17	4744	1
37	4478	1
26	17928	-1
40	6716	1
25	13971	-1
16	8356	-1
30	16645	-1
34	13460	-1
49	24525	1
44	30337	1
4	16534	-1
11	20918	-1
17	14579	-1
26	26065	-1
49	15274	-1
19	1158	-1
16	8191	1
12	13281	-1
47	10096	-1
36	29193	-1
2	754	-1
8	12131	1
16	22254	1
9	7491	-1
8	7190	1
32	5997	-1
8	11725	1
2	14497	-1
38	29077	-1
36	21563	1
31	4654	1
13	519	1
42	5619	1
16	19454	1
48	30212	1
22	30294	-1
41	194	-1
4	757	1
45	28547	1
28	14906	1
10	6659	1
48	10946	1
21	17981	-1
4	7480	1
48	17291	1
20	18953	-1
2	9852	-1
35	21836	-1
31	22241	-1
13	30866	1
6	714	-1
23	23468	1
16	20192	1
14	6727	-1
21	23132	-1
42	15693	-1
32	20121	-1
35	28756	-1
28	5281	1
14	15289	-1
2	19408	1
48	11595	1
20	1273	-1
8	20517	1
27	11047	-1
3	12337	-1
0	11430	-1
4	719	1
0	15540	1
42	31072	1
49	2058	-1
15	21305	-1
13	24311	1
27	1038	-1
20	16752	-1
37	5305	1
29	26055	-1
42	30335	-1
46	14131	1
31	6406	-1
48	21329	1
1	19340	-1
39	23434	-1
33	3480	-1
10	21523	-1
48	25163	-1
30	16185	1
17	20412	1
29	24570	-1
47	19813	-1
5	13878	-1
6	7781	1
42	17736	1
46	10015	-1
6	22063	1
17	4982	-1
44	26447	1
13	13533	1
8	30880	1
13	28378	1
7	12864	1
40	7848	1
1	12303	1
10	7747	-1
13	12334	1
29	17235	-1
8	25531	1
40	10084	-1
39	3332	-1
42	12387	1
24	9364	1
24	15502	-1
2	11996	-1
15	6258	-1
6	22440	1
47	3362	-1
46	19394	-1
8	9981	1
42	28581	1
11	16665	-1
33	9815	-1
0	419	-1
1	18210	1
9	22148	-1
40	29894	-1
8	30977	-1
3	27391	-1
10	22042	-1
34	4235	1
15	11396	-1
5	18724	-1
29	3472	-1
8	22553	1
29	2218	1
10	28849	-1
26	11657	1
15	2401	-1
0	22497	-1
11	8911	-1
7	1747	1
31	722	1
22	8828	-1
45	15263	1
16	9617	1
48	22960	1
29	19652	-1
5	14916	-1
35	7388	1
43	12513	1
30	22732	1
14	18316	-1
23	13696	-1
35	13551	-1
31	19766	-1
4	15934	1
40	14236	-1
5	12416	-1
3	11665	-1
4	22699	-1
2	30556	1
47	25751	1
27	9120	-1
43	3050	1
40	3213	1
35	30753	-1
29	22987	-1
12	30472	1
15	22547	1
15	16881	1
39	17333	1
46	11991	1
4	2714	-1
6	14437	1
7	6072	1
31	29993	-1
21	11884	1
32	3650	1
13	16388	1
48	26971	1
48	16944	1
11	21540	-1
30	16718	-1
28	19604	1
38	12254	-1
4	8249	-1
24	13473	-1
28	12167	1
44	255	1
8	27256	1
10	2121	-1
13	31082	1
0	10622	-1
29	2590	-1
6	6983	1
26	12572	-1
8	27718	1
18	30807	-1
39	13058	-1
13	6796	-1
28	30090	-1
1	8632	-1
48	9937	1
48	9055	1
4	9517	1
48	19490	1
48	8302	1
33	6407	-1
10	9057	1
48	24076	1
19	9448	-1
47	10465	-1
41	2571	-1
44	4066	-1
40	27629	-1
37	27771	-1
43	18221	1
39	28480	-1
1	28758	-1
43	23003	-1
11	15428	-1
4	11971	-1
40	21226	-1
9	1289	-1
45	23512	1
42	12936	-1
42	20679	1
7	16347	-1
25	21785	-1
46	9058	1
29	5316	1
45	26084	-1
12	18237	1
17	10676	1
43	11944	-1
38	5993	-1
48	21436	1
25	27875	-1
21	10801	1
28	27191	-1
18	3240	1
35	28076	1
45	4579	-1
39	11210	-1
48	20442	1
37	28210	1
22	24548	-1
20	14414	-1
43	27916	1
4	20871	1
7	18522	-1
36	19233	-1
12	28902	-1
19	22869	-1
11	17018	-1
41	15358	-1
14	21000	-1
4	24961	1
30	8372	1
24	25511	-1
8	30959	-1
45	1167	1
35	25512	-1
28	7848	1
48	27955	1
48	12678	1
23	3825	-1
37	26505	1
6	4383	1
44	1166	1
2	18455	-1
39	11653	-1
15	5357	-1
12	10958	1
7	23870	1
42	4085	-1
16	26268	1
39	4316	-1
25	17704	1
8	15987	1
40	16503	1
1	1278	1
16	23207	-1
27	24098	-1
11	11932	-1
6	21419	1
46	14476	1
28	598	-1
1	20974	-1
17	3606	1
40	14794	-1
35	5225	1
5	11005	1
38	6111	-1
35	17423	-1
17	15020	1
28	11572	1
48	15429	1
49	2890	-1
4	19717	-1
10	2773	1
9	25166	1
6	2901	1
6	4333	-1
9	5511	1
16	7816	-1
43	15868	1
0	24507	1
1	20804	-1
13	27631	1
6	3398	-1
13	13313	1
19	9499	-1
7	5557	-1
0	15519	1
24	946	-1
42	11436	-1
34	598	-1
6	15820	-1
26	24197	-1
46	25812	1
11	19832	-1
8	18105	1
38	28870	-1
40	13375	-1
45	16097	1
6	15562	-1
46	22539	1
14	21627	-1
48	30777	-1
4	16055	-1
42	20224	1
43	4587	1
5	1742	-1
28	22403	1
30	9860	-1
10	4868	-1
43	7846	1
49	21984	1
23	21691	1
36	19024	1
47	19601	-1
44	14812	-1
35	1020	-1
24	10985	-1
35	3230	-1
42	23974	1
23	24727	1
8	10434	1
23	6787	1
26	7667	1
39	30150	1
28	5108	1
6	19363	-1
36	4541	-1
31	13291	-1
48	2333	1
11	27532	-1
20	12765	-1
5	3585	1
23	22145	1
29	26614	-1
43	15945	-1
25	28663	-1
43	27009	1
38	22055	-1
42	19028	-1
42	16953	1
26	18301	-1
28	18684	1
43	28334	1
48	8512	1
6	14274	-1
46	7601	-1
30	13336	-1
46	360	1
41	22358	1
19	17717	-1
23	19374	-1
42	14502	1
2	15293	-1
48	29468	1
42	1036	1
44	12405	1
43	16996	1
6	23609	1
36	16799	-1
40	20975	1
43	29989	-1
16	13679	1
18	2681	1
42	4098	-1
43	11870	-1
9	4991	-1
28	11027	1
22	11724	-1
40	24911	-1
10	5633	1
45	24521	1
35	22339	-1
45	7979	-1
23	5649	1
8	6095	1
32	24816	-1
42	6650	1
35	12667	1
46	10400	1
23	13430	1
37	17857	-1
42	20404	1
17	24803	1
40	4590	1
16	1015	-1
4	15276	1
46	3305	1
39	17466	-1
49	3049	1
28	4649	1
13	25514	-1
48	10632	-1
2	16465	-1
39	4675	-1
0	6276	-1
9	11416	-1
39	757	-1
48	12283	-1
0	22747	1
43	27756	1
17	16241	-1
17	10591	1
39	7210	1
45	24913	-1
32	19819	1
44	24226	1
28	22981	-1
14	27968	-1
48	14574	1
2	26522	1
1	14056	1
20	48	-1
18	27505	-1
46	30268	1
33	11432	-1
30	6714	-1
30	19595	1
27	11830	1
40	22296	1
40	12477	1
32	19249	1
46	354	-1
18	29229	1
3	2748	-1
13	2353	1
37	25522	-1
17	8737	1
37	5942	1
23	22091	1
7	9579	-1
49	22094	-1
35	29048	-1
46	27182	-1
34	6438	-1
32	24348	1
44	1804	-1
24	4852	-1
5	20072	1
35	1040	-1
29	14640	-1
36	20011	1
42	20694	1
18	3370	-1
31	23221	-1
43	24921	1
44	27819	1
5	26889	1
12	16915	-1
45	3728	1
4	3975	1
30	20120	-1
6	20116	1
46	7789	1
1	1876	-1
12	16636	-1
49	24514	-1
31	13477	1
40	13161	1
43	13900	1
46	9570	1
22	1897	-1
44	30340	-1
34	5277	-1
36	7764	1
15	13070	-1
19	6495	-1
3	19974	1
29	8997	1
6	29467	-1
35	11398	-1
2	30030	-1
18	21363	1
35	1030	-1
3	18041	-1
12	23351	-1
18	17110	1
44	16050	1
4	12273	1
20	17001	-1
4	13928	-1
26	16047	1
26	15809	1
46	9134	1
5	6006	1
5	18807	1
42	18748	1
37	13999	-1
28	9843	1
37	5613	-1
5	2452	1
44	9800	1
35	7098	1
36	8121	-1
16	22556	-1
2	20285	-1
27	2916	1
39	25948	-1
23	22012	-1
24	26145	-1
13	4959	-1
21	16818	-1
27	6758	-1
41	27637	-1
17	10584	1
47	8019	-1
40	5980	1
41	11523	-1
35	17800	1
42	20579	1
37	4549	-1
28	25550	-1
43	8786	1
49	23106	-1
39	55	1
13	7603	-1
20	11180	-1
46	8612	1
13	30021	1
2	998	-1
43	19061	1
38	27317	-1
19	14852	-1
41	10636	-1
43	25680	1
2	18105	1
3	20888	-1
16	497	-1
32	9126	1
14	14838	-1
41	8208	-1
40	19840	1
7	29077	-1
8	20064	1
31	9227	-1
37	30242	1
11	27272	-1
40	29688	1
17	22206	1
35	21708	1
37	15332	-1
8	6199	1
48	19494	1
25	26423	1
28	23124	-1
8	908	1
45	3194	1
25	1483	-1
0	5310	-1
26	25222	-1
6	11633	-1
18	29239	-1
10	3138	-1
48	4843	-1
43	26611	1
14	6713	-1
21	9109	1
8	17992	-1
19	552	-1
42	15198	-1
46	14119	-1
19	18807	-1
39	16785	-1
40	14316	1
42	22936	1
29	16166	-1
26	15182	-1
35	8353	1
8	9806	1
3	21184	-1
4	16664	-1
13	4192	1
2	2386	-1
28	27896	1
43	21161	1
32	14135	-1
46	17506	1
20	7065	-1
43	18257	-1
16	23980	1
40	29124	-1
39	12925	1
22	13680	-1
20	23765	-1
13	24174	-1
47	6769	-1
0	1273	1
47	9410	-1
45	1447	1
37	24398	-1
4	20676	-1
29	19311	-1
48	3342	1
27	12160	-1
36	26679	1
35	10529	1
48	3132	1
38	10433	-1
43	22845	1
31	30741	-1
2	6429	-1
30	21135	-1
48	14845	1
35	5183	1
36	375	-1
38	30706	-1
16	16549	-1
26	8059	1
39	1471	1
6	6670	-1
4	31013	1
45	11735	1
32	8343	1
41	14585	-1
46	18560	1
48	14377	1
21	23557	1
22	15675	-1
6	22671	1
13	19957	-1
0	18836	1
2	6647	-1
43	1025	1
7	15545	1
9	13782	1
5	12763	-1
17	24597	1
14	30545	-1
40	18035	1
17	1737	1
7	1752	-1
45	17008	-1
46	17148	1
19	1835	-1
36	27427	1
36	15562	-1
35	23067	-1
20	28206	1
5	8945	1
5	18401	1
26	23399	-1
8	9305	1
14	24351	1
2	30550	-1
42	7840	1
28	23378	1
30	21495	1
48	8294	1
21	11304	-1
46	22122	1
40	21224	-1
32	15398	-1
15	12423	-1
21	7035	-1
33	28722	-1
40	22804	-1
16	24714	-1
28	3538	1
8	4628	1
42	9238	-1
43	2462	1
38	16690	-1
2	12529	-1
5	27877	1
27	18307	-1
40	8475	1
19	28213	-1
49	12779	-1
44	19251	1
10	9226	1
19	16949	1
48	11301	-1
35	7155	-1
22	9659	-1
48	5266	1
32	10769	1
42	25327	-1
41	28051	-1
22	12692	-1
16	17643	1
35	10704	-1
12	6265	-1
42	9065	1
1	15029	-1
46	18209	1
43	17458	1
34	29472	-1
46	25921	1
49	14264	-1
5	22548	1
40	7991	1
46	12184	1
44	2633	1
48	23517	1
48	20961	1
35	22779	-1
40	23510	1
43	19381	1
4	5517	-1
21	10584	1
30	27845	1
3	17373	-1
39	3409	-1
7	28939	1
45	22301	-1
19	16391	-1
35	11243	1
46	28862	-1
8	19979	-1
36	31031	-1
27	8217	-1
43	3655	1
15	19718	-1
23	6237	-1
13	23953	1
14	13421	-1
31	15748	-1
8	2495	1
32	30805	-1
14	15244	-1
46	27310	1
46	23676	1
13	23263	1
16	17349	1
14	12679	-1
40	14912	1
46	12035	1
12	13947	1
9	25496	-1
8	6463	1
47	30106	-1
36	30712	-1
48	2651	-1
26	15513	-1
19	1960	-1
43	3844	1
4	10368	1
25	13894	-1
10	21488	1
29	11210	1
8	2204	1
48	26454	1
46	12712	1
48	5071	-1
42	25219	1
40	27153	-1
14	1291	-1
4	30410	1
4	14447	1
46	23776	1
22	27620	-1
20	14178	-1
13	2321	-1
36	1660	1
41	30852	-1
14	16018	-1
44	5124	-1
43	12544	1
37	14092	1
21	27818	-1
3	29590	1
43	26830	1
36	18458	-1
27	12245	-1
4	13831	1
22	12224	1
41	6948	1
48	18084	1
14	25563	1
49	24729	1
35	15549	1
5	17147	1
32	8406	1
6	21371	1
13	23952	1
16	20716	1
15	22980	-1
18	28297	-1
37	26452	-1
17	10277	1
33	22272	-1
30	20033	1
13	27811	-1
14	7681	-1
14	24606	1
4	24058	1
11	1943	-1
7	4329	1
0	19796	-1
6	23295	1
6	30060	1
6	2757	1
36	29181	1
16	30619	-1
21	27107	-1
16	1605	1
40	29924	1
2	9310	-1
37	23443	-1
49	28066	1
40	22440	1
40	18058	1
9	8468	-1
42	26824	1
41	4027	-1
31	16522	-1
48	1036	1
24	617	-1
28	16998	-1
0	21613	1
45	6739	-1
46	29345	-1
40	15405	1
29	6824	-1
48	16188	1
25	10152	1
17	30773	-1
16	7107	1
13	7613	1
43	13789	1
40	27310	1
21	23028	1
42	30463	1
43	17614	-1
38	20570	-1
4	3929	1
45	7693	-1
13	24193	1
45	15743	-1
25	26697	-1
10	14413	-1
21	17640	-1
6	25750	1
23	5055	1
21	146	-1
44	22840	1
38	21201	1
23	9717	-1
8	23158	1
25	1870	-1
48	16092	1
23	12434	-1
8	12278	1
45	6684	1
31	26455	-1
33	17280	-1
32	20675	-1
43	24126	1
20	5670	-1
43	30343	1
9	1443	1
10	22132	-1
30	7143	1
0	5537	-1
45	28671	1
23	17992	1
16	6449	1
32	22623	-1
6	25588	1
16	27770	1
35	27070	1
46	14473	1
1	24575	1
45	24537	1
6	6689	1
40	13160	1
4	10696	1
33	13481	-1
26	17067	1
20	8742	-1
3	22888	-1
14	136	-1
27	2659	1
43	17248	1
3	29557	-1
44	6446	-1
21	5111	-1
46	15786	1
31	14145	-1
48	22450	1
18	15923	-1
23	8243	-1
34	260	1
4	25804	1
37	5178	-1
49	26657	1
18	670	1
2	10652	-1
43	8054	1
13	2756	1
19	10410	-1
46	19336	1
10	6988	-1
11	12997	-1
40	4922	1
36	696	1
13	796	1
16	27036	1
39	29467	-1
12	29005	-1
25	21482	-1
31	13288	-1
4	15857	-1
40	22532	-1
33	18234	-1
40	20672	-1
28	15400	-1
25	1137	1
25	6606	-1
42	1312	1
45	13676	-1
25	15520	1
8	15838	1
48	5896	1
39	10057	-1
13	10234	1
46	12462	1
28	24424	1
46	18049	1
13	21827	-1
40	5103	-1
3	26080	-1
22	1861	-1
23	5808	1
19	6188	-1
26	4242	1
35	20840	-1
5	802	1
46	2506	1
40	4117	1
24	7249	-1
44	17572	1
46	2545	1
9	605	-1
4	27263	-1
10	11970	-1
10	24832	-1
2	8320	-1
46	14881	1
41	9877	1
39	4220	-1
28	30767	1
7	23313	1
4	5279	1
2	18840	-1
40	7976	-1
39	5990	1
17	18295	1
46	26221	1
12	26400	-1
46	30332	1
8	7388	-1
46	17012	1
47	3893	1
39	717	1
44	30072	1
4	7702	1
39	21916	1
21	29974	-1
37	17162	1
23	12343	-1
42	22110	-1
44	21357	-1
44	187	1
46	6079	1
34	24914	-1
25	25503	-1
40	3891	1
18	6506	1
34	2332	-1
17	4834	-1
22	2801	-1
40	25909	1
8	24727	-1
42	18796	1
48	25470	1
35	15861	-1
6	12669	1
43	29971	1
22	26425	-1
8	1454	1
48	27477	1
1	12922	-1
33	4089	-1
16	5056	1
6	14464	1
42	21605	1
30	1619	-1
35	19963	1
48	26910	1
19	22767	-1
11	28064	-1
49	721	-1
4	21151	-1
30	27436	1
32	654	-1
3	21516	-1
28	7491	-1
8	30535	1
31	12834	-1
35	4187	-1
16	30372	1
24	10196	-1
32	4979	-1
32	29884	1
25	12546	-1
47	26862	-1
48	19372	1
29	26324	-1
16	20888	1
47	3048	-1
13	12009	-1
30	3654	-1
35	18523	1
20	16713	1
33	18305	-1
43	22919	1
33	12167	-1
16	29804	-1
17	26665	1
46	25050	1
48	29031	1
29	4	1
37	24371	1
46	990	1
38	30763	-1
37	1735	-1
42	10035	-1
37	21521	-1
35	30760	-1
9	29711	-1
20	6438	-1
27	4851	-1
16	24508	1
12	11523	-1
10	26770	1
29	4854	-1
24	29722	-1
46	20938	-1
48	16861	1
40	21150	1
5	17351	1
34	27956	1
23	18725	1
44	8942	1
17	4173	1
37	27135	-1
48	1007	1
8	19225	1
4	1594	1
6	30617	1
6	14942	1
17	26480	1
40	21006	1
6	4697	1
10	13683	-1
49	14841	1
4	26171	-1
13	20743	1
25	9107	-1
35	25441	1
13	2318	1
0	4919	-1
44	28800	-1
27	9379	-1
40	19788	1
0	22074	-1
19	12298	1
8	11202	1
25	28343	1
47	2691	-1
8	22415	-1
13	29089	-1
8	4367	-1
42	22116	-1
16	17532	1
19	13291	-1
23	5026	-1
1	8984	-1
35	16596	-1
20	27926	-1
2	5946	1
21	11571	1
40	3982	1
7	2381	1
14	31058	1
23	970	1
43	9531	1
44	11932	1
17	6485	-1
43	1212	-1
47	30025	1
1	27398	-1
26	12804	-1
44	8677	1
35	21077	1
22	24711	-1
39	30305	-1
0	28911	-1
42	1979	-1
44	1003	1
15	24687	-1
25	26464	1
18	8515	1
40	5167	1
6	3492	1
39	24193	-1
23	2337	-1
30	14130	1
48	7361	1
28	27418	1
43	24797	1
43	13091	-1
44	17178	-1
48	30316	-1
5	24600	-1
30	26164	-1
41	30090	-1
45	746	1
37	20215	1
38	244	-1
20	1636	-1
45	24813	-1
22	17905	-1
24	577	-1
35	12472	-1
46	4340	-1
39	20343	-1
34	28924	1
26	14588	1
40	26432	1
17	6089	1
21	28002	1
18	25355	-1
31	28592	1
21	23583	-1
27	16541	-1
8	19935	1
18	20350	-1
4	11940	-1
6	26254	1
32	18087	-1
48	12476	1
4	5242	-1
13	23545	-1
23	21708	1
42	22164	1
14	19409	-1
1	10312	1
5	24364	-1
40	19885	1
39	27944	-1
18	30860	-1
8	24200	-1
46	8813	-1
3	17885	-1
21	21352	-1
44	13306	-1
17	22186	1
22	17101	-1
14	16888	-1
7	2141	-1
26	26856	1
20	11061	-1
40	15837	1
43	28826	1
9	26102	-1
7	5396	-1
4	23614	-1
27	17640	-1
43	12551	1
7	17719	-1
0	21057	1
32	2128	1
23	8655	1
7	22170	1
43	11299	1
8	6588	1
36	27158	-1
21	11612	-1
7	153	1
5	26207	1
20	27790	1
4	1064	1
40	11739	1
6	12595	1
46	29837	-1
38	21484	-1
45	17002	1
45	16941	1
21	19379	-1
24	27025	-1
48	20166	1
0	10106	1
40	10620	1
44	4852	-1
42	14306	1
49	25122	-1
42	8166	1
39	26262	-1
20	26382	-1
6	23872	1
8	19272	1
17	27844	1
25	10960	-1
38	6369	-1
43	15701	1
29	24737	-1
40	7030	1
1	3910	-1
28	28689	1
20	27764	1
48	26066	1
42	22352	-1
18	6639	-1
15	11751	1
20	18996	1
12	23031	-1
0	27943	-1
13	25049	1
25	29317	-1
3	4736	1
31	8859	-1
0	719	-1
20	18759	-1
45	8900	1
44	9504	-1
48	5446	-1
28	16841	1
20	27865	-1
5	4983	-1
10	15007	-1
22	12078	-1
46	2135	1
31	18428	-1
26	3779	-1
43	21351	1
24	12616	-1
37	14123	-1
45	9472	-1
42	5675	1
10	19336	1
48	6245	1
6	3789	1
10	12116	-1
27	28588	-1
29	17558	-1
23	10533	-1
21	14308	-1
48	6652	-1
42	10620	-1
34	21391	-1
23	10341	1
12	27980	1
26	4086	-1
48	13435	-1
48	28563	1
43	21792	1
43	16782	1
44	16185	1
48	17732	1
28	30628	1
5	21778	1
6	1122	1
35	7592	-1
2	103	-1
0	10177	1
34	166	-1
39	8885	1
34	9778	-1
49	10530	1
0	8840	1
6	5172	1
10	15496	1
32	24005	-1
8	11651	1
4	1969	1
43	22942	1
13	9357	1
21	2792	-1
4	11801	1
17	20798	-1
13	3865	1
6	20028	1
35	15709	1
35	9182	-1
20	26111	-1
19	25449	-1
43	18356	1
41	28166	-1
36	16834	1
35	26633	1
6	14593	1
42	28301	1
12	25254	1
32	16261	-1
2	1190	1
40	26753	1
21	9999	-1
14	13915	1
8	20808	-1
48	5694	1
36	4828	-1
46	31023	-1
9	2417	-1
9	16119	-1
47	24441	-1
47	10988	-1
1	18049	1
14	22678	-1
9	28757	-1
17	24259	-1
47	14559	-1
46	5671	1
45	4290	1
6	25222	1
7	21165	1
23	22203	1
2	28145	-1
22	31073	-1
0	8241	1
15	20997	-1
43	20621	1
48	4251	1
25	11466	1
40	22821	1
48	107	1
1	14539	-1
8	25225	1
28	520	1
20	19070	-1
7	19346	1
14	29188	1
30	7481	1
5	23627	-1
46	7863	1
48	4402	1
4	11710	1
21	15513	1
23	12158	-1
47	12057	-1
42	2426	-1
42	17955	1
45	16435	-1
42	15283	1
27	5257	-1
38	13518	-1
34	1551	-1
11	20735	-1
1	26873	1
35	12200	1
7	22430	1
8	23175	1
10	5578	1
7	20252	1
8	2874	1
1	11643	1
6	11093	1
28	8603	-1
13	30469	1
7	20135	1
20	1812	1
49	25239	1
26	9816	-1
8	24388	1
48	7169	1
15	19973	1
8	1201	1
47	24102	-1
46	7917	1
49	8003	1
23	17261	-1
18	8756	-1
7	29954	-1
13	21405	-1
43	25535	1
16	26783	-1
13	22612	-1
2	25272	-1
17	15245	-1
33	14972	-1
16	10584	-1
40	14282	-1
40	9494	-1
47	9127	-1
6	7466	1
15	2777	-1
9	22746	1
34	1281	-1
38	7716	-1
28	28497	-1
2	2319	1
17	26719	-1
7	12488	1
5	28227	1
36	11268	1
37	3571	-1
26	17635	-1
1	15020	1
35	10126	-1
22	12750	-1
40	20043	1
31	16690	-1
4	15920	1
42	30332	1
17	16583	1
5	240	1
8	11407	1
10	23101	-1
8	8049	1
30	25761	-1
16	5690	-1
7	24522	1
4	27629	1
26	2146	-1
44	11637	-1
6	11624	-1
2	21816	-1
13	3203	1
7	25394	-1
23	4740	1
22	19180	-1
29	30499	-1
7	10360	-1
32	2695	1
4	669	1
28	10280	1
42	12992	1
16	11860	1
30	17227	-1
14	25670	1
17	15364	1
24	29822	-1
31	3295	-1
23	24975	-1
43	21619	1
3	27645	-1
16	13750	-1
47	26931	-1
3	25738	1
48	17863	1
8	461	1
43	27824	1
28	1360	1
20	25043	1
8	18476	-1
44	23470	-1
44	9789	-1
9	30289	-1
7	12074	1
0	9168	-1
47	5449	-1
45	2725	1
31	9784	-1
3	29325	-1
23	25074	1
